name,category,sku,variantName,costPrice,sellingPrice,stockQuantity
Nusantara Beras 0001,Makanan,SKU-000001,5 kg,29484,34100,70
Nusantara Beras 0001,Makanan,SKU-000002,10 kg,64496,78500,188
Prima Minyak Goreng 0002,Minuman,SKU-000003,1 L,27168,36800,139
Prima Minyak Goreng 0002,Minuman,SKU-000004,2 L,23090,30600,8
Prima Minyak Goreng 0002,Minuman,SKU-000005,5 L,8111,9600,59
Sejahtera Gula 0003,Snack,SKU-000006,500 g,132775,176700,143
Maju Tepung 0004,Sembako,SKU-000007,500 g,52424,71500,179
Maju Tepung 0004,Sembako,SKU-000008,1 kg,143153,182600,114
Jaya Kopi 0005,Perawatan Diri,SKU-000009,100 g,73226,102000,1
Jaya Kopi 0005,Perawatan Diri,SKU-000010,200 g,42153,57300,87
Jaya Kopi 0005,Perawatan Diri,SKU-000011,500 g,73142,87500,195
Sentosa Teh 0006,Kebersihan,SKU-000012,25 sachet,88536,104500,97
Makmur Susu 0007,Elektronik,SKU-000013,200 ml,25653,32300,88
Makmur Susu 0007,Elektronik,SKU-000014,1 L,69642,97000,186
Fresh Air Mineral 0008,ATK,SKU-000015,330 ml,120735,158300,96
Fresh Air Mineral 0008,ATK,SKU-000016,600 ml,20956,27600,160
Fresh Air Mineral 0008,ATK,SKU-000017,1.5 L,95100,125800,180
Daily Mie Instan 0009,Rumah Tangga,SKU-000018,Original,18533,21600,58
Choice Biskuit 0010,Kesehatan,SKU-000019,50 g,76161,110100,59
Choice Biskuit 0010,Kesehatan,SKU-000020,100 g,26776,33800,116
Max Keripik 0011,Makanan,SKU-000021,50 g,95938,115000,90
Max Keripik 0011,Makanan,SKU-000022,100 g,55221,74600,179
Max Keripik 0011,Makanan,SKU-000023,250 g,19017,25300,43
Plus Saus 0012,Minuman,SKU-000024,135 ml,140321,192100,41
Nusantara Kecap 0013,Snack,SKU-000025,135 ml,121478,153500,163
Nusantara Kecap 0013,Snack,SKU-000026,275 ml,146301,177900,83
Prima Sabun Mandi 0014,Sembako,SKU-000027,70 g,14963,18200,8
Prima Sabun Mandi 0014,Sembako,SKU-000028,100 g,82994,105400,16
Prima Sabun Mandi 0014,Sembako,SKU-000029,250 g,55607,79200,145
Sejahtera Shampoo 0015,Perawatan Diri,SKU-000030,170 ml,82790,100500,127
Maju Pasta Gigi 0016,Kebersihan,SKU-000031,75 g,104012,147200,164
Maju Pasta Gigi 0016,Kebersihan,SKU-000032,120 g,120585,143800,35
Jaya Detergen 0017,Elektronik,SKU-000033,500 g,64951,89200,137
Jaya Detergen 0017,Elektronik,SKU-000034,1 kg,69176,95100,109
Jaya Detergen 0017,Elektronik,SKU-000035,2.5 kg,105000,132200,35
Sentosa Tisu 0018,ATK,SKU-000036,10 sheets,133869,173800,193
Makmur Pewangi 0019,Rumah Tangga,SKU-000037,250 ml,12651,17800,39
Makmur Pewangi 0019,Rumah Tangga,SKU-000038,450 ml,42238,58600,108
Fresh Pulpen 0020,Kesehatan,SKU-000039,0.5 mm,16953,21500,152
Fresh Pulpen 0020,Kesehatan,SKU-000040,0.7 mm,122996,161000,141
Fresh Pulpen 0020,Kesehatan,SKU-000041,1.0 mm,3309,4500,29
Daily Buku Tulis 0021,Makanan,SKU-000042,38 sheets,141063,194000,196
Choice Lampu LED 0022,Minuman,SKU-000043,5 W,89474,105900,111
Choice Lampu LED 0022,Minuman,SKU-000044,9 W,41760,53700,184
Max Baterai 0023,Snack,SKU-000045,AA,69345,100000,195
Max Baterai 0023,Snack,SKU-000046,AAA,47132,61400,27
Max Baterai 0023,Snack,SKU-000047,9V,78535,110100,129
Plus Kabel USB 0024,Sembako,SKU-000048,1 m,52443,62700,195
Nusantara Sapu 0025,Perawatan Diri,SKU-000049,Standard,42649,55900,199
Nusantara Sapu 0025,Perawatan Diri,SKU-000050,Premium,139329,198600,153
Prima Pel 0026,Kebersihan,SKU-000051,Standard,85275,110600,28
Prima Pel 0026,Kebersihan,SKU-000052,Microfiber,95453,134900,78
Prima Pel 0026,Kebersihan,SKU-000053,Spray,63070,73600,145
Sejahtera Spons 0027,Elektronik,SKU-000054,Small,20945,24600,124
Maju Vitamin 0028,ATK,SKU-000055,30 tablets,18443,26600,136
Maju Vitamin 0028,ATK,SKU-000056,60 tablets,33267,39500,121
Jaya Masker 0029,Rumah Tangga,SKU-000057,10 pcs,144427,173200,135
Jaya Masker 0029,Rumah Tangga,SKU-000058,25 pcs,111223,160100,138
Jaya Masker 0029,Rumah Tangga,SKU-000059,50 pcs,53030,72300,102
Sentosa Hand Sanitizer 0030,Kesehatan,SKU-000060,60 ml,98189,125800,132
Makmur Beras 0031,Makanan,SKU-000061,5 kg,118654,140800,57
Makmur Beras 0031,Makanan,SKU-000062,10 kg,17084,21400,150
Fresh Minyak Goreng 0032,Minuman,SKU-000063,1 L,145507,177400,56
Fresh Minyak Goreng 0032,Minuman,SKU-000064,2 L,2185,2600,161
Fresh Minyak Goreng 0032,Minuman,SKU-000065,5 L,15733,19200,8
Daily Gula 0033,Snack,SKU-000066,500 g,86919,101800,60
Choice Tepung 0034,Sembako,SKU-000067,500 g,73301,99000,54
Choice Tepung 0034,Sembako,SKU-000068,1 kg,141656,168500,146
Max Kopi 0035,Perawatan Diri,SKU-000069,100 g,124207,151900,121
Max Kopi 0035,Perawatan Diri,SKU-000070,200 g,107008,129200,24
Max Kopi 0035,Perawatan Diri,SKU-000071,500 g,113297,142300,105
Plus Teh 0036,Kebersihan,SKU-000072,25 sachet,122727,172900,13
Nusantara Susu 0037,Elektronik,SKU-000073,200 ml,26099,30500,186
Nusantara Susu 0037,Elektronik,SKU-000074,1 L,89246,124100,27
Prima Air Mineral 0038,ATK,SKU-000075,330 ml,65483,79100,137
Prima Air Mineral 0038,ATK,SKU-000076,600 ml,117901,140500,46
Prima Air Mineral 0038,ATK,SKU-000077,1.5 L,73318,94500,19
Sejahtera Mie Instan 0039,Rumah Tangga,SKU-000078,Original,116464,162200,140
Maju Biskuit 0040,Kesehatan,SKU-000079,50 g,25966,30300,138
Maju Biskuit 0040,Kesehatan,SKU-000080,100 g,4168,6000,192
Jaya Keripik 0041,Makanan,SKU-000081,50 g,62265,74700,124
Jaya Keripik 0041,Makanan,SKU-000082,100 g,126485,153600,102
Jaya Keripik 0041,Makanan,SKU-000083,250 g,15670,18800,0
Sentosa Saus 0042,Minuman,SKU-000084,135 ml,102646,126200,200
Makmur Kecap 0043,Snack,SKU-000085,135 ml,119577,147700,178
Makmur Kecap 0043,Snack,SKU-000086,275 ml,145991,196900,124
Fresh Sabun Mandi 0044,Sembako,SKU-000087,70 g,40879,49300,55
Fresh Sabun Mandi 0044,Sembako,SKU-000088,100 g,15631,20700,138
Fresh Sabun Mandi 0044,Sembako,SKU-000089,250 g,16279,22400,14
Daily Shampoo 0045,Perawatan Diri,SKU-000090,170 ml,13444,17800,128
Choice Pasta Gigi 0046,Kebersihan,SKU-000091,75 g,139531,167100,130
Choice Pasta Gigi 0046,Kebersihan,SKU-000092,120 g,21300,29900,17
Max Detergen 0047,Elektronik,SKU-000093,500 g,18115,24500,60
Max Detergen 0047,Elektronik,SKU-000094,1 kg,106147,125900,145
Max Detergen 0047,Elektronik,SKU-000095,2.5 kg,64843,85800,10
Plus Tisu 0048,ATK,SKU-000096,10 sheets,21791,27800,149
Nusantara Pewangi 0049,Rumah Tangga,SKU-000097,250 ml,148470,194000,66
Nusantara Pewangi 0049,Rumah Tangga,SKU-000098,450 ml,53845,72700,80
Prima Pulpen 0050,Kesehatan,SKU-000099,0.5 mm,62870,77300,33
Prima Pulpen 0050,Kesehatan,SKU-000100,0.7 mm,78942,101600,192
Prima Pulpen 0050,Kesehatan,SKU-000101,1.0 mm,19316,22300,159
Sejahtera Buku Tulis 0051,Makanan,SKU-000102,38 sheets,147885,214300,18
Maju Lampu LED 0052,Minuman,SKU-000103,5 W,141237,171500,67
Maju Lampu LED 0052,Minuman,SKU-000104,9 W,35022,50100,17
Jaya Baterai 0053,Snack,SKU-000105,AA,64337,81100,40
Jaya Baterai 0053,Snack,SKU-000106,AAA,115167,161200,180
Jaya Baterai 0053,Snack,SKU-000107,9V,79603,106200,167
Sentosa Kabel USB 0054,Sembako,SKU-000108,1 m,138958,160100,141
Makmur Sapu 0055,Perawatan Diri,SKU-000109,Standard,78780,112600,26
Makmur Sapu 0055,Perawatan Diri,SKU-000110,Premium,35503,43600,27
Fresh Pel 0056,Kebersihan,SKU-000111,Standard,145324,173900,72
Fresh Pel 0056,Kebersihan,SKU-000112,Microfiber,55515,75800,52
Fresh Pel 0056,Kebersihan,SKU-000113,Spray,69501,90500,64
Daily Spons 0057,Elektronik,SKU-000114,Small,13616,16000,108
Choice Vitamin 0058,ATK,SKU-000115,30 tablets,72830,84700,85
Choice Vitamin 0058,ATK,SKU-000116,60 tablets,34593,46400,67
Max Masker 0059,Rumah Tangga,SKU-000117,10 pcs,42657,58500,141
Max Masker 0059,Rumah Tangga,SKU-000118,25 pcs,112415,148200,28
Max Masker 0059,Rumah Tangga,SKU-000119,50 pcs,20024,28700,176
Plus Hand Sanitizer 0060,Kesehatan,SKU-000120,60 ml,39373,51700,94
Nusantara Beras 0061,Makanan,SKU-000121,5 kg,145141,173400,32
Nusantara Beras 0061,Makanan,SKU-000122,10 kg,11265,14000,10
Prima Minyak Goreng 0062,Minuman,SKU-000123,1 L,94097,114100,63
Prima Minyak Goreng 0062,Minuman,SKU-000124,2 L,27246,34200,143
Prima Minyak Goreng 0062,Minuman,SKU-000125,5 L,106829,154100,191
Sejahtera Gula 0063,Snack,SKU-000126,500 g,40815,58300,60
Maju Tepung 0064,Sembako,SKU-000127,500 g,42898,61900,45
Maju Tepung 0064,Sembako,SKU-000128,1 kg,108380,125400,188
Jaya Kopi 0065,Perawatan Diri,SKU-000129,100 g,87380,121000,105
Jaya Kopi 0065,Perawatan Diri,SKU-000130,200 g,65355,80400,179
Jaya Kopi 0065,Perawatan Diri,SKU-000131,500 g,28636,36200,9
Sentosa Teh 0066,Kebersihan,SKU-000132,25 sachet,123688,150500,117
Makmur Susu 0067,Elektronik,SKU-000133,200 ml,91960,114200,58
Makmur Susu 0067,Elektronik,SKU-000134,1 L,58738,68000,49
Fresh Air Mineral 0068,ATK,SKU-000135,330 ml,104755,130800,17
Fresh Air Mineral 0068,ATK,SKU-000136,600 ml,73470,92200,130
Fresh Air Mineral 0068,ATK,SKU-000137,1.5 L,105073,142300,137
Daily Mie Instan 0069,Rumah Tangga,SKU-000138,Original,87108,124700,29
Choice Biskuit 0070,Kesehatan,SKU-000139,50 g,68775,82800,67
Choice Biskuit 0070,Kesehatan,SKU-000140,100 g,10328,12200,111
Max Keripik 0071,Makanan,SKU-000141,50 g,90919,124400,80
Max Keripik 0071,Makanan,SKU-000142,100 g,114698,152800,130
Max Keripik 0071,Makanan,SKU-000143,250 g,30615,38700,147
Plus Saus 0072,Minuman,SKU-000144,135 ml,50128,61500,181
Nusantara Kecap 0073,Snack,SKU-000145,135 ml,114609,131900,137
Nusantara Kecap 0073,Snack,SKU-000146,275 ml,51951,65400,17
Prima Sabun Mandi 0074,Sembako,SKU-000147,70 g,86859,116100,169
Prima Sabun Mandi 0074,Sembako,SKU-000148,100 g,32969,45000,76
Prima Sabun Mandi 0074,Sembako,SKU-000149,250 g,133239,165600,104
Sejahtera Shampoo 0075,Perawatan Diri,SKU-000150,170 ml,85806,109000,75
Maju Pasta Gigi 0076,Kebersihan,SKU-000151,75 g,145635,173000,107
Maju Pasta Gigi 0076,Kebersihan,SKU-000152,120 g,99690,134900,44
Jaya Detergen 0077,Elektronik,SKU-000153,500 g,149487,185400,140
Jaya Detergen 0077,Elektronik,SKU-000154,1 kg,406,500,53
Jaya Detergen 0077,Elektronik,SKU-000155,2.5 kg,112992,156600,155
Sentosa Tisu 0078,ATK,SKU-000156,10 sheets,84775,109300,113
Makmur Pewangi 0079,Rumah Tangga,SKU-000157,250 ml,56320,73400,188
Makmur Pewangi 0079,Rumah Tangga,SKU-000158,450 ml,44783,60400,72
Fresh Pulpen 0080,Kesehatan,SKU-000159,0.5 mm,135422,182700,158
Fresh Pulpen 0080,Kesehatan,SKU-000160,0.7 mm,88167,103900,192
Fresh Pulpen 0080,Kesehatan,SKU-000161,1.0 mm,61869,83600,57
Daily Buku Tulis 0081,Makanan,SKU-000162,38 sheets,52500,62700,11
Choice Lampu LED 0082,Minuman,SKU-000163,5 W,64484,93200,156
Choice Lampu LED 0082,Minuman,SKU-000164,9 W,19391,24900,161
Max Baterai 0083,Snack,SKU-000165,AA,51270,70000,98
Max Baterai 0083,Snack,SKU-000166,AAA,129898,165000,37
Max Baterai 0083,Snack,SKU-000167,9V,1753,2500,197
Plus Kabel USB 0084,Sembako,SKU-000168,1 m,28241,39100,56
Nusantara Sapu 0085,Perawatan Diri,SKU-000169,Standard,46407,64600,178
Nusantara Sapu 0085,Perawatan Diri,SKU-000170,Premium,136079,175500,142
Prima Pel 0086,Kebersihan,SKU-000171,Standard,65625,93500,31
Prima Pel 0086,Kebersihan,SKU-000172,Microfiber,119958,142800,118
Prima Pel 0086,Kebersihan,SKU-000173,Spray,139533,201800,152
Sejahtera Spons 0087,Elektronik,SKU-000174,Small,83477,119800,113
Maju Vitamin 0088,ATK,SKU-000175,30 tablets,132624,169500,140
Maju Vitamin 0088,ATK,SKU-000176,60 tablets,117193,166300,190
Jaya Masker 0089,Rumah Tangga,SKU-000177,10 pcs,124733,160300,192
Jaya Masker 0089,Rumah Tangga,SKU-000178,25 pcs,65112,91300,70
Jaya Masker 0089,Rumah Tangga,SKU-000179,50 pcs,136955,177400,61
Sentosa Hand Sanitizer 0090,Kesehatan,SKU-000180,60 ml,72284,92700,182
Makmur Beras 0091,Makanan,SKU-000181,5 kg,75201,91800,85
Makmur Beras 0091,Makanan,SKU-000182,10 kg,84109,119300,20
Fresh Minyak Goreng 0092,Minuman,SKU-000183,1 L,36573,43700,98
Fresh Minyak Goreng 0092,Minuman,SKU-000184,2 L,40356,55000,16
Fresh Minyak Goreng 0092,Minuman,SKU-000185,5 L,109055,138700,138
Daily Gula 0093,Snack,SKU-000186,500 g,122439,156100,52
Choice Tepung 0094,Sembako,SKU-000187,500 g,110438,139900,197
Choice Tepung 0094,Sembako,SKU-000188,1 kg,5420,7600,195
Max Kopi 0095,Perawatan Diri,SKU-000189,100 g,100014,129300,90
Max Kopi 0095,Perawatan Diri,SKU-000190,200 g,78579,108100,107
Max Kopi 0095,Perawatan Diri,SKU-000191,500 g,141391,194300,139
Plus Teh 0096,Kebersihan,SKU-000192,25 sachet,58112,75300,69
Nusantara Susu 0097,Elektronik,SKU-000193,200 ml,114551,148400,99
Nusantara Susu 0097,Elektronik,SKU-000194,1 L,88414,119400,103
Prima Air Mineral 0098,ATK,SKU-000195,330 ml,43565,61100,32
Prima Air Mineral 0098,ATK,SKU-000196,600 ml,140317,162500,100
Prima Air Mineral 0098,ATK,SKU-000197,1.5 L,148251,200000,21
Sejahtera Mie Instan 0099,Rumah Tangga,SKU-000198,Original,112658,134100,118
Maju Biskuit 0100,Kesehatan,SKU-000199,50 g,47939,55900,97
Maju Biskuit 0100,Kesehatan,SKU-000200,100 g,86113,104500,83
Jaya Keripik 0101,Makanan,SKU-000201,50 g,88773,122400,97
Jaya Keripik 0101,Makanan,SKU-000202,100 g,73243,100800,107
Jaya Keripik 0101,Makanan,SKU-000203,250 g,66431,93000,120
Sentosa Saus 0102,Minuman,SKU-000204,135 ml,5381,7400,13
Makmur Kecap 0103,Snack,SKU-000205,135 ml,92040,112000,17
Makmur Kecap 0103,Snack,SKU-000206,275 ml,10853,14900,63
Fresh Sabun Mandi 0104,Sembako,SKU-000207,70 g,52561,73700,159
Fresh Sabun Mandi 0104,Sembako,SKU-000208,100 g,40246,49200,121
Fresh Sabun Mandi 0104,Sembako,SKU-000209,250 g,30286,40000,55
Daily Shampoo 0105,Perawatan Diri,SKU-000210,170 ml,122205,166200,196
Choice Pasta Gigi 0106,Kebersihan,SKU-000211,75 g,97003,116400,155
Choice Pasta Gigi 0106,Kebersihan,SKU-000212,120 g,30324,41900,41
Max Detergen 0107,Elektronik,SKU-000213,500 g,81836,96800,6
Max Detergen 0107,Elektronik,SKU-000214,1 kg,82077,108600,96
Max Detergen 0107,Elektronik,SKU-000215,2.5 kg,104280,149400,50
Plus Tisu 0108,ATK,SKU-000216,10 sheets,20222,26800,160
Nusantara Pewangi 0109,Rumah Tangga,SKU-000217,250 ml,63961,75500,197
Nusantara Pewangi 0109,Rumah Tangga,SKU-000218,450 ml,79358,111500,153
Prima Pulpen 0110,Kesehatan,SKU-000219,0.5 mm,32033,44500,144
Prima Pulpen 0110,Kesehatan,SKU-000220,0.7 mm,11066,13900,109
Prima Pulpen 0110,Kesehatan,SKU-000221,1.0 mm,97442,114100,165
Sejahtera Buku Tulis 0111,Makanan,SKU-000222,38 sheets,89751,103600,107
Maju Lampu LED 0112,Minuman,SKU-000223,5 W,128803,152200,92
Maju Lampu LED 0112,Minuman,SKU-000224,9 W,120817,164600,111
Jaya Baterai 0113,Snack,SKU-000225,AA,46473,63700,166
Jaya Baterai 0113,Snack,SKU-000226,AAA,71100,94900,137
Jaya Baterai 0113,Snack,SKU-000227,9V,127045,163800,187
Sentosa Kabel USB 0114,Sembako,SKU-000228,1 m,70658,88100,62
Makmur Sapu 0115,Perawatan Diri,SKU-000229,Standard,23018,28400,115
Makmur Sapu 0115,Perawatan Diri,SKU-000230,Premium,64227,88300,145
Fresh Pel 0116,Kebersihan,SKU-000231,Standard,99649,124700,126
Fresh Pel 0116,Kebersihan,SKU-000232,Microfiber,85500,103000,54
Fresh Pel 0116,Kebersihan,SKU-000233,Spray,93315,129600,87
Daily Spons 0117,Elektronik,SKU-000234,Small,73610,104100,179
Choice Vitamin 0118,ATK,SKU-000235,30 tablets,72722,95800,132
Choice Vitamin 0118,ATK,SKU-000236,60 tablets,50384,59200,184
Max Masker 0119,Rumah Tangga,SKU-000237,10 pcs,106842,138500,194
Max Masker 0119,Rumah Tangga,SKU-000238,25 pcs,63299,85900,165
Max Masker 0119,Rumah Tangga,SKU-000239,50 pcs,128965,165600,4
Plus Hand Sanitizer 0120,Kesehatan,SKU-000240,60 ml,24693,30600,103
Nusantara Beras 0121,Makanan,SKU-000241,5 kg,64080,79600,148
Nusantara Beras 0121,Makanan,SKU-000242,10 kg,97036,125400,135
Prima Minyak Goreng 0122,Minuman,SKU-000243,1 L,90413,115500,190
Prima Minyak Goreng 0122,Minuman,SKU-000244,2 L,144581,180600,179
Prima Minyak Goreng 0122,Minuman,SKU-000245,5 L,119246,146800,64
Sejahtera Gula 0123,Snack,SKU-000246,500 g,60734,72000,49
Maju Tepung 0124,Sembako,SKU-000247,500 g,83019,98400,137
Maju Tepung 0124,Sembako,SKU-000248,1 kg,48835,59000,189
Jaya Kopi 0125,Perawatan Diri,SKU-000249,100 g,127229,156900,150
Jaya Kopi 0125,Perawatan Diri,SKU-000250,200 g,137830,183200,25
Jaya Kopi 0125,Perawatan Diri,SKU-000251,500 g,51186,63400,92
Sentosa Teh 0126,Kebersihan,SKU-000252,25 sachet,47339,58700,181
Makmur Susu 0127,Elektronik,SKU-000253,200 ml,140320,166700,11
Makmur Susu 0127,Elektronik,SKU-000254,1 L,14593,19200,178
Fresh Air Mineral 0128,ATK,SKU-000255,330 ml,33403,44800,192
Fresh Air Mineral 0128,ATK,SKU-000256,600 ml,128980,152300,3
Fresh Air Mineral 0128,ATK,SKU-000257,1.5 L,74837,96600,112
Daily Mie Instan 0129,Rumah Tangga,SKU-000258,Original,89614,108000,13
Choice Biskuit 0130,Kesehatan,SKU-000259,50 g,66485,95200,122
Choice Biskuit 0130,Kesehatan,SKU-000260,100 g,30207,42200,102
Max Keripik 0131,Makanan,SKU-000261,50 g,129208,151500,161
Max Keripik 0131,Makanan,SKU-000262,100 g,14353,17200,144
Max Keripik 0131,Makanan,SKU-000263,250 g,79948,94000,63
Plus Saus 0132,Minuman,SKU-000264,135 ml,31351,41300,106
Nusantara Kecap 0133,Snack,SKU-000265,135 ml,59462,82200,97
Nusantara Kecap 0133,Snack,SKU-000266,275 ml,118399,168400,76
Prima Sabun Mandi 0134,Sembako,SKU-000267,70 g,112715,139900,158
Prima Sabun Mandi 0134,Sembako,SKU-000268,100 g,16089,21400,189
Prima Sabun Mandi 0134,Sembako,SKU-000269,250 g,26313,37700,53
Sejahtera Shampoo 0135,Perawatan Diri,SKU-000270,170 ml,55618,68400,20
Maju Pasta Gigi 0136,Kebersihan,SKU-000271,75 g,41471,50700,141
Maju Pasta Gigi 0136,Kebersihan,SKU-000272,120 g,19977,23900,104
Jaya Detergen 0137,Elektronik,SKU-000273,500 g,118396,160600,120
Jaya Detergen 0137,Elektronik,SKU-000274,1 kg,76651,88900,73
Jaya Detergen 0137,Elektronik,SKU-000275,2.5 kg,74412,101300,116
Sentosa Tisu 0138,ATK,SKU-000276,10 sheets,18959,25700,67
Makmur Pewangi 0139,Rumah Tangga,SKU-000277,250 ml,52157,66600,139
Makmur Pewangi 0139,Rumah Tangga,SKU-000278,450 ml,59232,79600,68
Fresh Pulpen 0140,Kesehatan,SKU-000279,0.5 mm,37586,44000,42
Fresh Pulpen 0140,Kesehatan,SKU-000280,0.7 mm,80938,107500,145
Fresh Pulpen 0140,Kesehatan,SKU-000281,1.0 mm,75957,97400,119
Daily Buku Tulis 0141,Makanan,SKU-000282,38 sheets,80015,108800,69
Choice Lampu LED 0142,Minuman,SKU-000283,5 W,131495,172500,112
Choice Lampu LED 0142,Minuman,SKU-000284,9 W,21387,28400,110
Max Baterai 0143,Snack,SKU-000285,AA,84794,112900,6
Max Baterai 0143,Snack,SKU-000286,AAA,24240,29500,172
Max Baterai 0143,Snack,SKU-000287,9V,5738,8300,172
Plus Kabel USB 0144,Sembako,SKU-000288,1 m,70950,93900,195
Nusantara Sapu 0145,Perawatan Diri,SKU-000289,Standard,46225,59700,166
Nusantara Sapu 0145,Perawatan Diri,SKU-000290,Premium,116227,165600,46
Prima Pel 0146,Kebersihan,SKU-000291,Standard,114564,153600,125
Prima Pel 0146,Kebersihan,SKU-000292,Microfiber,24218,31300,104
Prima Pel 0146,Kebersihan,SKU-000293,Spray,87674,109300,26
Sejahtera Spons 0147,Elektronik,SKU-000294,Small,42459,53000,177
Maju Vitamin 0148,ATK,SKU-000295,30 tablets,130184,161000,102
Maju Vitamin 0148,ATK,SKU-000296,60 tablets,144504,167800,22
Jaya Masker 0149,Rumah Tangga,SKU-000297,10 pcs,82748,101400,29
Jaya Masker 0149,Rumah Tangga,SKU-000298,25 pcs,106252,149800,0
Jaya Masker 0149,Rumah Tangga,SKU-000299,50 pcs,142537,183700,13
Sentosa Hand Sanitizer 0150,Kesehatan,SKU-000300,60 ml,49473,64600,159
Makmur Beras 0151,Makanan,SKU-000301,5 kg,130976,175200,194
Makmur Beras 0151,Makanan,SKU-000302,10 kg,13829,16700,140
Fresh Minyak Goreng 0152,Minuman,SKU-000303,1 L,34644,49500,112
Fresh Minyak Goreng 0152,Minuman,SKU-000304,2 L,127364,151100,161
Fresh Minyak Goreng 0152,Minuman,SKU-000305,5 L,63030,85900,79
Daily Gula 0153,Snack,SKU-000306,500 g,144699,167000,104
Choice Tepung 0154,Sembako,SKU-000307,500 g,24734,30100,29
Choice Tepung 0154,Sembako,SKU-000308,1 kg,121265,173900,165
Max Kopi 0155,Perawatan Diri,SKU-000309,100 g,40662,52800,183
Max Kopi 0155,Perawatan Diri,SKU-000310,200 g,76809,100100,69
Max Kopi 0155,Perawatan Diri,SKU-000311,500 g,109218,153000,120
Plus Teh 0156,Kebersihan,SKU-000312,25 sachet,64192,82600,37
Nusantara Susu 0157,Elektronik,SKU-000313,200 ml,100854,121700,153
Nusantara Susu 0157,Elektronik,SKU-000314,1 L,133532,183500,34
Prima Air Mineral 0158,ATK,SKU-000315,330 ml,18600,22900,106
Prima Air Mineral 0158,ATK,SKU-000316,600 ml,89396,127900,129
Prima Air Mineral 0158,ATK,SKU-000317,1.5 L,70337,98200,72
Sejahtera Mie Instan 0159,Rumah Tangga,SKU-000318,Original,78564,110100,148
Maju Biskuit 0160,Kesehatan,SKU-000319,50 g,128656,181400,114
Maju Biskuit 0160,Kesehatan,SKU-000320,100 g,141485,183300,85
Jaya Keripik 0161,Makanan,SKU-000321,50 g,144981,199900,96
Jaya Keripik 0161,Makanan,SKU-000322,100 g,119665,171100,48
Jaya Keripik 0161,Makanan,SKU-000323,250 g,62901,83100,59
Sentosa Saus 0162,Minuman,SKU-000324,135 ml,107982,125600,190
Makmur Kecap 0163,Snack,SKU-000325,135 ml,124287,169200,97
Makmur Kecap 0163,Snack,SKU-000326,275 ml,101508,146800,166
Fresh Sabun Mandi 0164,Sembako,SKU-000327,70 g,40173,52200,9
Fresh Sabun Mandi 0164,Sembako,SKU-000328,100 g,33394,43400,151
Fresh Sabun Mandi 0164,Sembako,SKU-000329,250 g,87330,123200,112
Daily Shampoo 0165,Perawatan Diri,SKU-000330,170 ml,26438,34600,116
Choice Pasta Gigi 0166,Kebersihan,SKU-000331,75 g,4323,5900,104
Choice Pasta Gigi 0166,Kebersihan,SKU-000332,120 g,40764,47800,200
Max Detergen 0167,Elektronik,SKU-000333,500 g,69774,87300,177
Max Detergen 0167,Elektronik,SKU-000334,1 kg,104497,140500,84
Max Detergen 0167,Elektronik,SKU-000335,2.5 kg,140185,177200,81
Plus Tisu 0168,ATK,SKU-000336,10 sheets,128212,181000,9
Nusantara Pewangi 0169,Rumah Tangga,SKU-000337,250 ml,18236,22300,175
Nusantara Pewangi 0169,Rumah Tangga,SKU-000338,450 ml,75634,109600,191
Prima Pulpen 0170,Kesehatan,SKU-000339,0.5 mm,23992,30700,25
Prima Pulpen 0170,Kesehatan,SKU-000340,0.7 mm,26647,34200,177
Prima Pulpen 0170,Kesehatan,SKU-000341,1.0 mm,78803,112000,11
Sejahtera Buku Tulis 0171,Makanan,SKU-000342,38 sheets,85332,118500,75
Maju Lampu LED 0172,Minuman,SKU-000343,5 W,94269,119000,37
Maju Lampu LED 0172,Minuman,SKU-000344,9 W,64314,84200,144
Jaya Baterai 0173,Snack,SKU-000345,AA,47500,57000,20
Jaya Baterai 0173,Snack,SKU-000346,AAA,100581,134400,61
Jaya Baterai 0173,Snack,SKU-000347,9V,130760,186200,36
Sentosa Kabel USB 0174,Sembako,SKU-000348,1 m,61166,78800,65
Makmur Sapu 0175,Perawatan Diri,SKU-000349,Standard,120773,148100,2
Makmur Sapu 0175,Perawatan Diri,SKU-000350,Premium,122263,173700,173
Fresh Pel 0176,Kebersihan,SKU-000351,Standard,143587,171900,113
Fresh Pel 0176,Kebersihan,SKU-000352,Microfiber,90887,131400,76
Fresh Pel 0176,Kebersihan,SKU-000353,Spray,111530,151400,116
Daily Spons 0177,Elektronik,SKU-000354,Small,79499,96200,98
Choice Vitamin 0178,ATK,SKU-000355,30 tablets,126970,150100,97
Choice Vitamin 0178,ATK,SKU-000356,60 tablets,94398,124800,179
Max Masker 0179,Rumah Tangga,SKU-000357,10 pcs,77692,89900,168
Max Masker 0179,Rumah Tangga,SKU-000358,25 pcs,104058,128200,144
Max Masker 0179,Rumah Tangga,SKU-000359,50 pcs,13156,18700,190
Plus Hand Sanitizer 0180,Kesehatan,SKU-000360,60 ml,130514,182700,73
Nusantara Beras 0181,Makanan,SKU-000361,5 kg,60624,80800,90
Nusantara Beras 0181,Makanan,SKU-000362,10 kg,57710,77400,158
Prima Minyak Goreng 0182,Minuman,SKU-000363,1 L,66000,89300,184
Prima Minyak Goreng 0182,Minuman,SKU-000364,2 L,36155,48400,160
Prima Minyak Goreng 0182,Minuman,SKU-000365,5 L,10634,13200,112
Sejahtera Gula 0183,Snack,SKU-000366,500 g,9046,12000,187
Maju Tepung 0184,Sembako,SKU-000367,500 g,34748,40900,75
Maju Tepung 0184,Sembako,SKU-000368,1 kg,85947,118100,44
Jaya Kopi 0185,Perawatan Diri,SKU-000369,100 g,52937,63000,138
Jaya Kopi 0185,Perawatan Diri,SKU-000370,200 g,96207,126000,69
Jaya Kopi 0185,Perawatan Diri,SKU-000371,500 g,43434,53300,123
Sentosa Teh 0186,Kebersihan,SKU-000372,25 sachet,77669,106700,86
Makmur Susu 0187,Elektronik,SKU-000373,200 ml,30491,39300,19
Makmur Susu 0187,Elektronik,SKU-000374,1 L,37198,51200,57
Fresh Air Mineral 0188,ATK,SKU-000375,330 ml,104479,150500,142
Fresh Air Mineral 0188,ATK,SKU-000376,600 ml,96185,113200,101
Fresh Air Mineral 0188,ATK,SKU-000377,1.5 L,3948,4900,31
Daily Mie Instan 0189,Rumah Tangga,SKU-000378,Original,119519,150700,191
Choice Biskuit 0190,Kesehatan,SKU-000379,50 g,69024,91500,163
Choice Biskuit 0190,Kesehatan,SKU-000380,100 g,97679,115500,59
Max Keripik 0191,Makanan,SKU-000381,50 g,123894,143400,143
Max Keripik 0191,Makanan,SKU-000382,100 g,86284,122900,56
Max Keripik 0191,Makanan,SKU-000383,250 g,16871,22600,118
Plus Saus 0192,Minuman,SKU-000384,135 ml,79517,106900,29
Nusantara Kecap 0193,Snack,SKU-000385,135 ml,36941,43000,9
Nusantara Kecap 0193,Snack,SKU-000386,275 ml,80087,116000,29
Prima Sabun Mandi 0194,Sembako,SKU-000387,70 g,25778,31500,137
Prima Sabun Mandi 0194,Sembako,SKU-000388,100 g,35863,45400,94
Prima Sabun Mandi 0194,Sembako,SKU-000389,250 g,141908,181000,190
Sejahtera Shampoo 0195,Perawatan Diri,SKU-000390,170 ml,40807,57800,167
Maju Pasta Gigi 0196,Kebersihan,SKU-000391,75 g,26257,36800,157
Maju Pasta Gigi 0196,Kebersihan,SKU-000392,120 g,107285,153600,71
Jaya Detergen 0197,Elektronik,SKU-000393,500 g,8876,12000,55
Jaya Detergen 0197,Elektronik,SKU-000394,1 kg,116530,149600,60
Jaya Detergen 0197,Elektronik,SKU-000395,2.5 kg,95375,112500,175
Sentosa Tisu 0198,ATK,SKU-000396,10 sheets,96594,126900,165
Makmur Pewangi 0199,Rumah Tangga,SKU-000397,250 ml,94324,110200,70
Makmur Pewangi 0199,Rumah Tangga,SKU-000398,450 ml,50057,72100,116
Fresh Pulpen 0200,Kesehatan,SKU-000399,0.5 mm,24331,32800,164
Fresh Pulpen 0200,Kesehatan,SKU-000400,0.7 mm,5898,6900,85
Fresh Pulpen 0200,Kesehatan,SKU-000401,1.0 mm,64150,92800,144
Daily Buku Tulis 0201,Makanan,SKU-000402,38 sheets,54093,63300,195
Choice Lampu LED 0202,Minuman,SKU-000403,5 W,145582,176500,55
Choice Lampu LED 0202,Minuman,SKU-000404,9 W,61379,76600,37
Max Baterai 0203,Snack,SKU-000405,AA,1043,1300,37
Max Baterai 0203,Snack,SKU-000406,AAA,34376,45100,44
Max Baterai 0203,Snack,SKU-000407,9V,29116,39300,6
Plus Kabel USB 0204,Sembako,SKU-000408,1 m,34851,40200,60
Nusantara Sapu 0205,Perawatan Diri,SKU-000409,Standard,85174,98400,67
Nusantara Sapu 0205,Perawatan Diri,SKU-000410,Premium,14036,16700,107
Prima Pel 0206,Kebersihan,SKU-000411,Standard,138210,163700,16
Prima Pel 0206,Kebersihan,SKU-000412,Microfiber,125145,160700,92
Prima Pel 0206,Kebersihan,SKU-000413,Spray,134842,179100,115
Sejahtera Spons 0207,Elektronik,SKU-000414,Small,132378,161000,157
Maju Vitamin 0208,ATK,SKU-000415,30 tablets,11667,16000,168
Maju Vitamin 0208,ATK,SKU-000416,60 tablets,136995,169900,164
Jaya Masker 0209,Rumah Tangga,SKU-000417,10 pcs,8465,9900,122
Jaya Masker 0209,Rumah Tangga,SKU-000418,25 pcs,105581,134900,27
Jaya Masker 0209,Rumah Tangga,SKU-000419,50 pcs,128821,175700,113
Sentosa Hand Sanitizer 0210,Kesehatan,SKU-000420,60 ml,19565,27800,82
Makmur Beras 0211,Makanan,SKU-000421,5 kg,39184,45800,70
Makmur Beras 0211,Makanan,SKU-000422,10 kg,144048,196400,97
Fresh Minyak Goreng 0212,Minuman,SKU-000423,1 L,139382,172600,129
Fresh Minyak Goreng 0212,Minuman,SKU-000424,2 L,113074,133400,179
Fresh Minyak Goreng 0212,Minuman,SKU-000425,5 L,30292,42600,166
Daily Gula 0213,Snack,SKU-000426,500 g,144829,197900,55
Choice Tepung 0214,Sembako,SKU-000427,500 g,113040,145300,58
Choice Tepung 0214,Sembako,SKU-000428,1 kg,108778,136200,116
Max Kopi 0215,Perawatan Diri,SKU-000429,100 g,104824,133600,24
Max Kopi 0215,Perawatan Diri,SKU-000430,200 g,82232,105100,170
Max Kopi 0215,Perawatan Diri,SKU-000431,500 g,67117,84700,39
Plus Teh 0216,Kebersihan,SKU-000432,25 sachet,124626,145800,21
Nusantara Susu 0217,Elektronik,SKU-000433,200 ml,24739,31700,190
Nusantara Susu 0217,Elektronik,SKU-000434,1 L,97987,136500,142
Prima Air Mineral 0218,ATK,SKU-000435,330 ml,16023,21200,143
Prima Air Mineral 0218,ATK,SKU-000436,600 ml,147541,184300,31
Prima Air Mineral 0218,ATK,SKU-000437,1.5 L,107991,135600,170
Sejahtera Mie Instan 0219,Rumah Tangga,SKU-000438,Original,111170,156800,184
Maju Biskuit 0220,Kesehatan,SKU-000439,50 g,13786,19900,153
Maju Biskuit 0220,Kesehatan,SKU-000440,100 g,82206,103200,147
Jaya Keripik 0221,Makanan,SKU-000441,50 g,133315,161800,168
Jaya Keripik 0221,Makanan,SKU-000442,100 g,126703,154200,27
Jaya Keripik 0221,Makanan,SKU-000443,250 g,92080,129200,94
Sentosa Saus 0222,Minuman,SKU-000444,135 ml,30416,41900,146
Makmur Kecap 0223,Snack,SKU-000445,135 ml,59586,83000,143
Makmur Kecap 0223,Snack,SKU-000446,275 ml,146245,169300,168
Fresh Sabun Mandi 0224,Sembako,SKU-000447,70 g,70409,81600,69
Fresh Sabun Mandi 0224,Sembako,SKU-000448,100 g,81298,116000,89
Fresh Sabun Mandi 0224,Sembako,SKU-000449,250 g,1900,2300,36
Daily Shampoo 0225,Perawatan Diri,SKU-000450,170 ml,148757,200400,17
Choice Pasta Gigi 0226,Kebersihan,SKU-000451,75 g,37491,51400,7
Choice Pasta Gigi 0226,Kebersihan,SKU-000452,120 g,24353,33500,55
Max Detergen 0227,Elektronik,SKU-000453,500 g,98917,126200,87
Max Detergen 0227,Elektronik,SKU-000454,1 kg,41563,52400,184
Max Detergen 0227,Elektronik,SKU-000455,2.5 kg,85335,118000,145
Plus Tisu 0228,ATK,SKU-000456,10 sheets,22570,31900,39
Nusantara Pewangi 0229,Rumah Tangga,SKU-000457,250 ml,41564,57200,12
Nusantara Pewangi 0229,Rumah Tangga,SKU-000458,450 ml,21686,26700,169
Prima Pulpen 0230,Kesehatan,SKU-000459,0.5 mm,111452,144400,113
Prima Pulpen 0230,Kesehatan,SKU-000460,0.7 mm,108875,134100,193
Prima Pulpen 0230,Kesehatan,SKU-000461,1.0 mm,134608,159400,110
Sejahtera Buku Tulis 0231,Makanan,SKU-000462,38 sheets,29369,36300,173
Maju Lampu LED 0232,Minuman,SKU-000463,5 W,127867,167300,78
Maju Lampu LED 0232,Minuman,SKU-000464,9 W,12205,14800,153
Jaya Baterai 0233,Snack,SKU-000465,AA,14660,16900,77
Jaya Baterai 0233,Snack,SKU-000466,AAA,55673,76800,195
Jaya Baterai 0233,Snack,SKU-000467,9V,67282,83200,30
Sentosa Kabel USB 0234,Sembako,SKU-000468,1 m,2326,3000,110
Makmur Sapu 0235,Perawatan Diri,SKU-000469,Standard,46357,55100,136
Makmur Sapu 0235,Perawatan Diri,SKU-000470,Premium,60622,78800,171
Fresh Pel 0236,Kebersihan,SKU-000471,Standard,93142,109100,189
Fresh Pel 0236,Kebersihan,SKU-000472,Microfiber,11389,14600,117
Fresh Pel 0236,Kebersihan,SKU-000473,Spray,20711,29200,147
Daily Spons 0237,Elektronik,SKU-000474,Small,112834,149200,181
Choice Vitamin 0238,ATK,SKU-000475,30 tablets,109795,135800,103
Choice Vitamin 0238,ATK,SKU-000476,60 tablets,5767,8300,43
Max Masker 0239,Rumah Tangga,SKU-000477,10 pcs,120911,169200,92
Max Masker 0239,Rumah Tangga,SKU-000478,25 pcs,23402,30000,27
Max Masker 0239,Rumah Tangga,SKU-000479,50 pcs,64083,82100,102
Plus Hand Sanitizer 0240,Kesehatan,SKU-000480,60 ml,137653,161500,79
Nusantara Beras 0241,Makanan,SKU-000481,5 kg,89301,108600,199
Nusantara Beras 0241,Makanan,SKU-000482,10 kg,44374,52000,162
Prima Minyak Goreng 0242,Minuman,SKU-000483,1 L,30191,39500,49
Prima Minyak Goreng 0242,Minuman,SKU-000484,2 L,91886,115300,165
Prima Minyak Goreng 0242,Minuman,SKU-000485,5 L,39016,47600,37
Sejahtera Gula 0243,Snack,SKU-000486,500 g,67400,81500,154
Maju Tepung 0244,Sembako,SKU-000487,500 g,40373,55600,167
Maju Tepung 0244,Sembako,SKU-000488,1 kg,20053,24100,197
Jaya Kopi 0245,Perawatan Diri,SKU-000489,100 g,129829,167400,144
Jaya Kopi 0245,Perawatan Diri,SKU-000490,200 g,117977,159800,144
Jaya Kopi 0245,Perawatan Diri,SKU-000491,500 g,85027,119800,160
Sentosa Teh 0246,Kebersihan,SKU-000492,25 sachet,83173,99400,17
Makmur Susu 0247,Elektronik,SKU-000493,200 ml,123224,158100,77
Makmur Susu 0247,Elektronik,SKU-000494,1 L,72304,96000,90
Fresh Air Mineral 0248,ATK,SKU-000495,330 ml,133295,156300,118
Fresh Air Mineral 0248,ATK,SKU-000496,600 ml,118766,137900,94
Fresh Air Mineral 0248,ATK,SKU-000497,1.5 L,75555,88600,23
Daily Mie Instan 0249,Rumah Tangga,SKU-000498,Original,133224,168600,148
Choice Biskuit 0250,Kesehatan,SKU-000499,50 g,145610,209100,189
Choice Biskuit 0250,Kesehatan,SKU-000500,100 g,11053,14200,146
Max Keripik 0251,Makanan,SKU-000501,50 g,49645,61900,121
Max Keripik 0251,Makanan,SKU-000502,100 g,131730,157500,15
Max Keripik 0251,Makanan,SKU-000503,250 g,118401,139800,87
Plus Saus 0252,Minuman,SKU-000504,135 ml,22406,29200,44
Nusantara Kecap 0253,Snack,SKU-000505,135 ml,10560,12900,112
Nusantara Kecap 0253,Snack,SKU-000506,275 ml,115491,151000,156
Prima Sabun Mandi 0254,Sembako,SKU-000507,70 g,41914,52800,72
Prima Sabun Mandi 0254,Sembako,SKU-000508,100 g,101858,129600,86
Prima Sabun Mandi 0254,Sembako,SKU-000509,250 g,14027,19500,165
Sejahtera Shampoo 0255,Perawatan Diri,SKU-000510,170 ml,88026,103000,24
Maju Pasta Gigi 0256,Kebersihan,SKU-000511,75 g,146566,198400,72
Maju Pasta Gigi 0256,Kebersihan,SKU-000512,120 g,66359,90700,168
Jaya Detergen 0257,Elektronik,SKU-000513,500 g,39719,49600,149
Jaya Detergen 0257,Elektronik,SKU-000514,1 kg,37374,53300,79
Jaya Detergen 0257,Elektronik,SKU-000515,2.5 kg,103049,122500,181
Sentosa Tisu 0258,ATK,SKU-000516,10 sheets,22508,28000,96
Makmur Pewangi 0259,Rumah Tangga,SKU-000517,250 ml,86408,120400,171
Makmur Pewangi 0259,Rumah Tangga,SKU-000518,450 ml,138290,162900,171
Fresh Pulpen 0260,Kesehatan,SKU-000519,0.5 mm,111293,145000,4
Fresh Pulpen 0260,Kesehatan,SKU-000520,0.7 mm,95352,118500,54
Fresh Pulpen 0260,Kesehatan,SKU-000521,1.0 mm,89883,128900,124
Daily Buku Tulis 0261,Makanan,SKU-000522,38 sheets,50633,61700,35
Choice Lampu LED 0262,Minuman,SKU-000523,5 W,40917,48000,25
Choice Lampu LED 0262,Minuman,SKU-000524,9 W,133387,184200,189
Max Baterai 0263,Snack,SKU-000525,AA,138327,160600,86
Max Baterai 0263,Snack,SKU-000526,AAA,34653,46100,39
Max Baterai 0263,Snack,SKU-000527,9V,42832,51600,177
Plus Kabel USB 0264,Sembako,SKU-000528,1 m,43695,59700,11
Nusantara Sapu 0265,Perawatan Diri,SKU-000529,Standard,108004,136000,184
Nusantara Sapu 0265,Perawatan Diri,SKU-000530,Premium,62567,90200,156
Prima Pel 0266,Kebersihan,SKU-000531,Standard,74992,103200,200
Prima Pel 0266,Kebersihan,SKU-000532,Microfiber,117983,144000,61
Prima Pel 0266,Kebersihan,SKU-000533,Spray,81425,117200,200
Sejahtera Spons 0267,Elektronik,SKU-000534,Small,123249,175200,49
Maju Vitamin 0268,ATK,SKU-000535,30 tablets,96727,130900,146
Maju Vitamin 0268,ATK,SKU-000536,60 tablets,115799,149200,72
Jaya Masker 0269,Rumah Tangga,SKU-000537,10 pcs,100405,130600,107
Jaya Masker 0269,Rumah Tangga,SKU-000538,25 pcs,42782,59700,154
Jaya Masker 0269,Rumah Tangga,SKU-000539,50 pcs,36580,51600,13
Sentosa Hand Sanitizer 0270,Kesehatan,SKU-000540,60 ml,126283,178300,141
Makmur Beras 0271,Makanan,SKU-000541,5 kg,27193,37100,132
Makmur Beras 0271,Makanan,SKU-000542,10 kg,32983,40800,195
Fresh Minyak Goreng 0272,Minuman,SKU-000543,1 L,42324,52100,131
Fresh Minyak Goreng 0272,Minuman,SKU-000544,2 L,38926,54500,23
Fresh Minyak Goreng 0272,Minuman,SKU-000545,5 L,58505,81600,89
Daily Gula 0273,Snack,SKU-000546,500 g,7291,9300,101
Choice Tepung 0274,Sembako,SKU-000547,500 g,131898,166500,98
Choice Tepung 0274,Sembako,SKU-000548,1 kg,21692,27400,7
Max Kopi 0275,Perawatan Diri,SKU-000549,100 g,83841,119800,182
Max Kopi 0275,Perawatan Diri,SKU-000550,200 g,88194,122400,35
Max Kopi 0275,Perawatan Diri,SKU-000551,500 g,10340,12800,120
Plus Teh 0276,Kebersihan,SKU-000552,25 sachet,36683,50500,120
Nusantara Susu 0277,Elektronik,SKU-000553,200 ml,117898,157300,20
Nusantara Susu 0277,Elektronik,SKU-000554,1 L,5281,6500,38
Prima Air Mineral 0278,ATK,SKU-000555,330 ml,144165,206500,155
Prima Air Mineral 0278,ATK,SKU-000556,600 ml,138652,177100,198
Prima Air Mineral 0278,ATK,SKU-000557,1.5 L,75824,92600,31
Sejahtera Mie Instan 0279,Rumah Tangga,SKU-000558,Original,12817,15700,163
Maju Biskuit 0280,Kesehatan,SKU-000559,50 g,120129,140400,127
Maju Biskuit 0280,Kesehatan,SKU-000560,100 g,140823,162600,131
Jaya Keripik 0281,Makanan,SKU-000561,50 g,63722,87000,74
Jaya Keripik 0281,Makanan,SKU-000562,100 g,112822,129800,90
Jaya Keripik 0281,Makanan,SKU-000563,250 g,63362,83700,47
Sentosa Saus 0282,Minuman,SKU-000564,135 ml,22743,29700,92
Makmur Kecap 0283,Snack,SKU-000565,135 ml,18041,25900,139
Makmur Kecap 0283,Snack,SKU-000566,275 ml,133292,184700,129
Fresh Sabun Mandi 0284,Sembako,SKU-000567,70 g,145567,168300,120
Fresh Sabun Mandi 0284,Sembako,SKU-000568,100 g,11712,15700,95
Fresh Sabun Mandi 0284,Sembako,SKU-000569,250 g,66792,91800,91
Daily Shampoo 0285,Perawatan Diri,SKU-000570,170 ml,18010,22600,187
Choice Pasta Gigi 0286,Kebersihan,SKU-000571,75 g,27474,38000,188
Choice Pasta Gigi 0286,Kebersihan,SKU-000572,120 g,87467,104100,90
Max Detergen 0287,Elektronik,SKU-000573,500 g,143434,179500,164
Max Detergen 0287,Elektronik,SKU-000574,1 kg,46198,64600,175
Max Detergen 0287,Elektronik,SKU-000575,2.5 kg,122098,176300,122
Plus Tisu 0288,ATK,SKU-000576,10 sheets,48083,67000,16
Nusantara Pewangi 0289,Rumah Tangga,SKU-000577,250 ml,120277,139700,51
Nusantara Pewangi 0289,Rumah Tangga,SKU-000578,450 ml,11783,16300,10
Prima Pulpen 0290,Kesehatan,SKU-000579,0.5 mm,83031,118700,131
Prima Pulpen 0290,Kesehatan,SKU-000580,0.7 mm,104692,151500,139
Prima Pulpen 0290,Kesehatan,SKU-000581,1.0 mm,124398,152500,192
Sejahtera Buku Tulis 0291,Makanan,SKU-000582,38 sheets,50396,62300,199
Maju Lampu LED 0292,Minuman,SKU-000583,5 W,12831,18100,84
Maju Lampu LED 0292,Minuman,SKU-000584,9 W,71922,85400,94
Jaya Baterai 0293,Snack,SKU-000585,AA,114844,162700,190
Jaya Baterai 0293,Snack,SKU-000586,AAA,115574,163900,98
Jaya Baterai 0293,Snack,SKU-000587,9V,89176,128600,127
Sentosa Kabel USB 0294,Sembako,SKU-000588,1 m,130722,164700,132
Makmur Sapu 0295,Perawatan Diri,SKU-000589,Standard,70219,97600,186
Makmur Sapu 0295,Perawatan Diri,SKU-000590,Premium,111580,131000,154
Fresh Pel 0296,Kebersihan,SKU-000591,Standard,47605,62500,82
Fresh Pel 0296,Kebersihan,SKU-000592,Microfiber,27195,31900,169
Fresh Pel 0296,Kebersihan,SKU-000593,Spray,77800,96600,154
Daily Spons 0297,Elektronik,SKU-000594,Small,112003,134400,113
Choice Vitamin 0298,ATK,SKU-000595,30 tablets,92455,118700,186
Choice Vitamin 0298,ATK,SKU-000596,60 tablets,92721,123700,111
Max Masker 0299,Rumah Tangga,SKU-000597,10 pcs,72273,97000,14
Max Masker 0299,Rumah Tangga,SKU-000598,25 pcs,19971,27000,103
Max Masker 0299,Rumah Tangga,SKU-000599,50 pcs,95539,124600,191
Plus Hand Sanitizer 0300,Kesehatan,SKU-000600,60 ml,42239,60600,36
Nusantara Beras 0301,Makanan,SKU-000601,5 kg,115164,133600,17
Nusantara Beras 0301,Makanan,SKU-000602,10 kg,62164,86000,93
Prima Minyak Goreng 0302,Minuman,SKU-000603,1 L,95235,120500,145
Prima Minyak Goreng 0302,Minuman,SKU-000604,2 L,8789,11700,173
Prima Minyak Goreng 0302,Minuman,SKU-000605,5 L,118244,169600,95
Sejahtera Gula 0303,Snack,SKU-000606,500 g,116676,160900,146
Maju Tepung 0304,Sembako,SKU-000607,500 g,36395,47600,101
Maju Tepung 0304,Sembako,SKU-000608,1 kg,82714,111200,63
Jaya Kopi 0305,Perawatan Diri,SKU-000609,100 g,30039,34800,47
Jaya Kopi 0305,Perawatan Diri,SKU-000610,200 g,131121,171200,143
Jaya Kopi 0305,Perawatan Diri,SKU-000611,500 g,31170,38300,66
Sentosa Teh 0306,Kebersihan,SKU-000612,25 sachet,117287,142400,156
Makmur Susu 0307,Elektronik,SKU-000613,200 ml,75162,102100,125
Makmur Susu 0307,Elektronik,SKU-000614,1 L,52775,62600,18
Fresh Air Mineral 0308,ATK,SKU-000615,330 ml,118800,142800,182
Fresh Air Mineral 0308,ATK,SKU-000616,600 ml,116983,169500,174
Fresh Air Mineral 0308,ATK,SKU-000617,1.5 L,84078,113500,181
Daily Mie Instan 0309,Rumah Tangga,SKU-000618,Original,17323,22800,74
Choice Biskuit 0310,Kesehatan,SKU-000619,50 g,78931,110900,182
Choice Biskuit 0310,Kesehatan,SKU-000620,100 g,45936,63800,130
Max Keripik 0311,Makanan,SKU-000621,50 g,59083,70100,51
Max Keripik 0311,Makanan,SKU-000622,100 g,36705,44800,126
Max Keripik 0311,Makanan,SKU-000623,250 g,7190,9000,146
Plus Saus 0312,Minuman,SKU-000624,135 ml,97007,125200,141
Nusantara Kecap 0313,Snack,SKU-000625,135 ml,34318,45800,22
Nusantara Kecap 0313,Snack,SKU-000626,275 ml,17535,21800,183
Prima Sabun Mandi 0314,Sembako,SKU-000627,70 g,125779,164500,196
Prima Sabun Mandi 0314,Sembako,SKU-000628,100 g,107630,150400,18
Prima Sabun Mandi 0314,Sembako,SKU-000629,250 g,33153,47800,164
Sejahtera Shampoo 0315,Perawatan Diri,SKU-000630,170 ml,19741,25400,174
Maju Pasta Gigi 0316,Kebersihan,SKU-000631,75 g,135922,170400,199
Maju Pasta Gigi 0316,Kebersihan,SKU-000632,120 g,144820,194300,46
Jaya Detergen 0317,Elektronik,SKU-000633,500 g,34125,43700,14
Jaya Detergen 0317,Elektronik,SKU-000634,1 kg,32848,42900,77
Jaya Detergen 0317,Elektronik,SKU-000635,2.5 kg,43463,52100,181
Sentosa Tisu 0318,ATK,SKU-000636,10 sheets,59405,74500,132
Makmur Pewangi 0319,Rumah Tangga,SKU-000637,250 ml,74761,104900,64
Makmur Pewangi 0319,Rumah Tangga,SKU-000638,450 ml,51759,69400,141
Fresh Pulpen 0320,Kesehatan,SKU-000639,0.5 mm,72245,85800,77
Fresh Pulpen 0320,Kesehatan,SKU-000640,0.7 mm,140148,165100,164
Fresh Pulpen 0320,Kesehatan,SKU-000641,1.0 mm,44506,59100,148
Daily Buku Tulis 0321,Makanan,SKU-000642,38 sheets,40721,48900,159
Choice Lampu LED 0322,Minuman,SKU-000643,5 W,88804,124600,144
Choice Lampu LED 0322,Minuman,SKU-000644,9 W,11098,15500,7
Max Baterai 0323,Snack,SKU-000645,AA,21592,25100,164
Max Baterai 0323,Snack,SKU-000646,AAA,69677,93700,196
Max Baterai 0323,Snack,SKU-000647,9V,109505,146200,7
Plus Kabel USB 0324,Sembako,SKU-000648,1 m,130857,185400,139
Nusantara Sapu 0325,Perawatan Diri,SKU-000649,Standard,76235,102400,77
Nusantara Sapu 0325,Perawatan Diri,SKU-000650,Premium,126901,155300,175
Prima Pel 0326,Kebersihan,SKU-000651,Standard,106754,132300,18
Prima Pel 0326,Kebersihan,SKU-000652,Microfiber,16005,19200,106
Prima Pel 0326,Kebersihan,SKU-000653,Spray,127243,164100,87
Sejahtera Spons 0327,Elektronik,SKU-000654,Small,37961,47200,183
Maju Vitamin 0328,ATK,SKU-000655,30 tablets,84006,115100,88
Maju Vitamin 0328,ATK,SKU-000656,60 tablets,104821,124700,94
Jaya Masker 0329,Rumah Tangga,SKU-000657,10 pcs,135298,178400,81
Jaya Masker 0329,Rumah Tangga,SKU-000658,25 pcs,63670,82100,68
Jaya Masker 0329,Rumah Tangga,SKU-000659,50 pcs,118158,144700,24
Sentosa Hand Sanitizer 0330,Kesehatan,SKU-000660,60 ml,13565,16800,98
Makmur Beras 0331,Makanan,SKU-000661,5 kg,109911,134600,40
Makmur Beras 0331,Makanan,SKU-000662,10 kg,86135,123200,184
Fresh Minyak Goreng 0332,Minuman,SKU-000663,1 L,82276,99300,40
Fresh Minyak Goreng 0332,Minuman,SKU-000664,2 L,130917,189700,119
Fresh Minyak Goreng 0332,Minuman,SKU-000665,5 L,131046,185300,127
Daily Gula 0333,Snack,SKU-000666,500 g,6375,7500,100
Choice Tepung 0334,Sembako,SKU-000667,500 g,132799,170900,61
Choice Tepung 0334,Sembako,SKU-000668,1 kg,56698,75100,12
Max Kopi 0335,Perawatan Diri,SKU-000669,100 g,13548,16700,152
Max Kopi 0335,Perawatan Diri,SKU-000670,200 g,123661,152800,2
Max Kopi 0335,Perawatan Diri,SKU-000671,500 g,28479,36400,67
Plus Teh 0336,Kebersihan,SKU-000672,25 sachet,96186,132700,93
Nusantara Susu 0337,Elektronik,SKU-000673,200 ml,12160,15400,145
Nusantara Susu 0337,Elektronik,SKU-000674,1 L,147576,178300,141
Prima Air Mineral 0338,ATK,SKU-000675,330 ml,75955,89000,129
Prima Air Mineral 0338,ATK,SKU-000676,600 ml,118357,163300,71
Prima Air Mineral 0338,ATK,SKU-000677,1.5 L,31445,37400,24
Sejahtera Mie Instan 0339,Rumah Tangga,SKU-000678,Original,103559,130700,86
Maju Biskuit 0340,Kesehatan,SKU-000679,50 g,146532,209800,193
Maju Biskuit 0340,Kesehatan,SKU-000680,100 g,38118,46100,130
Jaya Keripik 0341,Makanan,SKU-000681,50 g,105521,137200,11
Jaya Keripik 0341,Makanan,SKU-000682,100 g,10501,12500,85
Jaya Keripik 0341,Makanan,SKU-000683,250 g,124489,162600,38
Sentosa Saus 0342,Minuman,SKU-000684,135 ml,135436,161400,156
Makmur Kecap 0343,Snack,SKU-000685,135 ml,83800,100500,157
Makmur Kecap 0343,Snack,SKU-000686,275 ml,78742,104600,129
Fresh Sabun Mandi 0344,Sembako,SKU-000687,70 g,133918,175400,181
Fresh Sabun Mandi 0344,Sembako,SKU-000688,100 g,147867,183300,4
Fresh Sabun Mandi 0344,Sembako,SKU-000689,250 g,96862,121000,28
Daily Shampoo 0345,Perawatan Diri,SKU-000690,170 ml,109493,145100,185
Choice Pasta Gigi 0346,Kebersihan,SKU-000691,75 g,7285,9700,67
Choice Pasta Gigi 0346,Kebersihan,SKU-000692,120 g,59949,81900,149
Max Detergen 0347,Elektronik,SKU-000693,500 g,126246,151600,161
Max Detergen 0347,Elektronik,SKU-000694,1 kg,99964,119400,174
Max Detergen 0347,Elektronik,SKU-000695,2.5 kg,63790,74000,179
Plus Tisu 0348,ATK,SKU-000696,10 sheets,29108,35100,112
Nusantara Pewangi 0349,Rumah Tangga,SKU-000697,250 ml,82532,105300,105
Nusantara Pewangi 0349,Rumah Tangga,SKU-000698,450 ml,53748,68400,198
Prima Pulpen 0350,Kesehatan,SKU-000699,0.5 mm,123928,175000,188
Prima Pulpen 0350,Kesehatan,SKU-000700,0.7 mm,16626,22600,132
Prima Pulpen 0350,Kesehatan,SKU-000701,1.0 mm,54653,72000,169
Sejahtera Buku Tulis 0351,Makanan,SKU-000702,38 sheets,125702,164400,80
Maju Lampu LED 0352,Minuman,SKU-000703,5 W,45698,58900,136
Maju Lampu LED 0352,Minuman,SKU-000704,9 W,90038,118300,173
Jaya Baterai 0353,Snack,SKU-000705,AA,69600,92800,49
Jaya Baterai 0353,Snack,SKU-000706,AAA,64923,80100,76
Jaya Baterai 0353,Snack,SKU-000707,9V,59247,84900,76
Sentosa Kabel USB 0354,Sembako,SKU-000708,1 m,76060,103600,176
Makmur Sapu 0355,Perawatan Diri,SKU-000709,Standard,128489,160000,89
Makmur Sapu 0355,Perawatan Diri,SKU-000710,Premium,147228,210600,184
Fresh Pel 0356,Kebersihan,SKU-000711,Standard,71985,89000,146
Fresh Pel 0356,Kebersihan,SKU-000712,Microfiber,142694,180400,101
Fresh Pel 0356,Kebersihan,SKU-000713,Spray,90774,130400,37
Daily Spons 0357,Elektronik,SKU-000714,Small,76440,88900,182
Choice Vitamin 0358,ATK,SKU-000715,30 tablets,21017,26400,113
Choice Vitamin 0358,ATK,SKU-000716,60 tablets,67525,92800,54
Max Masker 0359,Rumah Tangga,SKU-000717,10 pcs,53270,74500,69
Max Masker 0359,Rumah Tangga,SKU-000718,25 pcs,147629,200600,35
Max Masker 0359,Rumah Tangga,SKU-000719,50 pcs,28933,38600,150
Plus Hand Sanitizer 0360,Kesehatan,SKU-000720,60 ml,63026,77100,171
Nusantara Beras 0361,Makanan,SKU-000721,5 kg,139509,169900,59
Nusantara Beras 0361,Makanan,SKU-000722,10 kg,14060,16600,84
Prima Minyak Goreng 0362,Minuman,SKU-000723,1 L,124137,146500,197
Prima Minyak Goreng 0362,Minuman,SKU-000724,2 L,36336,41800,140
Prima Minyak Goreng 0362,Minuman,SKU-000725,5 L,41703,53000,121
Sejahtera Gula 0363,Snack,SKU-000726,500 g,125460,168800,193
Maju Tepung 0364,Sembako,SKU-000727,500 g,75599,94200,165
Maju Tepung 0364,Sembako,SKU-000728,1 kg,15809,22500,22
Jaya Kopi 0365,Perawatan Diri,SKU-000729,100 g,61175,80200,185
Jaya Kopi 0365,Perawatan Diri,SKU-000730,200 g,10077,14300,44
Jaya Kopi 0365,Perawatan Diri,SKU-000731,500 g,109846,155400,45
Sentosa Teh 0366,Kebersihan,SKU-000732,25 sachet,9826,14200,101
Makmur Susu 0367,Elektronik,SKU-000733,200 ml,130161,157000,191
Makmur Susu 0367,Elektronik,SKU-000734,1 L,76182,107600,2
Fresh Air Mineral 0368,ATK,SKU-000735,330 ml,78521,103700,27
Fresh Air Mineral 0368,ATK,SKU-000736,600 ml,88129,108900,164
Fresh Air Mineral 0368,ATK,SKU-000737,1.5 L,142722,186600,34
Daily Mie Instan 0369,Rumah Tangga,SKU-000738,Original,132476,170900,49
Choice Biskuit 0370,Kesehatan,SKU-000739,50 g,29829,37300,187
Choice Biskuit 0370,Kesehatan,SKU-000740,100 g,120601,162100,183
Max Keripik 0371,Makanan,SKU-000741,50 g,49110,56700,86
Max Keripik 0371,Makanan,SKU-000742,100 g,77638,102500,193
Max Keripik 0371,Makanan,SKU-000743,250 g,50936,61300,163
Plus Saus 0372,Minuman,SKU-000744,135 ml,106596,149000,131
Nusantara Kecap 0373,Snack,SKU-000745,135 ml,86264,101400,171
Nusantara Kecap 0373,Snack,SKU-000746,275 ml,25304,30500,35
Prima Sabun Mandi 0374,Sembako,SKU-000747,70 g,125461,156500,63
Prima Sabun Mandi 0374,Sembako,SKU-000748,100 g,2090,2600,60
Prima Sabun Mandi 0374,Sembako,SKU-000749,250 g,117409,161600,84
Sejahtera Shampoo 0375,Perawatan Diri,SKU-000750,170 ml,79453,105300,146
Maju Pasta Gigi 0376,Kebersihan,SKU-000751,75 g,3297,4100,92
Maju Pasta Gigi 0376,Kebersihan,SKU-000752,120 g,62245,72700,30
Jaya Detergen 0377,Elektronik,SKU-000753,500 g,122300,151900,103
Jaya Detergen 0377,Elektronik,SKU-000754,1 kg,132032,188400,180
Jaya Detergen 0377,Elektronik,SKU-000755,2.5 kg,81821,111000,163
Sentosa Tisu 0378,ATK,SKU-000756,10 sheets,77642,97800,56
Makmur Pewangi 0379,Rumah Tangga,SKU-000757,250 ml,57743,83000,122
Makmur Pewangi 0379,Rumah Tangga,SKU-000758,450 ml,40456,52000,155
Fresh Pulpen 0380,Kesehatan,SKU-000759,0.5 mm,98243,125200,140
Fresh Pulpen 0380,Kesehatan,SKU-000760,0.7 mm,123724,170400,170
Fresh Pulpen 0380,Kesehatan,SKU-000761,1.0 mm,57555,79300,174
Daily Buku Tulis 0381,Makanan,SKU-000762,38 sheets,21761,28500,135
Choice Lampu LED 0382,Minuman,SKU-000763,5 W,95139,111600,144
Choice Lampu LED 0382,Minuman,SKU-000764,9 W,29714,34700,140
Max Baterai 0383,Snack,SKU-000765,AA,132810,160800,137
Max Baterai 0383,Snack,SKU-000766,AAA,39582,47500,133
Max Baterai 0383,Snack,SKU-000767,9V,116125,137600,52
Plus Kabel USB 0384,Sembako,SKU-000768,1 m,128443,151200,130
Nusantara Sapu 0385,Perawatan Diri,SKU-000769,Standard,117080,163000,116
Nusantara Sapu 0385,Perawatan Diri,SKU-000770,Premium,34888,45500,116
Prima Pel 0386,Kebersihan,SKU-000771,Standard,148125,172900,118
Prima Pel 0386,Kebersihan,SKU-000772,Microfiber,81084,110800,101
Prima Pel 0386,Kebersihan,SKU-000773,Spray,67004,93500,190
Sejahtera Spons 0387,Elektronik,SKU-000774,Small,57421,76000,11
Maju Vitamin 0388,ATK,SKU-000775,30 tablets,111369,139600,16
Maju Vitamin 0388,ATK,SKU-000776,60 tablets,142162,205900,17
Jaya Masker 0389,Rumah Tangga,SKU-000777,10 pcs,124050,143800,104
Jaya Masker 0389,Rumah Tangga,SKU-000778,25 pcs,47481,65600,196
Jaya Masker 0389,Rumah Tangga,SKU-000779,50 pcs,110495,139500,97
Sentosa Hand Sanitizer 0390,Kesehatan,SKU-000780,60 ml,117881,166300,96
Makmur Beras 0391,Makanan,SKU-000781,5 kg,98773,116000,169
Makmur Beras 0391,Makanan,SKU-000782,10 kg,141674,168600,89
Fresh Minyak Goreng 0392,Minuman,SKU-000783,1 L,31398,37800,137
Fresh Minyak Goreng 0392,Minuman,SKU-000784,2 L,103337,135200,186
Fresh Minyak Goreng 0392,Minuman,SKU-000785,5 L,58676,82200,193
Daily Gula 0393,Snack,SKU-000786,500 g,6259,9000,118
Choice Tepung 0394,Sembako,SKU-000787,500 g,143023,182700,97
Choice Tepung 0394,Sembako,SKU-000788,1 kg,60505,74100,88
Max Kopi 0395,Perawatan Diri,SKU-000789,100 g,40964,50500,185
Max Kopi 0395,Perawatan Diri,SKU-000790,200 g,29881,34700,169
Max Kopi 0395,Perawatan Diri,SKU-000791,500 g,110201,147100,4
Plus Teh 0396,Kebersihan,SKU-000792,25 sachet,63389,76800,25
Nusantara Susu 0397,Elektronik,SKU-000793,200 ml,9101,11700,172
Nusantara Susu 0397,Elektronik,SKU-000794,1 L,13060,16000,11
Prima Air Mineral 0398,ATK,SKU-000795,330 ml,105751,135500,138
Prima Air Mineral 0398,ATK,SKU-000796,600 ml,57255,78800,198
Prima Air Mineral 0398,ATK,SKU-000797,1.5 L,15096,18000,74
Sejahtera Mie Instan 0399,Rumah Tangga,SKU-000798,Original,61684,86000,187
Maju Biskuit 0400,Kesehatan,SKU-000799,50 g,83898,111000,197
Maju Biskuit 0400,Kesehatan,SKU-000800,100 g,84360,103000,36
Jaya Keripik 0401,Makanan,SKU-000801,50 g,136942,166600,76
Jaya Keripik 0401,Makanan,SKU-000802,100 g,72429,84600,151
Jaya Keripik 0401,Makanan,SKU-000803,250 g,46210,61800,109
Sentosa Saus 0402,Minuman,SKU-000804,135 ml,146012,189600,88
Makmur Kecap 0403,Snack,SKU-000805,135 ml,100217,138900,81
Makmur Kecap 0403,Snack,SKU-000806,275 ml,109437,139300,76
Fresh Sabun Mandi 0404,Sembako,SKU-000807,70 g,98986,119300,137
Fresh Sabun Mandi 0404,Sembako,SKU-000808,100 g,124430,152100,57
Fresh Sabun Mandi 0404,Sembako,SKU-000809,250 g,79136,111400,36
Daily Shampoo 0405,Perawatan Diri,SKU-000810,170 ml,121679,173300,143
Choice Pasta Gigi 0406,Kebersihan,SKU-000811,75 g,108480,156200,142
Choice Pasta Gigi 0406,Kebersihan,SKU-000812,120 g,139234,165700,62
Max Detergen 0407,Elektronik,SKU-000813,500 g,67145,81300,165
Max Detergen 0407,Elektronik,SKU-000814,1 kg,21027,30000,94
Max Detergen 0407,Elektronik,SKU-000815,2.5 kg,24538,32200,48
Plus Tisu 0408,ATK,SKU-000816,10 sheets,13810,17000,172
Nusantara Pewangi 0409,Rumah Tangga,SKU-000817,250 ml,10667,15100,48
Nusantara Pewangi 0409,Rumah Tangga,SKU-000818,450 ml,146799,178400,53
Prima Pulpen 0410,Kesehatan,SKU-000819,0.5 mm,87584,108700,3
Prima Pulpen 0410,Kesehatan,SKU-000820,0.7 mm,55824,79900,189
Prima Pulpen 0410,Kesehatan,SKU-000821,1.0 mm,31053,42700,193
Sejahtera Buku Tulis 0411,Makanan,SKU-000822,38 sheets,125846,179200,178
Maju Lampu LED 0412,Minuman,SKU-000823,5 W,53911,68400,61
Maju Lampu LED 0412,Minuman,SKU-000824,9 W,145024,180800,72
Jaya Baterai 0413,Snack,SKU-000825,AA,100088,129100,166
Jaya Baterai 0413,Snack,SKU-000826,AAA,94477,117400,92
Jaya Baterai 0413,Snack,SKU-000827,9V,134731,190600,119
Sentosa Kabel USB 0414,Sembako,SKU-000828,1 m,26149,36400,184
Makmur Sapu 0415,Perawatan Diri,SKU-000829,Standard,123374,170100,81
Makmur Sapu 0415,Perawatan Diri,SKU-000830,Premium,53548,67500,105
Fresh Pel 0416,Kebersihan,SKU-000831,Standard,12284,16200,56
Fresh Pel 0416,Kebersihan,SKU-000832,Microfiber,38552,44500,141
Fresh Pel 0416,Kebersihan,SKU-000833,Spray,109765,136000,50
Daily Spons 0417,Elektronik,SKU-000834,Small,86772,105800,145
Choice Vitamin 0418,ATK,SKU-000835,30 tablets,64716,84100,167
Choice Vitamin 0418,ATK,SKU-000836,60 tablets,88790,109000,125
Max Masker 0419,Rumah Tangga,SKU-000837,10 pcs,128906,166100,187
Max Masker 0419,Rumah Tangga,SKU-000838,25 pcs,92620,111200,184
Max Masker 0419,Rumah Tangga,SKU-000839,50 pcs,143573,186100,138
Plus Hand Sanitizer 0420,Kesehatan,SKU-000840,60 ml,15696,20500,19
Nusantara Beras 0421,Makanan,SKU-000841,5 kg,13017,18000,105
Nusantara Beras 0421,Makanan,SKU-000842,10 kg,36342,51000,59
Prima Minyak Goreng 0422,Minuman,SKU-000843,1 L,18117,24700,2
Prima Minyak Goreng 0422,Minuman,SKU-000844,2 L,57636,75000,95
Prima Minyak Goreng 0422,Minuman,SKU-000845,5 L,16146,21600,170
Sejahtera Gula 0423,Snack,SKU-000846,500 g,126969,171100,4
Maju Tepung 0424,Sembako,SKU-000847,500 g,2033,2700,105
Maju Tepung 0424,Sembako,SKU-000848,1 kg,3406,3900,184
Jaya Kopi 0425,Perawatan Diri,SKU-000849,100 g,72321,94800,73
Jaya Kopi 0425,Perawatan Diri,SKU-000850,200 g,4793,6200,178
Jaya Kopi 0425,Perawatan Diri,SKU-000851,500 g,113172,157500,45
Sentosa Teh 0426,Kebersihan,SKU-000852,25 sachet,28353,40400,134
Makmur Susu 0427,Elektronik,SKU-000853,200 ml,39332,48100,158
Makmur Susu 0427,Elektronik,SKU-000854,1 L,138307,169500,90
Fresh Air Mineral 0428,ATK,SKU-000855,330 ml,70377,97700,20
Fresh Air Mineral 0428,ATK,SKU-000856,600 ml,98093,141000,117
Fresh Air Mineral 0428,ATK,SKU-000857,1.5 L,148411,181500,178
Daily Mie Instan 0429,Rumah Tangga,SKU-000858,Original,59507,73800,20
Choice Biskuit 0430,Kesehatan,SKU-000859,50 g,8605,10100,97
Choice Biskuit 0430,Kesehatan,SKU-000860,100 g,99172,130500,14
Max Keripik 0431,Makanan,SKU-000861,50 g,2777,3800,21
Max Keripik 0431,Makanan,SKU-000862,100 g,131334,184300,165
Max Keripik 0431,Makanan,SKU-000863,250 g,87140,115000,24
Plus Saus 0432,Minuman,SKU-000864,135 ml,138753,197800,58
Nusantara Kecap 0433,Snack,SKU-000865,135 ml,55721,79100,177
Nusantara Kecap 0433,Snack,SKU-000866,275 ml,148879,192400,11
Prima Sabun Mandi 0434,Sembako,SKU-000867,70 g,19789,26800,71
Prima Sabun Mandi 0434,Sembako,SKU-000868,100 g,142652,188200,8
Prima Sabun Mandi 0434,Sembako,SKU-000869,250 g,47316,67600,80
Sejahtera Shampoo 0435,Perawatan Diri,SKU-000870,170 ml,4404,6300,150
Maju Pasta Gigi 0436,Kebersihan,SKU-000871,75 g,38098,52400,182
Maju Pasta Gigi 0436,Kebersihan,SKU-000872,120 g,104710,149600,76
Jaya Detergen 0437,Elektronik,SKU-000873,500 g,42885,56600,145
Jaya Detergen 0437,Elektronik,SKU-000874,1 kg,102315,138400,138
Jaya Detergen 0437,Elektronik,SKU-000875,2.5 kg,87260,110400,189
Sentosa Tisu 0438,ATK,SKU-000876,10 sheets,36987,51300,176
Makmur Pewangi 0439,Rumah Tangga,SKU-000877,250 ml,20859,27100,88
Makmur Pewangi 0439,Rumah Tangga,SKU-000878,450 ml,14376,17000,59
Fresh Pulpen 0440,Kesehatan,SKU-000879,0.5 mm,20227,25300,196
Fresh Pulpen 0440,Kesehatan,SKU-000880,0.7 mm,104293,150300,83
Fresh Pulpen 0440,Kesehatan,SKU-000881,1.0 mm,8066,10800,200
Daily Buku Tulis 0441,Makanan,SKU-000882,38 sheets,118409,153600,91
Choice Lampu LED 0442,Minuman,SKU-000883,5 W,145275,208100,110
Choice Lampu LED 0442,Minuman,SKU-000884,9 W,48990,66300,169
Max Baterai 0443,Snack,SKU-000885,AA,99933,117500,158
Max Baterai 0443,Snack,SKU-000886,AAA,77731,108000,182
Max Baterai 0443,Snack,SKU-000887,9V,19569,23000,39
Plus Kabel USB 0444,Sembako,SKU-000888,1 m,99914,136200,162
Nusantara Sapu 0445,Perawatan Diri,SKU-000889,Standard,40742,55900,81
Nusantara Sapu 0445,Perawatan Diri,SKU-000890,Premium,94855,112100,1
Prima Pel 0446,Kebersihan,SKU-000891,Standard,81110,104100,194
Prima Pel 0446,Kebersihan,SKU-000892,Microfiber,71017,83800,22
Prima Pel 0446,Kebersihan,SKU-000893,Spray,49423,63200,142
Sejahtera Spons 0447,Elektronik,SKU-000894,Small,145721,190000,26
Maju Vitamin 0448,ATK,SKU-000895,30 tablets,7184,8500,141
Maju Vitamin 0448,ATK,SKU-000896,60 tablets,24696,32800,200
Jaya Masker 0449,Rumah Tangga,SKU-000897,10 pcs,85347,120300,3
Jaya Masker 0449,Rumah Tangga,SKU-000898,25 pcs,76806,97900,199
Jaya Masker 0449,Rumah Tangga,SKU-000899,50 pcs,22503,30800,143
Sentosa Hand Sanitizer 0450,Kesehatan,SKU-000900,60 ml,63933,84500,43
Makmur Beras 0451,Makanan,SKU-000901,5 kg,100106,120200,68
Makmur Beras 0451,Makanan,SKU-000902,10 kg,79239,97500,37
Fresh Minyak Goreng 0452,Minuman,SKU-000903,1 L,16885,20300,70
Fresh Minyak Goreng 0452,Minuman,SKU-000904,2 L,110689,137200,200
Fresh Minyak Goreng 0452,Minuman,SKU-000905,5 L,20464,25800,63
Daily Gula 0453,Snack,SKU-000906,500 g,130271,173000,50
Choice Tepung 0454,Sembako,SKU-000907,500 g,120325,142200,77
Choice Tepung 0454,Sembako,SKU-000908,1 kg,2074,3000,85
Max Kopi 0455,Perawatan Diri,SKU-000909,100 g,99885,139000,84
Max Kopi 0455,Perawatan Diri,SKU-000910,200 g,115701,144700,166
Max Kopi 0455,Perawatan Diri,SKU-000911,500 g,35984,44600,154
Plus Teh 0456,Kebersihan,SKU-000912,25 sachet,52952,68500,45
Nusantara Susu 0457,Elektronik,SKU-000913,200 ml,104696,150800,74
Nusantara Susu 0457,Elektronik,SKU-000914,1 L,129014,185800,200
Prima Air Mineral 0458,ATK,SKU-000915,330 ml,63850,79700,71
Prima Air Mineral 0458,ATK,SKU-000916,600 ml,103305,130100,144
Prima Air Mineral 0458,ATK,SKU-000917,1.5 L,52676,69900,139
Sejahtera Mie Instan 0459,Rumah Tangga,SKU-000918,Original,47466,64300,140
Maju Biskuit 0460,Kesehatan,SKU-000919,50 g,7355,10600,118
Maju Biskuit 0460,Kesehatan,SKU-000920,100 g,55258,70800,74
Jaya Keripik 0461,Makanan,SKU-000921,50 g,18429,25700,104
Jaya Keripik 0461,Makanan,SKU-000922,100 g,131189,156300,77
Jaya Keripik 0461,Makanan,SKU-000923,250 g,63744,78100,39
Sentosa Saus 0462,Minuman,SKU-000924,135 ml,111220,154200,18
Makmur Kecap 0463,Snack,SKU-000925,135 ml,118020,170800,122
Makmur Kecap 0463,Snack,SKU-000926,275 ml,105368,138100,177
Fresh Sabun Mandi 0464,Sembako,SKU-000927,70 g,109955,144400,92
Fresh Sabun Mandi 0464,Sembako,SKU-000928,100 g,141046,187300,21
Fresh Sabun Mandi 0464,Sembako,SKU-000929,250 g,28970,40000,168
Daily Shampoo 0465,Perawatan Diri,SKU-000930,170 ml,93363,112000,156
Choice Pasta Gigi 0466,Kebersihan,SKU-000931,75 g,11912,15700,165
Choice Pasta Gigi 0466,Kebersihan,SKU-000932,120 g,105057,151300,84
Max Detergen 0467,Elektronik,SKU-000933,500 g,113141,133700,25
Max Detergen 0467,Elektronik,SKU-000934,1 kg,68126,82900,191
Max Detergen 0467,Elektronik,SKU-000935,2.5 kg,136299,179600,176
Plus Tisu 0468,ATK,SKU-000936,10 sheets,58242,74800,100
Nusantara Pewangi 0469,Rumah Tangga,SKU-000937,250 ml,121689,168100,150
Nusantara Pewangi 0469,Rumah Tangga,SKU-000938,450 ml,131494,157200,6
Prima Pulpen 0470,Kesehatan,SKU-000939,0.5 mm,126855,149900,106
Prima Pulpen 0470,Kesehatan,SKU-000940,0.7 mm,22806,27000,186
Prima Pulpen 0470,Kesehatan,SKU-000941,1.0 mm,37439,47000,87
Sejahtera Buku Tulis 0471,Makanan,SKU-000942,38 sheets,119662,165800,133
Maju Lampu LED 0472,Minuman,SKU-000943,5 W,126896,159200,24
Maju Lampu LED 0472,Minuman,SKU-000944,9 W,115162,157400,115
Jaya Baterai 0473,Snack,SKU-000945,AA,83900,98200,11
Jaya Baterai 0473,Snack,SKU-000946,AAA,30468,35200,87
Jaya Baterai 0473,Snack,SKU-000947,9V,28968,39200,42
Sentosa Kabel USB 0474,Sembako,SKU-000948,1 m,64240,83800,141
Makmur Sapu 0475,Perawatan Diri,SKU-000949,Standard,42278,52800,109
Makmur Sapu 0475,Perawatan Diri,SKU-000950,Premium,121424,148100,103
Fresh Pel 0476,Kebersihan,SKU-000951,Standard,48652,58700,168
Fresh Pel 0476,Kebersihan,SKU-000952,Microfiber,113581,144100,188
Fresh Pel 0476,Kebersihan,SKU-000953,Spray,52027,66800,109
Daily Spons 0477,Elektronik,SKU-000954,Small,102230,117700,54
Choice Vitamin 0478,ATK,SKU-000955,30 tablets,54245,66900,180
Choice Vitamin 0478,ATK,SKU-000956,60 tablets,16700,22100,137
Max Masker 0479,Rumah Tangga,SKU-000957,10 pcs,49310,62100,50
Max Masker 0479,Rumah Tangga,SKU-000958,25 pcs,120244,142400,171
Max Masker 0479,Rumah Tangga,SKU-000959,50 pcs,128615,168300,163
Plus Hand Sanitizer 0480,Kesehatan,SKU-000960,60 ml,82457,109600,156
Nusantara Beras 0481,Makanan,SKU-000961,5 kg,103203,136900,89
Nusantara Beras 0481,Makanan,SKU-000962,10 kg,92570,129900,158
Prima Minyak Goreng 0482,Minuman,SKU-000963,1 L,45527,63500,180
Prima Minyak Goreng 0482,Minuman,SKU-000964,2 L,78273,111600,151
Prima Minyak Goreng 0482,Minuman,SKU-000965,5 L,22517,30400,80
Sejahtera Gula 0483,Snack,SKU-000966,500 g,31196,38100,29
Maju Tepung 0484,Sembako,SKU-000967,500 g,48284,60900,36
Maju Tepung 0484,Sembako,SKU-000968,1 kg,134209,170000,152
Jaya Kopi 0485,Perawatan Diri,SKU-000969,100 g,36441,48200,108
Jaya Kopi 0485,Perawatan Diri,SKU-000970,200 g,48994,63500,137
Jaya Kopi 0485,Perawatan Diri,SKU-000971,500 g,45712,60200,125
Sentosa Teh 0486,Kebersihan,SKU-000972,25 sachet,76016,90600,80
Makmur Susu 0487,Elektronik,SKU-000973,200 ml,118527,158300,91
Makmur Susu 0487,Elektronik,SKU-000974,1 L,2812,3600,49
Fresh Air Mineral 0488,ATK,SKU-000975,330 ml,100948,145300,129
Fresh Air Mineral 0488,ATK,SKU-000976,600 ml,130053,165500,125
Fresh Air Mineral 0488,ATK,SKU-000977,1.5 L,109255,148900,113
Daily Mie Instan 0489,Rumah Tangga,SKU-000978,Original,128409,154100,144
Choice Biskuit 0490,Kesehatan,SKU-000979,50 g,8389,11700,56
Choice Biskuit 0490,Kesehatan,SKU-000980,100 g,76869,89200,57
Max Keripik 0491,Makanan,SKU-000981,50 g,141230,174600,199
Max Keripik 0491,Makanan,SKU-000982,100 g,120184,158600,197
Max Keripik 0491,Makanan,SKU-000983,250 g,130143,171100,28
Plus Saus 0492,Minuman,SKU-000984,135 ml,30238,37200,139
Nusantara Kecap 0493,Snack,SKU-000985,135 ml,96470,126600,193
Nusantara Kecap 0493,Snack,SKU-000986,275 ml,11207,15400,112
Prima Sabun Mandi 0494,Sembako,SKU-000987,70 g,143523,174500,108
Prima Sabun Mandi 0494,Sembako,SKU-000988,100 g,27147,37200,167
Prima Sabun Mandi 0494,Sembako,SKU-000989,250 g,65188,80800,8
Sejahtera Shampoo 0495,Perawatan Diri,SKU-000990,170 ml,118194,145200,22
Maju Pasta Gigi 0496,Kebersihan,SKU-000991,75 g,115399,162700,30
Maju Pasta Gigi 0496,Kebersihan,SKU-000992,120 g,62413,75700,188
Jaya Detergen 0497,Elektronik,SKU-000993,500 g,92215,129900,156
Jaya Detergen 0497,Elektronik,SKU-000994,1 kg,112541,135000,35
Jaya Detergen 0497,Elektronik,SKU-000995,2.5 kg,54464,75900,15
Sentosa Tisu 0498,ATK,SKU-000996,10 sheets,149741,188000,71
Makmur Pewangi 0499,Rumah Tangga,SKU-000997,250 ml,141534,169900,180
Makmur Pewangi 0499,Rumah Tangga,SKU-000998,450 ml,77012,95200,68
Fresh Pulpen 0500,Kesehatan,SKU-000999,0.5 mm,135150,195400,173
Fresh Pulpen 0500,Kesehatan,SKU-001000,0.7 mm,25262,30100,192
Fresh Pulpen 0500,Kesehatan,SKU-001001,1.0 mm,108197,154200,70
Daily Buku Tulis 0501,Makanan,SKU-001002,38 sheets,33562,45700,33
Choice Lampu LED 0502,Minuman,SKU-001003,5 W,65751,78500,82
Choice Lampu LED 0502,Minuman,SKU-001004,9 W,65194,89900,173
Max Baterai 0503,Snack,SKU-001005,AA,103244,133900,147
Max Baterai 0503,Snack,SKU-001006,AAA,70742,94700,96
Max Baterai 0503,Snack,SKU-001007,9V,118786,139300,196
Plus Kabel USB 0504,Sembako,SKU-001008,1 m,24704,31400,191
Nusantara Sapu 0505,Perawatan Diri,SKU-001009,Standard,73235,99500,94
Nusantara Sapu 0505,Perawatan Diri,SKU-001010,Premium,119495,171500,83
Prima Pel 0506,Kebersihan,SKU-001011,Standard,948,1300,187
Prima Pel 0506,Kebersihan,SKU-001012,Microfiber,24716,33800,117
Prima Pel 0506,Kebersihan,SKU-001013,Spray,94205,132400,136
Sejahtera Spons 0507,Elektronik,SKU-001014,Small,104558,127100,109
Maju Vitamin 0508,ATK,SKU-001015,30 tablets,55835,72500,82
Maju Vitamin 0508,ATK,SKU-001016,60 tablets,74642,93400,147
Jaya Masker 0509,Rumah Tangga,SKU-001017,10 pcs,34534,45600,124
Jaya Masker 0509,Rumah Tangga,SKU-001018,25 pcs,90409,128200,195
Jaya Masker 0509,Rumah Tangga,SKU-001019,50 pcs,12990,15100,160
Sentosa Hand Sanitizer 0510,Kesehatan,SKU-001020,60 ml,120776,139500,40
Makmur Beras 0511,Makanan,SKU-001021,5 kg,115980,149300,109
Makmur Beras 0511,Makanan,SKU-001022,10 kg,53336,77300,33
Fresh Minyak Goreng 0512,Minuman,SKU-001023,1 L,79432,95100,70
Fresh Minyak Goreng 0512,Minuman,SKU-001024,2 L,24768,33300,64
Fresh Minyak Goreng 0512,Minuman,SKU-001025,5 L,21906,27600,166
Daily Gula 0513,Snack,SKU-001026,500 g,43691,50900,160
Choice Tepung 0514,Sembako,SKU-001027,500 g,80387,110000,193
Choice Tepung 0514,Sembako,SKU-001028,1 kg,61679,78900,23
Max Kopi 0515,Perawatan Diri,SKU-001029,100 g,25251,29000,122
Max Kopi 0515,Perawatan Diri,SKU-001030,200 g,20731,24700,57
Max Kopi 0515,Perawatan Diri,SKU-001031,500 g,136469,184800,2
Plus Teh 0516,Kebersihan,SKU-001032,25 sachet,2413,3300,30
Nusantara Susu 0517,Elektronik,SKU-001033,200 ml,111007,150800,122
Nusantara Susu 0517,Elektronik,SKU-001034,1 L,18867,23000,22
Prima Air Mineral 0518,ATK,SKU-001035,330 ml,27150,32100,94
Prima Air Mineral 0518,ATK,SKU-001036,600 ml,78747,93800,198
Prima Air Mineral 0518,ATK,SKU-001037,1.5 L,35203,47300,173
Sejahtera Mie Instan 0519,Rumah Tangga,SKU-001038,Original,37748,44200,144
Maju Biskuit 0520,Kesehatan,SKU-001039,50 g,2521,3400,42
Maju Biskuit 0520,Kesehatan,SKU-001040,100 g,115669,145200,54
Jaya Keripik 0521,Makanan,SKU-001041,50 g,39981,57000,157
Jaya Keripik 0521,Makanan,SKU-001042,100 g,116268,163700,22
Jaya Keripik 0521,Makanan,SKU-001043,250 g,26636,31800,31
Sentosa Saus 0522,Minuman,SKU-001044,135 ml,100971,126800,109
Makmur Kecap 0523,Snack,SKU-001045,135 ml,82745,114800,63
Makmur Kecap 0523,Snack,SKU-001046,275 ml,72905,97900,63
Fresh Sabun Mandi 0524,Sembako,SKU-001047,70 g,145369,193400,184
Fresh Sabun Mandi 0524,Sembako,SKU-001048,100 g,74990,103800,176
Fresh Sabun Mandi 0524,Sembako,SKU-001049,250 g,7331,10300,168
Daily Shampoo 0525,Perawatan Diri,SKU-001050,170 ml,79375,96200,155
Choice Pasta Gigi 0526,Kebersihan,SKU-001051,75 g,133868,161500,100
Choice Pasta Gigi 0526,Kebersihan,SKU-001052,120 g,77774,104500,200
Max Detergen 0527,Elektronik,SKU-001053,500 g,63041,81900,28
Max Detergen 0527,Elektronik,SKU-001054,1 kg,63498,82500,152
Max Detergen 0527,Elektronik,SKU-001055,2.5 kg,18915,24800,3
Plus Tisu 0528,ATK,SKU-001056,10 sheets,94959,135800,33
Nusantara Pewangi 0529,Rumah Tangga,SKU-001057,250 ml,101707,143200,145
Nusantara Pewangi 0529,Rumah Tangga,SKU-001058,450 ml,110626,139300,174
Prima Pulpen 0530,Kesehatan,SKU-001059,0.5 mm,45590,62900,197
Prima Pulpen 0530,Kesehatan,SKU-001060,0.7 mm,19434,22400,17
Prima Pulpen 0530,Kesehatan,SKU-001061,1.0 mm,3915,4800,10
Sejahtera Buku Tulis 0531,Makanan,SKU-001062,38 sheets,16151,23200,101
Maju Lampu LED 0532,Minuman,SKU-001063,5 W,133104,164500,182
Maju Lampu LED 0532,Minuman,SKU-001064,9 W,131646,181700,108
Jaya Baterai 0533,Snack,SKU-001065,AA,105754,124200,137
Jaya Baterai 0533,Snack,SKU-001066,AAA,141243,188500,71
Jaya Baterai 0533,Snack,SKU-001067,9V,22214,27600,130
Sentosa Kabel USB 0534,Sembako,SKU-001068,1 m,53567,77300,39
Makmur Sapu 0535,Perawatan Diri,SKU-001069,Standard,140911,175900,150
Makmur Sapu 0535,Perawatan Diri,SKU-001070,Premium,17631,21900,111
Fresh Pel 0536,Kebersihan,SKU-001071,Standard,62857,73400,22
Fresh Pel 0536,Kebersihan,SKU-001072,Microfiber,114197,135300,156
Fresh Pel 0536,Kebersihan,SKU-001073,Spray,14725,18300,189
Daily Spons 0537,Elektronik,SKU-001074,Small,46344,55000,181
Choice Vitamin 0538,ATK,SKU-001075,30 tablets,36269,49300,41
Choice Vitamin 0538,ATK,SKU-001076,60 tablets,130431,187300,133
Max Masker 0539,Rumah Tangga,SKU-001077,10 pcs,135886,188200,184
Max Masker 0539,Rumah Tangga,SKU-001078,25 pcs,68260,81900,32
Max Masker 0539,Rumah Tangga,SKU-001079,50 pcs,70754,96900,30
Plus Hand Sanitizer 0540,Kesehatan,SKU-001080,60 ml,7995,10000,109
Nusantara Beras 0541,Makanan,SKU-001081,5 kg,71598,93600,67
Nusantara Beras 0541,Makanan,SKU-001082,10 kg,20503,26600,130
Prima Minyak Goreng 0542,Minuman,SKU-001083,1 L,94704,110500,145
Prima Minyak Goreng 0542,Minuman,SKU-001084,2 L,44046,55500,65
Prima Minyak Goreng 0542,Minuman,SKU-001085,5 L,27275,38700,172
Sejahtera Gula 0543,Snack,SKU-001086,500 g,30534,37200,130
Maju Tepung 0544,Sembako,SKU-001087,500 g,973,1100,3
Maju Tepung 0544,Sembako,SKU-001088,1 kg,64407,75000,93
Jaya Kopi 0545,Perawatan Diri,SKU-001089,100 g,100695,143600,45
Jaya Kopi 0545,Perawatan Diri,SKU-001090,200 g,9570,12600,182
Jaya Kopi 0545,Perawatan Diri,SKU-001091,500 g,110235,134200,63
Sentosa Teh 0546,Kebersihan,SKU-001092,25 sachet,109419,155900,81
Makmur Susu 0547,Elektronik,SKU-001093,200 ml,71408,99800,146
Makmur Susu 0547,Elektronik,SKU-001094,1 L,98029,116200,172
Fresh Air Mineral 0548,ATK,SKU-001095,330 ml,14107,17000,132
Fresh Air Mineral 0548,ATK,SKU-001096,600 ml,12339,17700,17
Fresh Air Mineral 0548,ATK,SKU-001097,1.5 L,122221,172300,198
Daily Mie Instan 0549,Rumah Tangga,SKU-001098,Original,81747,102000,141
Choice Biskuit 0550,Kesehatan,SKU-001099,50 g,120033,138300,51
Choice Biskuit 0550,Kesehatan,SKU-001100,100 g,76739,101200,77
Max Keripik 0551,Makanan,SKU-001101,50 g,63891,82400,151
Max Keripik 0551,Makanan,SKU-001102,100 g,129631,187900,198
Max Keripik 0551,Makanan,SKU-001103,250 g,51528,70600,139
Plus Saus 0552,Minuman,SKU-001104,135 ml,64558,77200,104
Nusantara Kecap 0553,Snack,SKU-001105,135 ml,6567,8000,88
Nusantara Kecap 0553,Snack,SKU-001106,275 ml,2815,4000,0
Prima Sabun Mandi 0554,Sembako,SKU-001107,70 g,98938,139000,186
Prima Sabun Mandi 0554,Sembako,SKU-001108,100 g,80912,95600,135
Prima Sabun Mandi 0554,Sembako,SKU-001109,250 g,62734,80000,15
Sejahtera Shampoo 0555,Perawatan Diri,SKU-001110,170 ml,37622,51300,23
Maju Pasta Gigi 0556,Kebersihan,SKU-001111,75 g,11808,16800,133
Maju Pasta Gigi 0556,Kebersihan,SKU-001112,120 g,108580,147700,95
Jaya Detergen 0557,Elektronik,SKU-001113,500 g,120482,173800,21
Jaya Detergen 0557,Elektronik,SKU-001114,1 kg,25354,33000,163
Jaya Detergen 0557,Elektronik,SKU-001115,2.5 kg,103676,121600,145
Sentosa Tisu 0558,ATK,SKU-001116,10 sheets,16627,21300,33
Makmur Pewangi 0559,Rumah Tangga,SKU-001117,250 ml,62368,77200,80
Makmur Pewangi 0559,Rumah Tangga,SKU-001118,450 ml,103310,140500,188
Fresh Pulpen 0560,Kesehatan,SKU-001119,0.5 mm,85824,106900,69
Fresh Pulpen 0560,Kesehatan,SKU-001120,0.7 mm,61539,72100,51
Fresh Pulpen 0560,Kesehatan,SKU-001121,1.0 mm,35980,49800,149
Daily Buku Tulis 0561,Makanan,SKU-001122,38 sheets,28866,34500,42
Choice Lampu LED 0562,Minuman,SKU-001123,5 W,118151,152400,104
Choice Lampu LED 0562,Minuman,SKU-001124,9 W,31950,41900,197
Max Baterai 0563,Snack,SKU-001125,AA,54730,70400,118
Max Baterai 0563,Snack,SKU-001126,AAA,69770,98100,23
Max Baterai 0563,Snack,SKU-001127,9V,41617,57900,77
Plus Kabel USB 0564,Sembako,SKU-001128,1 m,10872,13200,83
Nusantara Sapu 0565,Perawatan Diri,SKU-001129,Standard,39182,46100,63
Nusantara Sapu 0565,Perawatan Diri,SKU-001130,Premium,93555,118700,12
Prima Pel 0566,Kebersihan,SKU-001131,Standard,78639,96600,44
Prima Pel 0566,Kebersihan,SKU-001132,Microfiber,8447,12100,115
Prima Pel 0566,Kebersihan,SKU-001133,Spray,146039,200700,63
Sejahtera Spons 0567,Elektronik,SKU-001134,Small,25131,32400,35
Maju Vitamin 0568,ATK,SKU-001135,30 tablets,32138,37100,199
Maju Vitamin 0568,ATK,SKU-001136,60 tablets,58571,69700,102
Jaya Masker 0569,Rumah Tangga,SKU-001137,10 pcs,97880,132700,165
Jaya Masker 0569,Rumah Tangga,SKU-001138,25 pcs,22330,29600,66
Jaya Masker 0569,Rumah Tangga,SKU-001139,50 pcs,19957,23100,16
Sentosa Hand Sanitizer 0570,Kesehatan,SKU-001140,60 ml,52139,74100,113
Makmur Beras 0571,Makanan,SKU-001141,5 kg,34061,40100,84
Makmur Beras 0571,Makanan,SKU-001142,10 kg,32419,37700,118
Fresh Minyak Goreng 0572,Minuman,SKU-001143,1 L,13574,16300,146
Fresh Minyak Goreng 0572,Minuman,SKU-001144,2 L,113849,159000,101
Fresh Minyak Goreng 0572,Minuman,SKU-001145,5 L,130356,151100,174
Daily Gula 0573,Snack,SKU-001146,500 g,112147,134800,54
Choice Tepung 0574,Sembako,SKU-001147,500 g,49360,60800,114
Choice Tepung 0574,Sembako,SKU-001148,1 kg,39262,45600,158
Max Kopi 0575,Perawatan Diri,SKU-001149,100 g,64731,87000,127
Max Kopi 0575,Perawatan Diri,SKU-001150,200 g,108301,153200,122
Max Kopi 0575,Perawatan Diri,SKU-001151,500 g,16285,19200,98
Plus Teh 0576,Kebersihan,SKU-001152,25 sachet,36275,46300,164
Nusantara Susu 0577,Elektronik,SKU-001153,200 ml,138139,169200,139
Nusantara Susu 0577,Elektronik,SKU-001154,1 L,5419,7800,200
Prima Air Mineral 0578,ATK,SKU-001155,330 ml,94439,122200,200
Prima Air Mineral 0578,ATK,SKU-001156,600 ml,127355,159600,144
Prima Air Mineral 0578,ATK,SKU-001157,1.5 L,131999,164500,69
Sejahtera Mie Instan 0579,Rumah Tangga,SKU-001158,Original,47437,54900,152
Maju Biskuit 0580,Kesehatan,SKU-001159,50 g,57714,66900,199
Maju Biskuit 0580,Kesehatan,SKU-001160,100 g,73944,86300,120
Jaya Keripik 0581,Makanan,SKU-001161,50 g,139087,174900,149
Jaya Keripik 0581,Makanan,SKU-001162,100 g,61317,88400,25
Jaya Keripik 0581,Makanan,SKU-001163,250 g,65274,87900,68
Sentosa Saus 0582,Minuman,SKU-001164,135 ml,140203,195600,188
Makmur Kecap 0583,Snack,SKU-001165,135 ml,14956,20600,56
Makmur Kecap 0583,Snack,SKU-001166,275 ml,102122,128300,44
Fresh Sabun Mandi 0584,Sembako,SKU-001167,70 g,46463,56700,81
Fresh Sabun Mandi 0584,Sembako,SKU-001168,100 g,94352,134400,7
Fresh Sabun Mandi 0584,Sembako,SKU-001169,250 g,92491,132700,144
Daily Shampoo 0585,Perawatan Diri,SKU-001170,170 ml,37551,49500,48
Choice Pasta Gigi 0586,Kebersihan,SKU-001171,75 g,129334,169800,44
Choice Pasta Gigi 0586,Kebersihan,SKU-001172,120 g,128864,149700,14
Max Detergen 0587,Elektronik,SKU-001173,500 g,61280,81500,5
Max Detergen 0587,Elektronik,SKU-001174,1 kg,138305,178900,84
Max Detergen 0587,Elektronik,SKU-001175,2.5 kg,53112,73900,87
Plus Tisu 0588,ATK,SKU-001176,10 sheets,46820,66700,82
Nusantara Pewangi 0589,Rumah Tangga,SKU-001177,250 ml,15912,18400,150
Nusantara Pewangi 0589,Rumah Tangga,SKU-001178,450 ml,37433,51700,134
Prima Pulpen 0590,Kesehatan,SKU-001179,0.5 mm,95953,138000,95
Prima Pulpen 0590,Kesehatan,SKU-001180,0.7 mm,104003,137900,86
Prima Pulpen 0590,Kesehatan,SKU-001181,1.0 mm,79405,99000,40
Sejahtera Buku Tulis 0591,Makanan,SKU-001182,38 sheets,114822,159300,124
Maju Lampu LED 0592,Minuman,SKU-001183,5 W,83473,100400,143
Maju Lampu LED 0592,Minuman,SKU-001184,9 W,93839,114200,150
Jaya Baterai 0593,Snack,SKU-001185,AA,46267,58500,187
Jaya Baterai 0593,Snack,SKU-001186,AAA,77505,92100,186
Jaya Baterai 0593,Snack,SKU-001187,9V,771,1100,146
Sentosa Kabel USB 0594,Sembako,SKU-001188,1 m,102955,144700,197
Makmur Sapu 0595,Perawatan Diri,SKU-001189,Standard,149062,172900,154
Makmur Sapu 0595,Perawatan Diri,SKU-001190,Premium,83718,119400,156
Fresh Pel 0596,Kebersihan,SKU-001191,Standard,58206,78100,26
Fresh Pel 0596,Kebersihan,SKU-001192,Microfiber,130371,155400,190
Fresh Pel 0596,Kebersihan,SKU-001193,Spray,20696,25300,81
Daily Spons 0597,Elektronik,SKU-001194,Small,44310,59400,22
Choice Vitamin 0598,ATK,SKU-001195,30 tablets,88314,113400,67
Choice Vitamin 0598,ATK,SKU-001196,60 tablets,55267,67700,17
Max Masker 0599,Rumah Tangga,SKU-001197,10 pcs,92176,113100,27
Max Masker 0599,Rumah Tangga,SKU-001198,25 pcs,635,700,112
Max Masker 0599,Rumah Tangga,SKU-001199,50 pcs,110309,158900,105
Plus Hand Sanitizer 0600,Kesehatan,SKU-001200,60 ml,129558,183300,89
Nusantara Beras 0601,Makanan,SKU-001201,5 kg,143436,181100,122
Nusantara Beras 0601,Makanan,SKU-001202,10 kg,59435,71300,18
Prima Minyak Goreng 0602,Minuman,SKU-001203,1 L,9058,11200,81
Prima Minyak Goreng 0602,Minuman,SKU-001204,2 L,68753,98700,18
Prima Minyak Goreng 0602,Minuman,SKU-001205,5 L,89902,108000,96
Sejahtera Gula 0603,Snack,SKU-001206,500 g,42480,58200,140
Maju Tepung 0604,Sembako,SKU-001207,500 g,24706,30900,157
Maju Tepung 0604,Sembako,SKU-001208,1 kg,126846,172700,110
Jaya Kopi 0605,Perawatan Diri,SKU-001209,100 g,43553,58000,111
Jaya Kopi 0605,Perawatan Diri,SKU-001210,200 g,41483,48400,84
Jaya Kopi 0605,Perawatan Diri,SKU-001211,500 g,54183,78100,104
Sentosa Teh 0606,Kebersihan,SKU-001212,25 sachet,145557,198900,186
Makmur Susu 0607,Elektronik,SKU-001213,200 ml,141890,174500,72
Makmur Susu 0607,Elektronik,SKU-001214,1 L,78261,95600,12
Fresh Air Mineral 0608,ATK,SKU-001215,330 ml,103296,136500,125
Fresh Air Mineral 0608,ATK,SKU-001216,600 ml,40562,47300,0
Fresh Air Mineral 0608,ATK,SKU-001217,1.5 L,112394,132200,169
Daily Mie Instan 0609,Rumah Tangga,SKU-001218,Original,126215,152700,6
Choice Biskuit 0610,Kesehatan,SKU-001219,50 g,54551,65500,74
Choice Biskuit 0610,Kesehatan,SKU-001220,100 g,21779,28100,29
Max Keripik 0611,Makanan,SKU-001221,50 g,81132,112400,120
Max Keripik 0611,Makanan,SKU-001222,100 g,128513,182300,67
Max Keripik 0611,Makanan,SKU-001223,250 g,24190,32500,99
Plus Saus 0612,Minuman,SKU-001224,135 ml,48765,61500,97
Nusantara Kecap 0613,Snack,SKU-001225,135 ml,97136,117100,11
Nusantara Kecap 0613,Snack,SKU-001226,275 ml,69321,88900,67
Prima Sabun Mandi 0614,Sembako,SKU-001227,70 g,59608,83500,144
Prima Sabun Mandi 0614,Sembako,SKU-001228,100 g,16458,19700,178
Prima Sabun Mandi 0614,Sembako,SKU-001229,250 g,25650,30200,88
Sejahtera Shampoo 0615,Perawatan Diri,SKU-001230,170 ml,142237,181200,193
Maju Pasta Gigi 0616,Kebersihan,SKU-001231,75 g,59941,78900,99
Maju Pasta Gigi 0616,Kebersihan,SKU-001232,120 g,137291,175100,137
Jaya Detergen 0617,Elektronik,SKU-001233,500 g,124772,164900,60
Jaya Detergen 0617,Elektronik,SKU-001234,1 kg,125149,155100,101
Jaya Detergen 0617,Elektronik,SKU-001235,2.5 kg,9403,12200,132
Sentosa Tisu 0618,ATK,SKU-001236,10 sheets,38952,46200,193
Makmur Pewangi 0619,Rumah Tangga,SKU-001237,250 ml,118013,141800,42
Makmur Pewangi 0619,Rumah Tangga,SKU-001238,450 ml,55845,77800,32
Fresh Pulpen 0620,Kesehatan,SKU-001239,0.5 mm,11487,14700,174
Fresh Pulpen 0620,Kesehatan,SKU-001240,0.7 mm,114435,138500,160
Fresh Pulpen 0620,Kesehatan,SKU-001241,1.0 mm,39065,54700,66
Daily Buku Tulis 0621,Makanan,SKU-001242,38 sheets,84120,119700,17
Choice Lampu LED 0622,Minuman,SKU-001243,5 W,23113,29300,101
Choice Lampu LED 0622,Minuman,SKU-001244,9 W,145017,181000,70
Max Baterai 0623,Snack,SKU-001245,AA,136533,175800,3
Max Baterai 0623,Snack,SKU-001246,AAA,137286,190100,28
Max Baterai 0623,Snack,SKU-001247,9V,108943,130200,145
Plus Kabel USB 0624,Sembako,SKU-001248,1 m,26567,37900,144
Nusantara Sapu 0625,Perawatan Diri,SKU-001249,Standard,26774,37100,137
Nusantara Sapu 0625,Perawatan Diri,SKU-001250,Premium,90443,127800,67
Prima Pel 0626,Kebersihan,SKU-001251,Standard,100712,135600,146
Prima Pel 0626,Kebersihan,SKU-001252,Microfiber,124306,144300,70
Prima Pel 0626,Kebersihan,SKU-001253,Spray,105937,126400,155
Sejahtera Spons 0627,Elektronik,SKU-001254,Small,105608,122700,84
Maju Vitamin 0628,ATK,SKU-001255,30 tablets,62579,72900,121
Maju Vitamin 0628,ATK,SKU-001256,60 tablets,70707,100300,5
Jaya Masker 0629,Rumah Tangga,SKU-001257,10 pcs,88869,124000,77
Jaya Masker 0629,Rumah Tangga,SKU-001258,25 pcs,81813,101000,125
Jaya Masker 0629,Rumah Tangga,SKU-001259,50 pcs,26047,37600,58
Sentosa Hand Sanitizer 0630,Kesehatan,SKU-001260,60 ml,35528,44100,190
Makmur Beras 0631,Makanan,SKU-001261,5 kg,116458,161000,82
Makmur Beras 0631,Makanan,SKU-001262,10 kg,70926,97100,154
Fresh Minyak Goreng 0632,Minuman,SKU-001263,1 L,23706,28600,54
Fresh Minyak Goreng 0632,Minuman,SKU-001264,2 L,107037,146900,194
Fresh Minyak Goreng 0632,Minuman,SKU-001265,5 L,135697,191400,14
Daily Gula 0633,Snack,SKU-001266,500 g,135374,187800,16
Choice Tepung 0634,Sembako,SKU-001267,500 g,81859,111600,103
Choice Tepung 0634,Sembako,SKU-001268,1 kg,35859,49600,134
Max Kopi 0635,Perawatan Diri,SKU-001269,100 g,149374,173100,49
Max Kopi 0635,Perawatan Diri,SKU-001270,200 g,52919,74100,63
Max Kopi 0635,Perawatan Diri,SKU-001271,500 g,8969,11500,92
Plus Teh 0636,Kebersihan,SKU-001272,25 sachet,52495,64700,118
Nusantara Susu 0637,Elektronik,SKU-001273,200 ml,132715,168400,31
Nusantara Susu 0637,Elektronik,SKU-001274,1 L,8311,10200,125
Prima Air Mineral 0638,ATK,SKU-001275,330 ml,117243,141100,121
Prima Air Mineral 0638,ATK,SKU-001276,600 ml,144828,181700,41
Prima Air Mineral 0638,ATK,SKU-001277,1.5 L,68106,93600,176
Sejahtera Mie Instan 0639,Rumah Tangga,SKU-001278,Original,23995,29600,98
Maju Biskuit 0640,Kesehatan,SKU-001279,50 g,13315,16000,146
Maju Biskuit 0640,Kesehatan,SKU-001280,100 g,56482,79500,165
Jaya Keripik 0641,Makanan,SKU-001281,50 g,59311,80300,68
Jaya Keripik 0641,Makanan,SKU-001282,100 g,107649,140400,199
Jaya Keripik 0641,Makanan,SKU-001283,250 g,2632,3400,33
Sentosa Saus 0642,Minuman,SKU-001284,135 ml,45703,60800,2
Makmur Kecap 0643,Snack,SKU-001285,135 ml,58959,72300,78
Makmur Kecap 0643,Snack,SKU-001286,275 ml,72488,92600,96
Fresh Sabun Mandi 0644,Sembako,SKU-001287,70 g,91712,118100,55
Fresh Sabun Mandi 0644,Sembako,SKU-001288,100 g,122642,152200,133
Fresh Sabun Mandi 0644,Sembako,SKU-001289,250 g,104411,138400,1
Daily Shampoo 0645,Perawatan Diri,SKU-001290,170 ml,134390,194800,95
Choice Pasta Gigi 0646,Kebersihan,SKU-001291,75 g,147482,198200,155
Choice Pasta Gigi 0646,Kebersihan,SKU-001292,120 g,74402,92200,27
Max Detergen 0647,Elektronik,SKU-001293,500 g,126584,148000,70
Max Detergen 0647,Elektronik,SKU-001294,1 kg,85532,120500,66
Max Detergen 0647,Elektronik,SKU-001295,2.5 kg,78626,94900,132
Plus Tisu 0648,ATK,SKU-001296,10 sheets,63293,89900,153
Nusantara Pewangi 0649,Rumah Tangga,SKU-001297,250 ml,106231,143200,174
Nusantara Pewangi 0649,Rumah Tangga,SKU-001298,450 ml,36981,50500,167
Prima Pulpen 0650,Kesehatan,SKU-001299,0.5 mm,130683,189400,66
Prima Pulpen 0650,Kesehatan,SKU-001300,0.7 mm,110024,139900,188
Prima Pulpen 0650,Kesehatan,SKU-001301,1.0 mm,9558,12700,146
Sejahtera Buku Tulis 0651,Makanan,SKU-001302,38 sheets,50085,62800,182
Maju Lampu LED 0652,Minuman,SKU-001303,5 W,58591,79400,163
Maju Lampu LED 0652,Minuman,SKU-001304,9 W,125011,177800,171
Jaya Baterai 0653,Snack,SKU-001305,AA,94277,122800,43
Jaya Baterai 0653,Snack,SKU-001306,AAA,146641,176600,24
Jaya Baterai 0653,Snack,SKU-001307,9V,123712,147000,66
Sentosa Kabel USB 0654,Sembako,SKU-001308,1 m,146846,202500,46
Makmur Sapu 0655,Perawatan Diri,SKU-001309,Standard,88284,118900,56
Makmur Sapu 0655,Perawatan Diri,SKU-001310,Premium,93435,113700,78
Fresh Pel 0656,Kebersihan,SKU-001311,Standard,110524,153200,84
Fresh Pel 0656,Kebersihan,SKU-001312,Microfiber,97734,120000,75
Fresh Pel 0656,Kebersihan,SKU-001313,Spray,121872,171300,120
Daily Spons 0657,Elektronik,SKU-001314,Small,14371,20300,149
Choice Vitamin 0658,ATK,SKU-001315,30 tablets,18968,24500,49
Choice Vitamin 0658,ATK,SKU-001316,60 tablets,131497,155900,174
Max Masker 0659,Rumah Tangga,SKU-001317,10 pcs,100352,131400,105
Max Masker 0659,Rumah Tangga,SKU-001318,25 pcs,14472,20400,38
Max Masker 0659,Rumah Tangga,SKU-001319,50 pcs,36309,52600,87
Plus Hand Sanitizer 0660,Kesehatan,SKU-001320,60 ml,107567,155600,117
Nusantara Beras 0661,Makanan,SKU-001321,5 kg,37845,47100,183
Nusantara Beras 0661,Makanan,SKU-001322,10 kg,47579,65800,124
Prima Minyak Goreng 0662,Minuman,SKU-001323,1 L,87496,117200,45
Prima Minyak Goreng 0662,Minuman,SKU-001324,2 L,82459,110500,1
Prima Minyak Goreng 0662,Minuman,SKU-001325,5 L,118803,146400,194
Sejahtera Gula 0663,Snack,SKU-001326,500 g,44498,58900,40
Maju Tepung 0664,Sembako,SKU-001327,500 g,128639,178200,199
Maju Tepung 0664,Sembako,SKU-001328,1 kg,23379,27800,111
Jaya Kopi 0665,Perawatan Diri,SKU-001329,100 g,112867,143500,122
Jaya Kopi 0665,Perawatan Diri,SKU-001330,200 g,100784,116000,136
Jaya Kopi 0665,Perawatan Diri,SKU-001331,500 g,52575,72000,3
Sentosa Teh 0666,Kebersihan,SKU-001332,25 sachet,84766,116700,135
Makmur Susu 0667,Elektronik,SKU-001333,200 ml,50258,58100,1
Makmur Susu 0667,Elektronik,SKU-001334,1 L,65527,79800,88
Fresh Air Mineral 0668,ATK,SKU-001335,330 ml,82113,97600,98
Fresh Air Mineral 0668,ATK,SKU-001336,600 ml,132246,175400,42
Fresh Air Mineral 0668,ATK,SKU-001337,1.5 L,17414,24300,76
Daily Mie Instan 0669,Rumah Tangga,SKU-001338,Original,76538,98500,133
Choice Biskuit 0670,Kesehatan,SKU-001339,50 g,137694,172300,175
Choice Biskuit 0670,Kesehatan,SKU-001340,100 g,35372,44300,125
Max Keripik 0671,Makanan,SKU-001341,50 g,94475,129900,42
Max Keripik 0671,Makanan,SKU-001342,100 g,106046,122600,57
Max Keripik 0671,Makanan,SKU-001343,250 g,34694,42100,5
Plus Saus 0672,Minuman,SKU-001344,135 ml,132586,159200,93
Nusantara Kecap 0673,Snack,SKU-001345,135 ml,10094,12700,163
Nusantara Kecap 0673,Snack,SKU-001346,275 ml,67353,93000,159
Prima Sabun Mandi 0674,Sembako,SKU-001347,70 g,13036,17300,12
Prima Sabun Mandi 0674,Sembako,SKU-001348,100 g,28641,38600,5
Prima Sabun Mandi 0674,Sembako,SKU-001349,250 g,12944,17600,106
Sejahtera Shampoo 0675,Perawatan Diri,SKU-001350,170 ml,116774,147600,140
Maju Pasta Gigi 0676,Kebersihan,SKU-001351,75 g,66553,86000,39
Maju Pasta Gigi 0676,Kebersihan,SKU-001352,120 g,54169,73600,161
Jaya Detergen 0677,Elektronik,SKU-001353,500 g,2739,3400,169
Jaya Detergen 0677,Elektronik,SKU-001354,1 kg,26771,36100,69
Jaya Detergen 0677,Elektronik,SKU-001355,2.5 kg,36256,46200,26
Sentosa Tisu 0678,ATK,SKU-001356,10 sheets,134408,183600,30
Makmur Pewangi 0679,Rumah Tangga,SKU-001357,250 ml,74409,88100,27
Makmur Pewangi 0679,Rumah Tangga,SKU-001358,450 ml,130779,158200,51
Fresh Pulpen 0680,Kesehatan,SKU-001359,0.5 mm,69242,96900,51
Fresh Pulpen 0680,Kesehatan,SKU-001360,0.7 mm,94127,128100,75
Fresh Pulpen 0680,Kesehatan,SKU-001361,1.0 mm,42340,49200,127
Daily Buku Tulis 0681,Makanan,SKU-001362,38 sheets,54745,74300,123
Choice Lampu LED 0682,Minuman,SKU-001363,5 W,86965,106100,3
Choice Lampu LED 0682,Minuman,SKU-001364,9 W,23631,33600,146
Max Baterai 0683,Snack,SKU-001365,AA,129826,155100,23
Max Baterai 0683,Snack,SKU-001366,AAA,134440,157600,185
Max Baterai 0683,Snack,SKU-001367,9V,26852,38200,164
Plus Kabel USB 0684,Sembako,SKU-001368,1 m,60897,78400,75
Nusantara Sapu 0685,Perawatan Diri,SKU-001369,Standard,69538,89700,25
Nusantara Sapu 0685,Perawatan Diri,SKU-001370,Premium,46097,65100,74
Prima Pel 0686,Kebersihan,SKU-001371,Standard,94728,131700,80
Prima Pel 0686,Kebersihan,SKU-001372,Microfiber,111972,153600,24
Prima Pel 0686,Kebersihan,SKU-001373,Spray,12329,14200,35
Sejahtera Spons 0687,Elektronik,SKU-001374,Small,44998,56200,112
Maju Vitamin 0688,ATK,SKU-001375,30 tablets,70635,99800,23
Maju Vitamin 0688,ATK,SKU-001376,60 tablets,97980,136600,46
Jaya Masker 0689,Rumah Tangga,SKU-001377,10 pcs,30140,38300,116
Jaya Masker 0689,Rumah Tangga,SKU-001378,25 pcs,71559,100200,176
Jaya Masker 0689,Rumah Tangga,SKU-001379,50 pcs,125669,174700,166
Sentosa Hand Sanitizer 0690,Kesehatan,SKU-001380,60 ml,44020,52100,178
Makmur Beras 0691,Makanan,SKU-001381,5 kg,15673,22600,40
Makmur Beras 0691,Makanan,SKU-001382,10 kg,27487,35000,151
Fresh Minyak Goreng 0692,Minuman,SKU-001383,1 L,126830,176400,173
Fresh Minyak Goreng 0692,Minuman,SKU-001384,2 L,115161,138700,97
Fresh Minyak Goreng 0692,Minuman,SKU-001385,5 L,94304,125700,175
Daily Gula 0693,Snack,SKU-001386,500 g,34550,44700,124
Choice Tepung 0694,Sembako,SKU-001387,500 g,29905,42400,112
Choice Tepung 0694,Sembako,SKU-001388,1 kg,12351,14400,167
Max Kopi 0695,Perawatan Diri,SKU-001389,100 g,82675,95400,173
Max Kopi 0695,Perawatan Diri,SKU-001390,200 g,137877,190300,147
Max Kopi 0695,Perawatan Diri,SKU-001391,500 g,148414,180600,171
Plus Teh 0696,Kebersihan,SKU-001392,25 sachet,88983,116200,176
Nusantara Susu 0697,Elektronik,SKU-001393,200 ml,25267,32300,186
Nusantara Susu 0697,Elektronik,SKU-001394,1 L,65462,84700,169
Prima Air Mineral 0698,ATK,SKU-001395,330 ml,101193,120900,142
Prima Air Mineral 0698,ATK,SKU-001396,600 ml,14604,16800,40
Prima Air Mineral 0698,ATK,SKU-001397,1.5 L,132831,186600,126
Sejahtera Mie Instan 0699,Rumah Tangga,SKU-001398,Original,43659,51200,125
Maju Biskuit 0700,Kesehatan,SKU-001399,50 g,84352,103100,71
Maju Biskuit 0700,Kesehatan,SKU-001400,100 g,13499,17600,140
Jaya Keripik 0701,Makanan,SKU-001401,50 g,99557,126500,60
Jaya Keripik 0701,Makanan,SKU-001402,100 g,20964,27000,146
Jaya Keripik 0701,Makanan,SKU-001403,250 g,117766,138500,127
Sentosa Saus 0702,Minuman,SKU-001404,135 ml,117496,146300,127
Makmur Kecap 0703,Snack,SKU-001405,135 ml,4958,5900,105
Makmur Kecap 0703,Snack,SKU-001406,275 ml,9693,12800,0
Fresh Sabun Mandi 0704,Sembako,SKU-001407,70 g,24127,33500,158
Fresh Sabun Mandi 0704,Sembako,SKU-001408,100 g,80148,113600,143
Fresh Sabun Mandi 0704,Sembako,SKU-001409,250 g,54524,73400,116
Daily Shampoo 0705,Perawatan Diri,SKU-001410,170 ml,89652,112900,13
Choice Pasta Gigi 0706,Kebersihan,SKU-001411,75 g,58736,82400,84
Choice Pasta Gigi 0706,Kebersihan,SKU-001412,120 g,147140,203100,153
Max Detergen 0707,Elektronik,SKU-001413,500 g,124329,169700,93
Max Detergen 0707,Elektronik,SKU-001414,1 kg,118928,140800,194
Max Detergen 0707,Elektronik,SKU-001415,2.5 kg,58429,67200,90
Plus Tisu 0708,ATK,SKU-001416,10 sheets,76841,101000,95
Nusantara Pewangi 0709,Rumah Tangga,SKU-001417,250 ml,28171,32800,42
Nusantara Pewangi 0709,Rumah Tangga,SKU-001418,450 ml,129385,154200,183
Prima Pulpen 0710,Kesehatan,SKU-001419,0.5 mm,107572,127200,156
Prima Pulpen 0710,Kesehatan,SKU-001420,0.7 mm,51659,62300,100
Prima Pulpen 0710,Kesehatan,SKU-001421,1.0 mm,56815,73100,200
Sejahtera Buku Tulis 0711,Makanan,SKU-001422,38 sheets,50259,68600,27
Maju Lampu LED 0712,Minuman,SKU-001423,5 W,108950,126800,162
Maju Lampu LED 0712,Minuman,SKU-001424,9 W,32601,45000,115
Jaya Baterai 0713,Snack,SKU-001425,AA,120201,162000,129
Jaya Baterai 0713,Snack,SKU-001426,AAA,35594,51200,1
Jaya Baterai 0713,Snack,SKU-001427,9V,139331,191000,141
Sentosa Kabel USB 0714,Sembako,SKU-001428,1 m,113758,159400,123
Makmur Sapu 0715,Perawatan Diri,SKU-001429,Standard,133556,184900,45
Makmur Sapu 0715,Perawatan Diri,SKU-001430,Premium,45821,62700,32
Fresh Pel 0716,Kebersihan,SKU-001431,Standard,27446,34800,153
Fresh Pel 0716,Kebersihan,SKU-001432,Microfiber,84669,110200,98
Fresh Pel 0716,Kebersihan,SKU-001433,Spray,110050,158900,177
Daily Spons 0717,Elektronik,SKU-001434,Small,65374,80500,87
Choice Vitamin 0718,ATK,SKU-001435,30 tablets,77415,99500,34
Choice Vitamin 0718,ATK,SKU-001436,60 tablets,36523,46500,179
Max Masker 0719,Rumah Tangga,SKU-001437,10 pcs,134594,166900,179
Max Masker 0719,Rumah Tangga,SKU-001438,25 pcs,143904,202600,182
Max Masker 0719,Rumah Tangga,SKU-001439,50 pcs,145418,194800,51
Plus Hand Sanitizer 0720,Kesehatan,SKU-001440,60 ml,55274,73900,74
Nusantara Beras 0721,Makanan,SKU-001441,5 kg,90816,129500,33
Nusantara Beras 0721,Makanan,SKU-001442,10 kg,46912,61000,177
Prima Minyak Goreng 0722,Minuman,SKU-001443,1 L,84810,115600,194
Prima Minyak Goreng 0722,Minuman,SKU-001444,2 L,92637,122200,149
Prima Minyak Goreng 0722,Minuman,SKU-001445,5 L,149889,214800,181
Sejahtera Gula 0723,Snack,SKU-001446,500 g,109739,148400,136
Maju Tepung 0724,Sembako,SKU-001447,500 g,75254,106400,108
Maju Tepung 0724,Sembako,SKU-001448,1 kg,3647,4800,6
Jaya Kopi 0725,Perawatan Diri,SKU-001449,100 g,100142,119500,171
Jaya Kopi 0725,Perawatan Diri,SKU-001450,200 g,15138,18300,192
Jaya Kopi 0725,Perawatan Diri,SKU-001451,500 g,42488,61400,174
Sentosa Teh 0726,Kebersihan,SKU-001452,25 sachet,65983,78800,15
Makmur Susu 0727,Elektronik,SKU-001453,200 ml,77669,94100,138
Makmur Susu 0727,Elektronik,SKU-001454,1 L,8768,11000,115
Fresh Air Mineral 0728,ATK,SKU-001455,330 ml,27164,36300,172
Fresh Air Mineral 0728,ATK,SKU-001456,600 ml,147594,208000,190
Fresh Air Mineral 0728,ATK,SKU-001457,1.5 L,147433,186700,130
Daily Mie Instan 0729,Rumah Tangga,SKU-001458,Original,75702,102800,12
Choice Biskuit 0730,Kesehatan,SKU-001459,50 g,100329,127000,175
Choice Biskuit 0730,Kesehatan,SKU-001460,100 g,82260,118400,13
Max Keripik 0731,Makanan,SKU-001461,50 g,3698,5100,51
Max Keripik 0731,Makanan,SKU-001462,100 g,116446,162900,162
Max Keripik 0731,Makanan,SKU-001463,250 g,96701,133100,139
Plus Saus 0732,Minuman,SKU-001464,135 ml,51803,71600,49
Nusantara Kecap 0733,Snack,SKU-001465,135 ml,77416,99500,174
Nusantara Kecap 0733,Snack,SKU-001466,275 ml,19821,23900,44
Prima Sabun Mandi 0734,Sembako,SKU-001467,70 g,135001,160100,10
Prima Sabun Mandi 0734,Sembako,SKU-001468,100 g,112630,139000,67
Prima Sabun Mandi 0734,Sembako,SKU-001469,250 g,34396,41200,65
Sejahtera Shampoo 0735,Perawatan Diri,SKU-001470,170 ml,1779,2200,181
Maju Pasta Gigi 0736,Kebersihan,SKU-001471,75 g,40881,47500,82
Maju Pasta Gigi 0736,Kebersihan,SKU-001472,120 g,13631,18800,160
Jaya Detergen 0737,Elektronik,SKU-001473,500 g,79245,102800,146
Jaya Detergen 0737,Elektronik,SKU-001474,1 kg,144521,181700,200
Jaya Detergen 0737,Elektronik,SKU-001475,2.5 kg,83624,109300,47
Sentosa Tisu 0738,ATK,SKU-001476,10 sheets,136773,160100,129
Makmur Pewangi 0739,Rumah Tangga,SKU-001477,250 ml,42078,53600,137
Makmur Pewangi 0739,Rumah Tangga,SKU-001478,450 ml,106053,124900,56
Fresh Pulpen 0740,Kesehatan,SKU-001479,0.5 mm,56229,75900,84
Fresh Pulpen 0740,Kesehatan,SKU-001480,0.7 mm,94880,117500,192
Fresh Pulpen 0740,Kesehatan,SKU-001481,1.0 mm,139367,180100,143
Daily Buku Tulis 0741,Makanan,SKU-001482,38 sheets,2607,3100,88
Choice Lampu LED 0742,Minuman,SKU-001483,5 W,117128,143100,164
Choice Lampu LED 0742,Minuman,SKU-001484,9 W,64217,92300,174
Max Baterai 0743,Snack,SKU-001485,AA,84431,106800,29
Max Baterai 0743,Snack,SKU-001486,AAA,101455,124500,185
Max Baterai 0743,Snack,SKU-001487,9V,74441,86200,132
Plus Kabel USB 0744,Sembako,SKU-001488,1 m,98593,128600,130
Nusantara Sapu 0745,Perawatan Diri,SKU-001489,Standard,117100,151800,75
Nusantara Sapu 0745,Perawatan Diri,SKU-001490,Premium,50765,63300,21
Prima Pel 0746,Kebersihan,SKU-001491,Standard,25454,30600,197
Prima Pel 0746,Kebersihan,SKU-001492,Microfiber,141326,185100,160
Prima Pel 0746,Kebersihan,SKU-001493,Spray,17463,21200,161
Sejahtera Spons 0747,Elektronik,SKU-001494,Small,56182,79200,108
Maju Vitamin 0748,ATK,SKU-001495,30 tablets,27543,33400,179
Maju Vitamin 0748,ATK,SKU-001496,60 tablets,114394,153700,18
Jaya Masker 0749,Rumah Tangga,SKU-001497,10 pcs,40605,47000,183
Jaya Masker 0749,Rumah Tangga,SKU-001498,25 pcs,87257,101300,18
Jaya Masker 0749,Rumah Tangga,SKU-001499,50 pcs,14526,17500,64
Sentosa Hand Sanitizer 0750,Kesehatan,SKU-001500,60 ml,146598,171700,58
Makmur Beras 0751,Makanan,SKU-001501,5 kg,68103,86600,115
Makmur Beras 0751,Makanan,SKU-001502,10 kg,106323,136100,4
Fresh Minyak Goreng 0752,Minuman,SKU-001503,1 L,102405,138500,136
Fresh Minyak Goreng 0752,Minuman,SKU-001504,2 L,1846,2500,158
Fresh Minyak Goreng 0752,Minuman,SKU-001505,5 L,16877,23200,149
Daily Gula 0753,Snack,SKU-001506,500 g,12231,16600,18
Choice Tepung 0754,Sembako,SKU-001507,500 g,94068,134400,27
Choice Tepung 0754,Sembako,SKU-001508,1 kg,76278,105700,77
Max Kopi 0755,Perawatan Diri,SKU-001509,100 g,22976,28400,112
Max Kopi 0755,Perawatan Diri,SKU-001510,200 g,100285,127200,169
Max Kopi 0755,Perawatan Diri,SKU-001511,500 g,8379,10800,136
Plus Teh 0756,Kebersihan,SKU-001512,25 sachet,57936,69000,100
Nusantara Susu 0757,Elektronik,SKU-001513,200 ml,143358,177500,162
Nusantara Susu 0757,Elektronik,SKU-001514,1 L,38068,47200,186
Prima Air Mineral 0758,ATK,SKU-001515,330 ml,98113,141000,2
Prima Air Mineral 0758,ATK,SKU-001516,600 ml,145403,205400,36
Prima Air Mineral 0758,ATK,SKU-001517,1.5 L,32605,37900,146
Sejahtera Mie Instan 0759,Rumah Tangga,SKU-001518,Original,103606,135800,21
Maju Biskuit 0760,Kesehatan,SKU-001519,50 g,80172,97200,189
Maju Biskuit 0760,Kesehatan,SKU-001520,100 g,90438,109700,165
Jaya Keripik 0761,Makanan,SKU-001521,50 g,134662,160600,47
Jaya Keripik 0761,Makanan,SKU-001522,100 g,58178,77700,64
Jaya Keripik 0761,Makanan,SKU-001523,250 g,51241,60700,171
Sentosa Saus 0762,Minuman,SKU-001524,135 ml,149012,209500,192
Makmur Kecap 0763,Snack,SKU-001525,135 ml,144178,185800,140
Makmur Kecap 0763,Snack,SKU-001526,275 ml,19474,24100,17
Fresh Sabun Mandi 0764,Sembako,SKU-001527,70 g,66016,77900,185
Fresh Sabun Mandi 0764,Sembako,SKU-001528,100 g,128014,183800,91
Fresh Sabun Mandi 0764,Sembako,SKU-001529,250 g,33910,45800,60
Daily Shampoo 0765,Perawatan Diri,SKU-001530,170 ml,26526,32800,17
Choice Pasta Gigi 0766,Kebersihan,SKU-001531,75 g,51024,63500,115
Choice Pasta Gigi 0766,Kebersihan,SKU-001532,120 g,86373,115300,78
Max Detergen 0767,Elektronik,SKU-001533,500 g,40249,53100,93
Max Detergen 0767,Elektronik,SKU-001534,1 kg,83224,119600,43
Max Detergen 0767,Elektronik,SKU-001535,2.5 kg,1566,1900,56
Plus Tisu 0768,ATK,SKU-001536,10 sheets,114627,141300,92
Nusantara Pewangi 0769,Rumah Tangga,SKU-001537,250 ml,35507,48100,84
Nusantara Pewangi 0769,Rumah Tangga,SKU-001538,450 ml,126117,162500,91
Prima Pulpen 0770,Kesehatan,SKU-001539,0.5 mm,80377,104200,27
Prima Pulpen 0770,Kesehatan,SKU-001540,0.7 mm,46377,62300,20
Prima Pulpen 0770,Kesehatan,SKU-001541,1.0 mm,73861,104000,35
Sejahtera Buku Tulis 0771,Makanan,SKU-001542,38 sheets,141495,171100,187
Maju Lampu LED 0772,Minuman,SKU-001543,5 W,20344,27800,4
Maju Lampu LED 0772,Minuman,SKU-001544,9 W,133253,178500,148
Jaya Baterai 0773,Snack,SKU-001545,AA,106503,147100,54
Jaya Baterai 0773,Snack,SKU-001546,AAA,9909,13000,139
Jaya Baterai 0773,Snack,SKU-001547,9V,141773,183100,198
Sentosa Kabel USB 0774,Sembako,SKU-001548,1 m,39263,49500,57
Makmur Sapu 0775,Perawatan Diri,SKU-001549,Standard,76583,91100,128
Makmur Sapu 0775,Perawatan Diri,SKU-001550,Premium,134101,157900,93
Fresh Pel 0776,Kebersihan,SKU-001551,Standard,131940,152200,61
Fresh Pel 0776,Kebersihan,SKU-001552,Microfiber,43774,60300,35
Fresh Pel 0776,Kebersihan,SKU-001553,Spray,117274,140500,144
Daily Spons 0777,Elektronik,SKU-001554,Small,148624,200300,37
Choice Vitamin 0778,ATK,SKU-001555,30 tablets,127047,181900,10
Choice Vitamin 0778,ATK,SKU-001556,60 tablets,57662,79500,59
Max Masker 0779,Rumah Tangga,SKU-001557,10 pcs,16778,20600,59
Max Masker 0779,Rumah Tangga,SKU-001558,25 pcs,11521,15600,132
Max Masker 0779,Rumah Tangga,SKU-001559,50 pcs,94999,120300,116
Plus Hand Sanitizer 0780,Kesehatan,SKU-001560,60 ml,12473,14500,166
Nusantara Beras 0781,Makanan,SKU-001561,5 kg,85253,100700,133
Nusantara Beras 0781,Makanan,SKU-001562,10 kg,71995,100800,67
Prima Minyak Goreng 0782,Minuman,SKU-001563,1 L,142998,188900,96
Prima Minyak Goreng 0782,Minuman,SKU-001564,2 L,99526,125400,167
Prima Minyak Goreng 0782,Minuman,SKU-001565,5 L,20704,27000,96
Sejahtera Gula 0783,Snack,SKU-001566,500 g,58731,76600,90
Maju Tepung 0784,Sembako,SKU-001567,500 g,90748,117600,123
Maju Tepung 0784,Sembako,SKU-001568,1 kg,2029,2600,35
Jaya Kopi 0785,Perawatan Diri,SKU-001569,100 g,115616,138700,19
Jaya Kopi 0785,Perawatan Diri,SKU-001570,200 g,135183,181600,54
Jaya Kopi 0785,Perawatan Diri,SKU-001571,500 g,39684,47900,92
Sentosa Teh 0786,Kebersihan,SKU-001572,25 sachet,31319,42200,106
Makmur Susu 0787,Elektronik,SKU-001573,200 ml,86866,118700,123
Makmur Susu 0787,Elektronik,SKU-001574,1 L,125818,162800,151
Fresh Air Mineral 0788,ATK,SKU-001575,330 ml,42569,57200,105
Fresh Air Mineral 0788,ATK,SKU-001576,600 ml,6184,7600,32
Fresh Air Mineral 0788,ATK,SKU-001577,1.5 L,42539,50600,131
Daily Mie Instan 0789,Rumah Tangga,SKU-001578,Original,10573,15000,37
Choice Biskuit 0790,Kesehatan,SKU-001579,50 g,14956,17900,46
Choice Biskuit 0790,Kesehatan,SKU-001580,100 g,135734,195100,153
Max Keripik 0791,Makanan,SKU-001581,50 g,148045,198600,184
Max Keripik 0791,Makanan,SKU-001582,100 g,74605,107000,55
Max Keripik 0791,Makanan,SKU-001583,250 g,118055,157200,120
Plus Saus 0792,Minuman,SKU-001584,135 ml,126566,152000,105
Nusantara Kecap 0793,Snack,SKU-001585,135 ml,37711,52400,196
Nusantara Kecap 0793,Snack,SKU-001586,275 ml,47979,64100,130
Prima Sabun Mandi 0794,Sembako,SKU-001587,70 g,69642,83600,175
Prima Sabun Mandi 0794,Sembako,SKU-001588,100 g,90129,128600,152
Prima Sabun Mandi 0794,Sembako,SKU-001589,250 g,18346,22400,98
Sejahtera Shampoo 0795,Perawatan Diri,SKU-001590,170 ml,34958,41300,51
Maju Pasta Gigi 0796,Kebersihan,SKU-001591,75 g,137325,193300,129
Maju Pasta Gigi 0796,Kebersihan,SKU-001592,120 g,110346,154300,155
Jaya Detergen 0797,Elektronik,SKU-001593,500 g,25544,30700,157
Jaya Detergen 0797,Elektronik,SKU-001594,1 kg,10533,14900,136
Jaya Detergen 0797,Elektronik,SKU-001595,2.5 kg,132244,181900,23
Sentosa Tisu 0798,ATK,SKU-001596,10 sheets,126716,170800,154
Makmur Pewangi 0799,Rumah Tangga,SKU-001597,250 ml,141670,198100,198
Makmur Pewangi 0799,Rumah Tangga,SKU-001598,450 ml,113414,148200,94
Fresh Pulpen 0800,Kesehatan,SKU-001599,0.5 mm,11687,15900,109
Fresh Pulpen 0800,Kesehatan,SKU-001600,0.7 mm,60458,86500,123
Fresh Pulpen 0800,Kesehatan,SKU-001601,1.0 mm,100238,125800,189
Daily Buku Tulis 0801,Makanan,SKU-001602,38 sheets,25915,33100,65
Choice Lampu LED 0802,Minuman,SKU-001603,5 W,125379,173000,21
Choice Lampu LED 0802,Minuman,SKU-001604,9 W,74556,99100,139
Max Baterai 0803,Snack,SKU-001605,AA,107424,131800,1
Max Baterai 0803,Snack,SKU-001606,AAA,2164,2900,30
Max Baterai 0803,Snack,SKU-001607,9V,136552,157300,167
Plus Kabel USB 0804,Sembako,SKU-001608,1 m,54149,73400,80
Nusantara Sapu 0805,Perawatan Diri,SKU-001609,Standard,107476,135300,39
Nusantara Sapu 0805,Perawatan Diri,SKU-001610,Premium,111992,150700,64
Prima Pel 0806,Kebersihan,SKU-001611,Standard,68798,96800,108
Prima Pel 0806,Kebersihan,SKU-001612,Microfiber,148324,186800,70
Prima Pel 0806,Kebersihan,SKU-001613,Spray,104490,143800,105
Sejahtera Spons 0807,Elektronik,SKU-001614,Small,145030,200900,123
Maju Vitamin 0808,ATK,SKU-001615,30 tablets,47150,59500,142
Maju Vitamin 0808,ATK,SKU-001616,60 tablets,127114,155900,78
Jaya Masker 0809,Rumah Tangga,SKU-001617,10 pcs,90570,125200,101
Jaya Masker 0809,Rumah Tangga,SKU-001618,25 pcs,36493,51300,168
Jaya Masker 0809,Rumah Tangga,SKU-001619,50 pcs,31517,43300,114
Sentosa Hand Sanitizer 0810,Kesehatan,SKU-001620,60 ml,42713,50400,130
Makmur Beras 0811,Makanan,SKU-001621,5 kg,105304,145900,140
Makmur Beras 0811,Makanan,SKU-001622,10 kg,13945,16700,162
Fresh Minyak Goreng 0812,Minuman,SKU-001623,1 L,1686,2300,37
Fresh Minyak Goreng 0812,Minuman,SKU-001624,2 L,123945,177000,111
Fresh Minyak Goreng 0812,Minuman,SKU-001625,5 L,23405,27400,56
Daily Gula 0813,Snack,SKU-001626,500 g,97512,114500,9
Choice Tepung 0814,Sembako,SKU-001627,500 g,101048,144400,102
Choice Tepung 0814,Sembako,SKU-001628,1 kg,136878,169200,152
Max Kopi 0815,Perawatan Diri,SKU-001629,100 g,15363,22000,44
Max Kopi 0815,Perawatan Diri,SKU-001630,200 g,129895,166500,51
Max Kopi 0815,Perawatan Diri,SKU-001631,500 g,136130,168200,8
Plus Teh 0816,Kebersihan,SKU-001632,25 sachet,134137,175000,59
Nusantara Susu 0817,Elektronik,SKU-001633,200 ml,44728,60500,92
Nusantara Susu 0817,Elektronik,SKU-001634,1 L,63019,84900,40
Prima Air Mineral 0818,ATK,SKU-001635,330 ml,23065,33400,199
Prima Air Mineral 0818,ATK,SKU-001636,600 ml,105009,131900,101
Prima Air Mineral 0818,ATK,SKU-001637,1.5 L,106586,141300,132
Sejahtera Mie Instan 0819,Rumah Tangga,SKU-001638,Original,4328,5900,17
Maju Biskuit 0820,Kesehatan,SKU-001639,50 g,23936,31500,185
Maju Biskuit 0820,Kesehatan,SKU-001640,100 g,146868,209200,89
Jaya Keripik 0821,Makanan,SKU-001641,50 g,91388,131500,70
Jaya Keripik 0821,Makanan,SKU-001642,100 g,59622,79400,49
Jaya Keripik 0821,Makanan,SKU-001643,250 g,119512,170800,147
Sentosa Saus 0822,Minuman,SKU-001644,135 ml,1519,1900,104
Makmur Kecap 0823,Snack,SKU-001645,135 ml,133007,157200,18
Makmur Kecap 0823,Snack,SKU-001646,275 ml,132202,163700,29
Fresh Sabun Mandi 0824,Sembako,SKU-001647,70 g,134855,193800,137
Fresh Sabun Mandi 0824,Sembako,SKU-001648,100 g,65873,89500,96
Fresh Sabun Mandi 0824,Sembako,SKU-001649,250 g,147931,191600,62
Daily Shampoo 0825,Perawatan Diri,SKU-001650,170 ml,89340,128500,117
Choice Pasta Gigi 0826,Kebersihan,SKU-001651,75 g,121075,171800,7
Choice Pasta Gigi 0826,Kebersihan,SKU-001652,120 g,126645,150100,17
Max Detergen 0827,Elektronik,SKU-001653,500 g,100615,134800,56
Max Detergen 0827,Elektronik,SKU-001654,1 kg,60574,84200,105
Max Detergen 0827,Elektronik,SKU-001655,2.5 kg,92862,121200,2
Plus Tisu 0828,ATK,SKU-001656,10 sheets,69335,84900,23
Nusantara Pewangi 0829,Rumah Tangga,SKU-001657,250 ml,104877,141800,87
Nusantara Pewangi 0829,Rumah Tangga,SKU-001658,450 ml,20230,26600,45
Prima Pulpen 0830,Kesehatan,SKU-001659,0.5 mm,125226,155800,55
Prima Pulpen 0830,Kesehatan,SKU-001660,0.7 mm,70836,85300,191
Prima Pulpen 0830,Kesehatan,SKU-001661,1.0 mm,50151,65200,51
Sejahtera Buku Tulis 0831,Makanan,SKU-001662,38 sheets,61867,84800,67
Maju Lampu LED 0832,Minuman,SKU-001663,5 W,54505,66400,63
Maju Lampu LED 0832,Minuman,SKU-001664,9 W,93630,112100,27
Jaya Baterai 0833,Snack,SKU-001665,AA,31725,45200,173
Jaya Baterai 0833,Snack,SKU-001666,AAA,129449,172700,195
Jaya Baterai 0833,Snack,SKU-001667,9V,142244,204500,123
Sentosa Kabel USB 0834,Sembako,SKU-001668,1 m,97606,130400,126
Makmur Sapu 0835,Perawatan Diri,SKU-001669,Standard,72319,93800,195
Makmur Sapu 0835,Perawatan Diri,SKU-001670,Premium,134290,165700,56
Fresh Pel 0836,Kebersihan,SKU-001671,Standard,33918,39600,108
Fresh Pel 0836,Kebersihan,SKU-001672,Microfiber,125688,180000,8
Fresh Pel 0836,Kebersihan,SKU-001673,Spray,132020,165600,175
Daily Spons 0837,Elektronik,SKU-001674,Small,46122,59400,30
Choice Vitamin 0838,ATK,SKU-001675,30 tablets,136144,175400,176
Choice Vitamin 0838,ATK,SKU-001676,60 tablets,2506,2900,53
Max Masker 0839,Rumah Tangga,SKU-001677,10 pcs,99764,132100,83
Max Masker 0839,Rumah Tangga,SKU-001678,25 pcs,95091,126800,66
Max Masker 0839,Rumah Tangga,SKU-001679,50 pcs,49360,64900,60
Plus Hand Sanitizer 0840,Kesehatan,SKU-001680,60 ml,70923,91600,156
Nusantara Beras 0841,Makanan,SKU-001681,5 kg,90240,113700,127
Nusantara Beras 0841,Makanan,SKU-001682,10 kg,111434,135200,179
Prima Minyak Goreng 0842,Minuman,SKU-001683,1 L,97898,123300,102
Prima Minyak Goreng 0842,Minuman,SKU-001684,2 L,73603,94600,146
Prima Minyak Goreng 0842,Minuman,SKU-001685,5 L,34677,50100,175
Sejahtera Gula 0843,Snack,SKU-001686,500 g,60217,84000,184
Maju Tepung 0844,Sembako,SKU-001687,500 g,71065,98900,142
Maju Tepung 0844,Sembako,SKU-001688,1 kg,113603,159800,50
Jaya Kopi 0845,Perawatan Diri,SKU-001689,100 g,38532,53600,189
Jaya Kopi 0845,Perawatan Diri,SKU-001690,200 g,39503,51000,2
Jaya Kopi 0845,Perawatan Diri,SKU-001691,500 g,46596,59500,34
Sentosa Teh 0846,Kebersihan,SKU-001692,25 sachet,135830,178000,80
Makmur Susu 0847,Elektronik,SKU-001693,200 ml,127864,158600,143
Makmur Susu 0847,Elektronik,SKU-001694,1 L,149154,173700,25
Fresh Air Mineral 0848,ATK,SKU-001695,330 ml,43119,50400,65
Fresh Air Mineral 0848,ATK,SKU-001696,600 ml,125221,175500,24
Fresh Air Mineral 0848,ATK,SKU-001697,1.5 L,118226,162400,66
Daily Mie Instan 0849,Rumah Tangga,SKU-001698,Original,94924,119400,142
Choice Biskuit 0850,Kesehatan,SKU-001699,50 g,67858,85000,105
Choice Biskuit 0850,Kesehatan,SKU-001700,100 g,32081,40300,173
Max Keripik 0851,Makanan,SKU-001701,50 g,52455,69400,166
Max Keripik 0851,Makanan,SKU-001702,100 g,141448,170100,199
Max Keripik 0851,Makanan,SKU-001703,250 g,74908,94100,172
Plus Saus 0852,Minuman,SKU-001704,135 ml,134109,173800,188
Nusantara Kecap 0853,Snack,SKU-001705,135 ml,117460,166400,97
Nusantara Kecap 0853,Snack,SKU-001706,275 ml,75410,97200,37
Prima Sabun Mandi 0854,Sembako,SKU-001707,70 g,44228,59400,86
Prima Sabun Mandi 0854,Sembako,SKU-001708,100 g,110876,148500,146
Prima Sabun Mandi 0854,Sembako,SKU-001709,250 g,106408,149500,18
Sejahtera Shampoo 0855,Perawatan Diri,SKU-001710,170 ml,21038,25200,58
Maju Pasta Gigi 0856,Kebersihan,SKU-001711,75 g,82477,102700,74
Maju Pasta Gigi 0856,Kebersihan,SKU-001712,120 g,70416,93800,101
Jaya Detergen 0857,Elektronik,SKU-001713,500 g,71406,101100,199
Jaya Detergen 0857,Elektronik,SKU-001714,1 kg,95501,131300,133
Jaya Detergen 0857,Elektronik,SKU-001715,2.5 kg,118340,150800,47
Sentosa Tisu 0858,ATK,SKU-001716,10 sheets,6355,7500,60
Makmur Pewangi 0859,Rumah Tangga,SKU-001717,250 ml,66267,94900,179
Makmur Pewangi 0859,Rumah Tangga,SKU-001718,450 ml,21288,25800,101
Fresh Pulpen 0860,Kesehatan,SKU-001719,0.5 mm,27303,32200,121
Fresh Pulpen 0860,Kesehatan,SKU-001720,0.7 mm,144068,168000,197
Fresh Pulpen 0860,Kesehatan,SKU-001721,1.0 mm,104374,136400,21
Daily Buku Tulis 0861,Makanan,SKU-001722,38 sheets,27544,33800,39
Choice Lampu LED 0862,Minuman,SKU-001723,5 W,22401,30200,99
Choice Lampu LED 0862,Minuman,SKU-001724,9 W,81399,99200,188
Max Baterai 0863,Snack,SKU-001725,AA,74794,96000,32
Max Baterai 0863,Snack,SKU-001726,AAA,34713,45400,43
Max Baterai 0863,Snack,SKU-001727,9V,7789,9000,91
Plus Kabel USB 0864,Sembako,SKU-001728,1 m,85549,120600,119
Nusantara Sapu 0865,Perawatan Diri,SKU-001729,Standard,142010,203100,140
Nusantara Sapu 0865,Perawatan Diri,SKU-001730,Premium,116913,139200,178
Prima Pel 0866,Kebersihan,SKU-001731,Standard,141671,170400,152
Prima Pel 0866,Kebersihan,SKU-001732,Microfiber,119980,160700,162
Prima Pel 0866,Kebersihan,SKU-001733,Spray,148145,189700,163
Sejahtera Spons 0867,Elektronik,SKU-001734,Small,140228,174300,88
Maju Vitamin 0868,ATK,SKU-001735,30 tablets,126562,166000,22
Maju Vitamin 0868,ATK,SKU-001736,60 tablets,116131,144300,105
Jaya Masker 0869,Rumah Tangga,SKU-001737,10 pcs,68406,81900,2
Jaya Masker 0869,Rumah Tangga,SKU-001738,25 pcs,324,400,194
Jaya Masker 0869,Rumah Tangga,SKU-001739,50 pcs,36030,45200,120
Sentosa Hand Sanitizer 0870,Kesehatan,SKU-001740,60 ml,140572,162000,125
Makmur Beras 0871,Makanan,SKU-001741,5 kg,125360,155400,196
Makmur Beras 0871,Makanan,SKU-001742,10 kg,113136,157200,152
Fresh Minyak Goreng 0872,Minuman,SKU-001743,1 L,60911,84600,140
Fresh Minyak Goreng 0872,Minuman,SKU-001744,2 L,98248,118500,143
Fresh Minyak Goreng 0872,Minuman,SKU-001745,5 L,114884,145700,41
Daily Gula 0873,Snack,SKU-001746,500 g,102463,143300,56
Choice Tepung 0874,Sembako,SKU-001747,500 g,69238,81300,160
Choice Tepung 0874,Sembako,SKU-001748,1 kg,63099,82300,156
Max Kopi 0875,Perawatan Diri,SKU-001749,100 g,71567,88400,190
Max Kopi 0875,Perawatan Diri,SKU-001750,200 g,139745,194600,105
Max Kopi 0875,Perawatan Diri,SKU-001751,500 g,49583,69700,46
Plus Teh 0876,Kebersihan,SKU-001752,25 sachet,36115,44700,163
Nusantara Susu 0877,Elektronik,SKU-001753,200 ml,119665,159800,69
Nusantara Susu 0877,Elektronik,SKU-001754,1 L,129273,155900,4
Prima Air Mineral 0878,ATK,SKU-001755,330 ml,40185,46800,136
Prima Air Mineral 0878,ATK,SKU-001756,600 ml,6101,7400,26
Prima Air Mineral 0878,ATK,SKU-001757,1.5 L,74254,91400,183
Sejahtera Mie Instan 0879,Rumah Tangga,SKU-001758,Original,115228,157600,59
Maju Biskuit 0880,Kesehatan,SKU-001759,50 g,23944,28600,126
Maju Biskuit 0880,Kesehatan,SKU-001760,100 g,57234,71700,79
Jaya Keripik 0881,Makanan,SKU-001761,50 g,130951,189800,118
Jaya Keripik 0881,Makanan,SKU-001762,100 g,8619,10800,192
Jaya Keripik 0881,Makanan,SKU-001763,250 g,38596,45000,198
Sentosa Saus 0882,Minuman,SKU-001764,135 ml,103171,120900,120
Makmur Kecap 0883,Snack,SKU-001765,135 ml,47906,57900,64
Makmur Kecap 0883,Snack,SKU-001766,275 ml,100328,140300,31
Fresh Sabun Mandi 0884,Sembako,SKU-001767,70 g,65563,83000,113
Fresh Sabun Mandi 0884,Sembako,SKU-001768,100 g,65092,89300,8
Fresh Sabun Mandi 0884,Sembako,SKU-001769,250 g,52513,67600,197
Daily Shampoo 0885,Perawatan Diri,SKU-001770,170 ml,24931,32600,53
Choice Pasta Gigi 0886,Kebersihan,SKU-001771,75 g,124248,157400,79
Choice Pasta Gigi 0886,Kebersihan,SKU-001772,120 g,84989,101800,186
Max Detergen 0887,Elektronik,SKU-001773,500 g,11358,15600,140
Max Detergen 0887,Elektronik,SKU-001774,1 kg,136857,162400,123
Max Detergen 0887,Elektronik,SKU-001775,2.5 kg,78632,95100,13
Plus Tisu 0888,ATK,SKU-001776,10 sheets,57391,82800,60
Nusantara Pewangi 0889,Rumah Tangga,SKU-001777,250 ml,114112,142300,42
Nusantara Pewangi 0889,Rumah Tangga,SKU-001778,450 ml,72677,96300,101
Prima Pulpen 0890,Kesehatan,SKU-001779,0.5 mm,64024,73800,10
Prima Pulpen 0890,Kesehatan,SKU-001780,0.7 mm,124889,169400,39
Prima Pulpen 0890,Kesehatan,SKU-001781,1.0 mm,97659,134900,63
Sejahtera Buku Tulis 0891,Makanan,SKU-001782,38 sheets,41639,54100,175
Maju Lampu LED 0892,Minuman,SKU-001783,5 W,89015,127200,194
Maju Lampu LED 0892,Minuman,SKU-001784,9 W,16042,18700,165
Jaya Baterai 0893,Snack,SKU-001785,AA,40648,55300,27
Jaya Baterai 0893,Snack,SKU-001786,AAA,33284,43100,81
Jaya Baterai 0893,Snack,SKU-001787,9V,146668,203400,193
Sentosa Kabel USB 0894,Sembako,SKU-001788,1 m,91347,127100,112
Makmur Sapu 0895,Perawatan Diri,SKU-001789,Standard,50884,58800,96
Makmur Sapu 0895,Perawatan Diri,SKU-001790,Premium,94191,128800,64
Fresh Pel 0896,Kebersihan,SKU-001791,Standard,10651,13800,112
Fresh Pel 0896,Kebersihan,SKU-001792,Microfiber,146844,181900,178
Fresh Pel 0896,Kebersihan,SKU-001793,Spray,128774,155400,47
Daily Spons 0897,Elektronik,SKU-001794,Small,142806,179100,187
Choice Vitamin 0898,ATK,SKU-001795,30 tablets,123086,151700,153
Choice Vitamin 0898,ATK,SKU-001796,60 tablets,145664,174500,135
Max Masker 0899,Rumah Tangga,SKU-001797,10 pcs,40938,52600,67
Max Masker 0899,Rumah Tangga,SKU-001798,25 pcs,142278,179300,0
Max Masker 0899,Rumah Tangga,SKU-001799,50 pcs,132933,168000,47
Plus Hand Sanitizer 0900,Kesehatan,SKU-001800,60 ml,5207,7000,93
Nusantara Beras 0901,Makanan,SKU-001801,5 kg,62896,78400,16
Nusantara Beras 0901,Makanan,SKU-001802,10 kg,141584,197600,48
Prima Minyak Goreng 0902,Minuman,SKU-001803,1 L,137681,186600,196
Prima Minyak Goreng 0902,Minuman,SKU-001804,2 L,144863,173300,72
Prima Minyak Goreng 0902,Minuman,SKU-001805,5 L,84867,108000,82
Sejahtera Gula 0903,Snack,SKU-001806,500 g,29257,34500,168
Maju Tepung 0904,Sembako,SKU-001807,500 g,17779,20700,33
Maju Tepung 0904,Sembako,SKU-001808,1 kg,47129,66500,51
Jaya Kopi 0905,Perawatan Diri,SKU-001809,100 g,28363,36700,25
Jaya Kopi 0905,Perawatan Diri,SKU-001810,200 g,8640,11400,99
Jaya Kopi 0905,Perawatan Diri,SKU-001811,500 g,128726,168300,179
Sentosa Teh 0906,Kebersihan,SKU-001812,25 sachet,67392,78500,56
Makmur Susu 0907,Elektronik,SKU-001813,200 ml,18879,21800,53
Makmur Susu 0907,Elektronik,SKU-001814,1 L,129119,184400,20
Fresh Air Mineral 0908,ATK,SKU-001815,330 ml,122998,171000,15
Fresh Air Mineral 0908,ATK,SKU-001816,600 ml,94914,125000,106
Fresh Air Mineral 0908,ATK,SKU-001817,1.5 L,97049,134700,14
Daily Mie Instan 0909,Rumah Tangga,SKU-001818,Original,69981,91600,187
Choice Biskuit 0910,Kesehatan,SKU-001819,50 g,18751,26300,19
Choice Biskuit 0910,Kesehatan,SKU-001820,100 g,56896,81800,24
Max Keripik 0911,Makanan,SKU-001821,50 g,26835,36700,136
Max Keripik 0911,Makanan,SKU-001822,100 g,101312,122300,134
Max Keripik 0911,Makanan,SKU-001823,250 g,65511,86500,45
Plus Saus 0912,Minuman,SKU-001824,135 ml,146687,201700,106
Nusantara Kecap 0913,Snack,SKU-001825,135 ml,27959,38600,147
Nusantara Kecap 0913,Snack,SKU-001826,275 ml,94137,127300,179
Prima Sabun Mandi 0914,Sembako,SKU-001827,70 g,112255,158800,42
Prima Sabun Mandi 0914,Sembako,SKU-001828,100 g,47589,62600,129
Prima Sabun Mandi 0914,Sembako,SKU-001829,250 g,88776,119600,136
Sejahtera Shampoo 0915,Perawatan Diri,SKU-001830,170 ml,116432,166500,80
Maju Pasta Gigi 0916,Kebersihan,SKU-001831,75 g,144500,209200,83
Maju Pasta Gigi 0916,Kebersihan,SKU-001832,120 g,97744,124500,162
Jaya Detergen 0917,Elektronik,SKU-001833,500 g,113176,158200,82
Jaya Detergen 0917,Elektronik,SKU-001834,1 kg,63403,83600,54
Jaya Detergen 0917,Elektronik,SKU-001835,2.5 kg,98620,136100,190
Sentosa Tisu 0918,ATK,SKU-001836,10 sheets,66907,84200,115
Makmur Pewangi 0919,Rumah Tangga,SKU-001837,250 ml,117609,169100,0
Makmur Pewangi 0919,Rumah Tangga,SKU-001838,450 ml,9386,13600,152
Fresh Pulpen 0920,Kesehatan,SKU-001839,0.5 mm,4573,6000,77
Fresh Pulpen 0920,Kesehatan,SKU-001840,0.7 mm,2021,2500,56
Fresh Pulpen 0920,Kesehatan,SKU-001841,1.0 mm,56614,79600,5
Daily Buku Tulis 0921,Makanan,SKU-001842,38 sheets,72640,103600,130
Choice Lampu LED 0922,Minuman,SKU-001843,5 W,146136,193100,146
Choice Lampu LED 0922,Minuman,SKU-001844,9 W,40857,48100,117
Max Baterai 0923,Snack,SKU-001845,AA,93533,111900,67
Max Baterai 0923,Snack,SKU-001846,AAA,96528,136800,63
Max Baterai 0923,Snack,SKU-001847,9V,61378,75300,76
Plus Kabel USB 0924,Sembako,SKU-001848,1 m,24392,32200,145
Nusantara Sapu 0925,Perawatan Diri,SKU-001849,Standard,57299,78500,185
Nusantara Sapu 0925,Perawatan Diri,SKU-001850,Premium,85416,118500,44
Prima Pel 0926,Kebersihan,SKU-001851,Standard,128298,179300,176
Prima Pel 0926,Kebersihan,SKU-001852,Microfiber,25299,33600,76
Prima Pel 0926,Kebersihan,SKU-001853,Spray,10096,13800,147
Sejahtera Spons 0927,Elektronik,SKU-001854,Small,100320,117700,14
Maju Vitamin 0928,ATK,SKU-001855,30 tablets,87958,110300,111
Maju Vitamin 0928,ATK,SKU-001856,60 tablets,109488,156500,30
Jaya Masker 0929,Rumah Tangga,SKU-001857,10 pcs,59732,82100,154
Jaya Masker 0929,Rumah Tangga,SKU-001858,25 pcs,3297,4400,161
Jaya Masker 0929,Rumah Tangga,SKU-001859,50 pcs,100566,117300,134
Sentosa Hand Sanitizer 0930,Kesehatan,SKU-001860,60 ml,11095,13800,144
Makmur Beras 0931,Makanan,SKU-001861,5 kg,39511,49300,178
Makmur Beras 0931,Makanan,SKU-001862,10 kg,58180,69600,172
Fresh Minyak Goreng 0932,Minuman,SKU-001863,1 L,103291,148900,192
Fresh Minyak Goreng 0932,Minuman,SKU-001864,2 L,132611,156100,110
Fresh Minyak Goreng 0932,Minuman,SKU-001865,5 L,76264,105700,37
Daily Gula 0933,Snack,SKU-001866,500 g,34952,43700,121
Choice Tepung 0934,Sembako,SKU-001867,500 g,13226,17400,67
Choice Tepung 0934,Sembako,SKU-001868,1 kg,22602,28700,111
Max Kopi 0935,Perawatan Diri,SKU-001869,100 g,34477,47500,123
Max Kopi 0935,Perawatan Diri,SKU-001870,200 g,146916,177700,101
Max Kopi 0935,Perawatan Diri,SKU-001871,500 g,51706,68200,188
Plus Teh 0936,Kebersihan,SKU-001872,25 sachet,137728,168600,18
Nusantara Susu 0937,Elektronik,SKU-001873,200 ml,70097,96900,82
Nusantara Susu 0937,Elektronik,SKU-001874,1 L,23786,28200,105
Prima Air Mineral 0938,ATK,SKU-001875,330 ml,111328,140200,48
Prima Air Mineral 0938,ATK,SKU-001876,600 ml,84379,105800,167
Prima Air Mineral 0938,ATK,SKU-001877,1.5 L,6645,9200,43
Sejahtera Mie Instan 0939,Rumah Tangga,SKU-001878,Original,91976,122800,113
Maju Biskuit 0940,Kesehatan,SKU-001879,50 g,38525,49400,59
Maju Biskuit 0940,Kesehatan,SKU-001880,100 g,52646,71400,39
Jaya Keripik 0941,Makanan,SKU-001881,50 g,22795,27000,13
Jaya Keripik 0941,Makanan,SKU-001882,100 g,64013,91800,37
Jaya Keripik 0941,Makanan,SKU-001883,250 g,75714,87400,177
Sentosa Saus 0942,Minuman,SKU-001884,135 ml,29470,36600,120
Makmur Kecap 0943,Snack,SKU-001885,135 ml,6263,7800,189
Makmur Kecap 0943,Snack,SKU-001886,275 ml,141334,171500,139
Fresh Sabun Mandi 0944,Sembako,SKU-001887,70 g,137471,189000,140
Fresh Sabun Mandi 0944,Sembako,SKU-001888,100 g,126922,169700,36
Fresh Sabun Mandi 0944,Sembako,SKU-001889,250 g,5120,6500,169
Daily Shampoo 0945,Perawatan Diri,SKU-001890,170 ml,138397,161000,43
Choice Pasta Gigi 0946,Kebersihan,SKU-001891,75 g,16057,19800,178
Choice Pasta Gigi 0946,Kebersihan,SKU-001892,120 g,71414,83300,167
Max Detergen 0947,Elektronik,SKU-001893,500 g,2484,2900,169
Max Detergen 0947,Elektronik,SKU-001894,1 kg,71422,96300,168
Max Detergen 0947,Elektronik,SKU-001895,2.5 kg,94729,133500,4
Plus Tisu 0948,ATK,SKU-001896,10 sheets,76975,108600,166
Nusantara Pewangi 0949,Rumah Tangga,SKU-001897,250 ml,101624,123900,97
Nusantara Pewangi 0949,Rumah Tangga,SKU-001898,450 ml,133610,192800,25
Prima Pulpen 0950,Kesehatan,SKU-001899,0.5 mm,82994,107500,152
Prima Pulpen 0950,Kesehatan,SKU-001900,0.7 mm,139645,164300,50
Prima Pulpen 0950,Kesehatan,SKU-001901,1.0 mm,131542,189400,143
Sejahtera Buku Tulis 0951,Makanan,SKU-001902,38 sheets,5933,6900,135
Maju Lampu LED 0952,Minuman,SKU-001903,5 W,80234,100300,100
Maju Lampu LED 0952,Minuman,SKU-001904,9 W,41457,47900,175
Jaya Baterai 0953,Snack,SKU-001905,AA,92551,116300,77
Jaya Baterai 0953,Snack,SKU-001906,AAA,62219,90100,128
Jaya Baterai 0953,Snack,SKU-001907,9V,72619,101200,160
Sentosa Kabel USB 0954,Sembako,SKU-001908,1 m,67849,95900,7
Makmur Sapu 0955,Perawatan Diri,SKU-001909,Standard,145774,209100,57
Makmur Sapu 0955,Perawatan Diri,SKU-001910,Premium,40069,50200,100
Fresh Pel 0956,Kebersihan,SKU-001911,Standard,36282,42700,97
Fresh Pel 0956,Kebersihan,SKU-001912,Microfiber,136803,196700,156
Fresh Pel 0956,Kebersihan,SKU-001913,Spray,59918,76400,146
Daily Spons 0957,Elektronik,SKU-001914,Small,40342,51600,79
Choice Vitamin 0958,ATK,SKU-001915,30 tablets,86620,111300,33
Choice Vitamin 0958,ATK,SKU-001916,60 tablets,54500,73300,148
Max Masker 0959,Rumah Tangga,SKU-001917,10 pcs,142212,192700,51
Max Masker 0959,Rumah Tangga,SKU-001918,25 pcs,36504,45400,180
Max Masker 0959,Rumah Tangga,SKU-001919,50 pcs,137612,195800,110
Plus Hand Sanitizer 0960,Kesehatan,SKU-001920,60 ml,38350,51700,144
Nusantara Beras 0961,Makanan,SKU-001921,5 kg,41731,52000,142
Nusantara Beras 0961,Makanan,SKU-001922,10 kg,140012,200900,30
Prima Minyak Goreng 0962,Minuman,SKU-001923,1 L,48569,60500,37
Prima Minyak Goreng 0962,Minuman,SKU-001924,2 L,8028,11100,105
Prima Minyak Goreng 0962,Minuman,SKU-001925,5 L,108107,134200,190
Sejahtera Gula 0963,Snack,SKU-001926,500 g,72074,86200,48
Maju Tepung 0964,Sembako,SKU-001927,500 g,28289,33600,6
Maju Tepung 0964,Sembako,SKU-001928,1 kg,70256,93600,156
Jaya Kopi 0965,Perawatan Diri,SKU-001929,100 g,60832,80800,59
Jaya Kopi 0965,Perawatan Diri,SKU-001930,200 g,7137,9000,176
Jaya Kopi 0965,Perawatan Diri,SKU-001931,500 g,125238,149100,154
Sentosa Teh 0966,Kebersihan,SKU-001932,25 sachet,123183,168000,95
Makmur Susu 0967,Elektronik,SKU-001933,200 ml,48528,68200,125
Makmur Susu 0967,Elektronik,SKU-001934,1 L,124516,148300,49
Fresh Air Mineral 0968,ATK,SKU-001935,330 ml,59616,69100,195
Fresh Air Mineral 0968,ATK,SKU-001936,600 ml,4235,6000,105
Fresh Air Mineral 0968,ATK,SKU-001937,1.5 L,58641,80500,51
Daily Mie Instan 0969,Rumah Tangga,SKU-001938,Original,53924,63100,112
Choice Biskuit 0970,Kesehatan,SKU-001939,50 g,128735,174600,117
Choice Biskuit 0970,Kesehatan,SKU-001940,100 g,64992,83100,198
Max Keripik 0971,Makanan,SKU-001941,50 g,11264,15000,97
Max Keripik 0971,Makanan,SKU-001942,100 g,82324,104400,190
Max Keripik 0971,Makanan,SKU-001943,250 g,140850,184200,180
Plus Saus 0972,Minuman,SKU-001944,135 ml,10395,13600,115
Nusantara Kecap 0973,Snack,SKU-001945,135 ml,120073,167900,10
Nusantara Kecap 0973,Snack,SKU-001946,275 ml,64714,84500,101
Prima Sabun Mandi 0974,Sembako,SKU-001947,70 g,10589,13900,132
Prima Sabun Mandi 0974,Sembako,SKU-001948,100 g,13222,16000,112
Prima Sabun Mandi 0974,Sembako,SKU-001949,250 g,104643,148100,198
Sejahtera Shampoo 0975,Perawatan Diri,SKU-001950,170 ml,75250,97000,108
Maju Pasta Gigi 0976,Kebersihan,SKU-001951,75 g,77480,103400,13
Maju Pasta Gigi 0976,Kebersihan,SKU-001952,120 g,135820,193000,118
Jaya Detergen 0977,Elektronik,SKU-001953,500 g,118709,139700,128
Jaya Detergen 0977,Elektronik,SKU-001954,1 kg,29967,36100,149
Jaya Detergen 0977,Elektronik,SKU-001955,2.5 kg,143537,170900,105
Sentosa Tisu 0978,ATK,SKU-001956,10 sheets,85093,109400,45
Makmur Pewangi 0979,Rumah Tangga,SKU-001957,250 ml,119229,158200,182
Makmur Pewangi 0979,Rumah Tangga,SKU-001958,450 ml,53235,75300,23
Fresh Pulpen 0980,Kesehatan,SKU-001959,0.5 mm,65857,82100,166
Fresh Pulpen 0980,Kesehatan,SKU-001960,0.7 mm,43290,59100,31
Fresh Pulpen 0980,Kesehatan,SKU-001961,1.0 mm,24205,28700,115
Daily Buku Tulis 0981,Makanan,SKU-001962,38 sheets,95443,112200,181
Choice Lampu LED 0982,Minuman,SKU-001963,5 W,100986,138200,130
Choice Lampu LED 0982,Minuman,SKU-001964,9 W,42216,53300,97
Max Baterai 0983,Snack,SKU-001965,AA,11809,16300,85
Max Baterai 0983,Snack,SKU-001966,AAA,148540,209600,38
Max Baterai 0983,Snack,SKU-001967,9V,42799,60400,45
Plus Kabel USB 0984,Sembako,SKU-001968,1 m,13750,17500,79
Nusantara Sapu 0985,Perawatan Diri,SKU-001969,Standard,117283,145000,46
Nusantara Sapu 0985,Perawatan Diri,SKU-001970,Premium,31116,44200,51
Prima Pel 0986,Kebersihan,SKU-001971,Standard,1226,1600,64
Prima Pel 0986,Kebersihan,SKU-001972,Microfiber,3500,4500,127
Prima Pel 0986,Kebersihan,SKU-001973,Spray,142775,198800,155
Sejahtera Spons 0987,Elektronik,SKU-001974,Small,129659,158400,150
Maju Vitamin 0988,ATK,SKU-001975,30 tablets,125005,160800,113
Maju Vitamin 0988,ATK,SKU-001976,60 tablets,21115,28100,1
Jaya Masker 0989,Rumah Tangga,SKU-001977,10 pcs,64450,91200,71
Jaya Masker 0989,Rumah Tangga,SKU-001978,25 pcs,146458,204500,53
Jaya Masker 0989,Rumah Tangga,SKU-001979,50 pcs,13123,15800,14
Sentosa Hand Sanitizer 0990,Kesehatan,SKU-001980,60 ml,91793,106600,8
Makmur Beras 0991,Makanan,SKU-001981,5 kg,78534,98100,22
Makmur Beras 0991,Makanan,SKU-001982,10 kg,13153,15600,45
Fresh Minyak Goreng 0992,Minuman,SKU-001983,1 L,42593,57600,156
Fresh Minyak Goreng 0992,Minuman,SKU-001984,2 L,147671,177700,116
Fresh Minyak Goreng 0992,Minuman,SKU-001985,5 L,94721,135400,23
Daily Gula 0993,Snack,SKU-001986,500 g,78758,98200,97
Choice Tepung 0994,Sembako,SKU-001987,500 g,18038,24800,140
Choice Tepung 0994,Sembako,SKU-001988,1 kg,17319,21400,34
Max Kopi 0995,Perawatan Diri,SKU-001989,100 g,32287,43900,70
Max Kopi 0995,Perawatan Diri,SKU-001990,200 g,86600,113300,134
Max Kopi 0995,Perawatan Diri,SKU-001991,500 g,55309,75200,156
Plus Teh 0996,Kebersihan,SKU-001992,25 sachet,15552,18400,186
Nusantara Susu 0997,Elektronik,SKU-001993,200 ml,138960,201000,123
Nusantara Susu 0997,Elektronik,SKU-001994,1 L,75584,96600,81
Prima Air Mineral 0998,ATK,SKU-001995,330 ml,68368,89400,159
Prima Air Mineral 0998,ATK,SKU-001996,600 ml,93060,132900,157
Prima Air Mineral 0998,ATK,SKU-001997,1.5 L,147791,192000,186
Sejahtera Mie Instan 0999,Rumah Tangga,SKU-001998,Original,130779,169700,46
Maju Biskuit 1000,Kesehatan,SKU-001999,50 g,61306,83500,49
Maju Biskuit 1000,Kesehatan,SKU-002000,100 g,714,800,119
Jaya Keripik 1001,Makanan,SKU-002001,50 g,31213,42800,53
Jaya Keripik 1001,Makanan,SKU-002002,100 g,108993,138900,85
Jaya Keripik 1001,Makanan,SKU-002003,250 g,91958,121200,163
Sentosa Saus 1002,Minuman,SKU-002004,135 ml,55963,64500,51
Makmur Kecap 1003,Snack,SKU-002005,135 ml,74126,90900,17
Makmur Kecap 1003,Snack,SKU-002006,275 ml,80980,100400,140
Fresh Sabun Mandi 1004,Sembako,SKU-002007,70 g,85214,117600,29
Fresh Sabun Mandi 1004,Sembako,SKU-002008,100 g,87668,109800,185
Fresh Sabun Mandi 1004,Sembako,SKU-002009,250 g,149439,199500,7
Daily Shampoo 1005,Perawatan Diri,SKU-002010,170 ml,46340,56000,86
Choice Pasta Gigi 1006,Kebersihan,SKU-002011,75 g,125895,179400,9
Choice Pasta Gigi 1006,Kebersihan,SKU-002012,120 g,35887,46500,160
Max Detergen 1007,Elektronik,SKU-002013,500 g,121048,171600,137
Max Detergen 1007,Elektronik,SKU-002014,1 kg,88146,113600,105
Max Detergen 1007,Elektronik,SKU-002015,2.5 kg,14985,21000,76
Plus Tisu 1008,ATK,SKU-002016,10 sheets,148396,202900,80
Nusantara Pewangi 1009,Rumah Tangga,SKU-002017,250 ml,145836,191200,53
Nusantara Pewangi 1009,Rumah Tangga,SKU-002018,450 ml,87258,121300,90
Prima Pulpen 1010,Kesehatan,SKU-002019,0.5 mm,17657,25400,71
Prima Pulpen 1010,Kesehatan,SKU-002020,0.7 mm,8471,10600,96
Prima Pulpen 1010,Kesehatan,SKU-002021,1.0 mm,140356,196900,146
Sejahtera Buku Tulis 1011,Makanan,SKU-002022,38 sheets,102422,123500,29
Maju Lampu LED 1012,Minuman,SKU-002023,5 W,81114,110400,80
Maju Lampu LED 1012,Minuman,SKU-002024,9 W,8591,10600,22
Jaya Baterai 1013,Snack,SKU-002025,AA,130599,184600,95
Jaya Baterai 1013,Snack,SKU-002026,AAA,118764,166100,77
Jaya Baterai 1013,Snack,SKU-002027,9V,56959,74500,44
Sentosa Kabel USB 1014,Sembako,SKU-002028,1 m,29720,37500,9
Makmur Sapu 1015,Perawatan Diri,SKU-002029,Standard,53278,75900,113
Makmur Sapu 1015,Perawatan Diri,SKU-002030,Premium,132943,153900,123
Fresh Pel 1016,Kebersihan,SKU-002031,Standard,131386,157200,87
Fresh Pel 1016,Kebersihan,SKU-002032,Microfiber,127039,174000,134
Fresh Pel 1016,Kebersihan,SKU-002033,Spray,81658,112900,36
Daily Spons 1017,Elektronik,SKU-002034,Small,26056,36400,132
Choice Vitamin 1018,ATK,SKU-002035,30 tablets,35091,42500,9
Choice Vitamin 1018,ATK,SKU-002036,60 tablets,120720,152900,133
Max Masker 1019,Rumah Tangga,SKU-002037,10 pcs,30665,35300,11
Max Masker 1019,Rumah Tangga,SKU-002038,25 pcs,23126,28900,11
Max Masker 1019,Rumah Tangga,SKU-002039,50 pcs,27327,35700,168
Plus Hand Sanitizer 1020,Kesehatan,SKU-002040,60 ml,82214,95100,194
Nusantara Beras 1021,Makanan,SKU-002041,5 kg,82126,110200,53
Nusantara Beras 1021,Makanan,SKU-002042,10 kg,84416,102200,73
Prima Minyak Goreng 1022,Minuman,SKU-002043,1 L,72822,95400,197
Prima Minyak Goreng 1022,Minuman,SKU-002044,2 L,115935,156700,69
Prima Minyak Goreng 1022,Minuman,SKU-002045,5 L,39443,47200,29
Sejahtera Gula 1023,Snack,SKU-002046,500 g,4299,6200,143
Maju Tepung 1024,Sembako,SKU-002047,500 g,135057,159500,138
Maju Tepung 1024,Sembako,SKU-002048,1 kg,92133,121100,69
Jaya Kopi 1025,Perawatan Diri,SKU-002049,100 g,37408,53600,72
Jaya Kopi 1025,Perawatan Diri,SKU-002050,200 g,64479,77500,79
Jaya Kopi 1025,Perawatan Diri,SKU-002051,500 g,89098,116900,12
Sentosa Teh 1026,Kebersihan,SKU-002052,25 sachet,34398,39900,172
Makmur Susu 1027,Elektronik,SKU-002053,200 ml,13526,16000,13
Makmur Susu 1027,Elektronik,SKU-002054,1 L,22875,29200,45
Fresh Air Mineral 1028,ATK,SKU-002055,330 ml,117173,156400,79
Fresh Air Mineral 1028,ATK,SKU-002056,600 ml,87418,122000,182
Fresh Air Mineral 1028,ATK,SKU-002057,1.5 L,140149,164500,193
Daily Mie Instan 1029,Rumah Tangga,SKU-002058,Original,122379,161600,23
Choice Biskuit 1030,Kesehatan,SKU-002059,50 g,123055,145100,79
Choice Biskuit 1030,Kesehatan,SKU-002060,100 g,122300,157900,57
Max Keripik 1031,Makanan,SKU-002061,50 g,37975,53500,157
Max Keripik 1031,Makanan,SKU-002062,100 g,67946,96700,100
Max Keripik 1031,Makanan,SKU-002063,250 g,48364,65800,170
Plus Saus 1032,Minuman,SKU-002064,135 ml,86893,120500,83
Nusantara Kecap 1033,Snack,SKU-002065,135 ml,119125,154400,16
Nusantara Kecap 1033,Snack,SKU-002066,275 ml,124906,147900,122
Prima Sabun Mandi 1034,Sembako,SKU-002067,70 g,121211,170100,72
Prima Sabun Mandi 1034,Sembako,SKU-002068,100 g,91687,122100,32
Prima Sabun Mandi 1034,Sembako,SKU-002069,250 g,133455,157600,182
Sejahtera Shampoo 1035,Perawatan Diri,SKU-002070,170 ml,28344,35400,166
Maju Pasta Gigi 1036,Kebersihan,SKU-002071,75 g,18892,26200,136
Maju Pasta Gigi 1036,Kebersihan,SKU-002072,120 g,121141,153900,105
Jaya Detergen 1037,Elektronik,SKU-002073,500 g,62841,84000,140
Jaya Detergen 1037,Elektronik,SKU-002074,1 kg,41986,60600,98
Jaya Detergen 1037,Elektronik,SKU-002075,2.5 kg,17617,22100,177
Sentosa Tisu 1038,ATK,SKU-002076,10 sheets,113322,157000,111
Makmur Pewangi 1039,Rumah Tangga,SKU-002077,250 ml,148991,206500,139
Makmur Pewangi 1039,Rumah Tangga,SKU-002078,450 ml,62206,74800,171
Fresh Pulpen 1040,Kesehatan,SKU-002079,0.5 mm,20719,28400,182
Fresh Pulpen 1040,Kesehatan,SKU-002080,0.7 mm,127867,151400,152
Fresh Pulpen 1040,Kesehatan,SKU-002081,1.0 mm,121648,151800,24
Daily Buku Tulis 1041,Makanan,SKU-002082,38 sheets,117010,140700,103
Choice Lampu LED 1042,Minuman,SKU-002083,5 W,18547,24700,175
Choice Lampu LED 1042,Minuman,SKU-002084,9 W,99629,124400,165
Max Baterai 1043,Snack,SKU-002085,AA,16417,19300,35
Max Baterai 1043,Snack,SKU-002086,AAA,348,500,169
Max Baterai 1043,Snack,SKU-002087,9V,39416,50700,74
Plus Kabel USB 1044,Sembako,SKU-002088,1 m,102531,136800,114
Nusantara Sapu 1045,Perawatan Diri,SKU-002089,Standard,51592,62500,81
Nusantara Sapu 1045,Perawatan Diri,SKU-002090,Premium,78873,104200,173
Prima Pel 1046,Kebersihan,SKU-002091,Standard,80135,114200,111
Prima Pel 1046,Kebersihan,SKU-002092,Microfiber,90546,131000,149
Prima Pel 1046,Kebersihan,SKU-002093,Spray,2428,3200,130
Sejahtera Spons 1047,Elektronik,SKU-002094,Small,106257,149200,75
Maju Vitamin 1048,ATK,SKU-002095,30 tablets,16660,21000,140
Maju Vitamin 1048,ATK,SKU-002096,60 tablets,14227,16400,143
Jaya Masker 1049,Rumah Tangga,SKU-002097,10 pcs,94473,111800,72
Jaya Masker 1049,Rumah Tangga,SKU-002098,25 pcs,8474,10300,179
Jaya Masker 1049,Rumah Tangga,SKU-002099,50 pcs,103655,138600,182
Sentosa Hand Sanitizer 1050,Kesehatan,SKU-002100,60 ml,100646,128000,111
Makmur Beras 1051,Makanan,SKU-002101,5 kg,143199,173800,44
Makmur Beras 1051,Makanan,SKU-002102,10 kg,124784,148700,142
Fresh Minyak Goreng 1052,Minuman,SKU-002103,1 L,101119,141900,92
Fresh Minyak Goreng 1052,Minuman,SKU-002104,2 L,109675,131200,171
Fresh Minyak Goreng 1052,Minuman,SKU-002105,5 L,33211,39500,18
Daily Gula 1053,Snack,SKU-002106,500 g,4417,5300,124
Choice Tepung 1054,Sembako,SKU-002107,500 g,114787,165600,34
Choice Tepung 1054,Sembako,SKU-002108,1 kg,22494,26800,106
Max Kopi 1055,Perawatan Diri,SKU-002109,100 g,119845,169900,178
Max Kopi 1055,Perawatan Diri,SKU-002110,200 g,111895,149600,116
Max Kopi 1055,Perawatan Diri,SKU-002111,500 g,133840,170900,115
Plus Teh 1056,Kebersihan,SKU-002112,25 sachet,101150,127100,47
Nusantara Susu 1057,Elektronik,SKU-002113,200 ml,111651,148600,147
Nusantara Susu 1057,Elektronik,SKU-002114,1 L,130888,183800,60
Prima Air Mineral 1058,ATK,SKU-002115,330 ml,131825,162200,139
Prima Air Mineral 1058,ATK,SKU-002116,600 ml,96498,111900,9
Prima Air Mineral 1058,ATK,SKU-002117,1.5 L,149237,193300,94
Sejahtera Mie Instan 1059,Rumah Tangga,SKU-002118,Original,29965,39700,176
Maju Biskuit 1060,Kesehatan,SKU-002119,50 g,21288,25400,187
Maju Biskuit 1060,Kesehatan,SKU-002120,100 g,138294,199800,192
Jaya Keripik 1061,Makanan,SKU-002121,50 g,73548,94800,20
Jaya Keripik 1061,Makanan,SKU-002122,100 g,137494,194800,22
Jaya Keripik 1061,Makanan,SKU-002123,250 g,64585,83400,189
Sentosa Saus 1062,Minuman,SKU-002124,135 ml,20768,28100,138
Makmur Kecap 1063,Snack,SKU-002125,135 ml,82219,109700,87
Makmur Kecap 1063,Snack,SKU-002126,275 ml,140555,194500,120
Fresh Sabun Mandi 1064,Sembako,SKU-002127,70 g,119322,155600,120
Fresh Sabun Mandi 1064,Sembako,SKU-002128,100 g,87204,111300,75
Fresh Sabun Mandi 1064,Sembako,SKU-002129,250 g,76114,91400,177
Daily Shampoo 1065,Perawatan Diri,SKU-002130,170 ml,80010,109500,144
Choice Pasta Gigi 1066,Kebersihan,SKU-002131,75 g,68573,80100,121
Choice Pasta Gigi 1066,Kebersihan,SKU-002132,120 g,44623,59000,168
Max Detergen 1067,Elektronik,SKU-002133,500 g,76781,106900,159
Max Detergen 1067,Elektronik,SKU-002134,1 kg,7456,9200,21
Max Detergen 1067,Elektronik,SKU-002135,2.5 kg,33545,43700,200
Plus Tisu 1068,ATK,SKU-002136,10 sheets,73136,89600,157
Nusantara Pewangi 1069,Rumah Tangga,SKU-002137,250 ml,73955,91200,65
Nusantara Pewangi 1069,Rumah Tangga,SKU-002138,450 ml,4023,5500,154
Prima Pulpen 1070,Kesehatan,SKU-002139,0.5 mm,46073,65600,189
Prima Pulpen 1070,Kesehatan,SKU-002140,0.7 mm,39919,53800,94
Prima Pulpen 1070,Kesehatan,SKU-002141,1.0 mm,46279,56800,179
Sejahtera Buku Tulis 1071,Makanan,SKU-002142,38 sheets,62217,80600,135
Maju Lampu LED 1072,Minuman,SKU-002143,5 W,8974,11200,21
Maju Lampu LED 1072,Minuman,SKU-002144,9 W,38329,50900,39
Jaya Baterai 1073,Snack,SKU-002145,AA,130309,179300,105
Jaya Baterai 1073,Snack,SKU-002146,AAA,100744,123000,112
Jaya Baterai 1073,Snack,SKU-002147,9V,44152,53600,187
Sentosa Kabel USB 1074,Sembako,SKU-002148,1 m,90759,105900,67
Makmur Sapu 1075,Perawatan Diri,SKU-002149,Standard,30707,35800,118
Makmur Sapu 1075,Perawatan Diri,SKU-002150,Premium,104828,135500,121
Fresh Pel 1076,Kebersihan,SKU-002151,Standard,139897,170700,174
Fresh Pel 1076,Kebersihan,SKU-002152,Microfiber,102554,132500,37
Fresh Pel 1076,Kebersihan,SKU-002153,Spray,139352,196600,3
Daily Spons 1077,Elektronik,SKU-002154,Small,76005,108500,114
Choice Vitamin 1078,ATK,SKU-002155,30 tablets,100440,136000,135
Choice Vitamin 1078,ATK,SKU-002156,60 tablets,11052,13000,136
Max Masker 1079,Rumah Tangga,SKU-002157,10 pcs,93053,133700,110
Max Masker 1079,Rumah Tangga,SKU-002158,25 pcs,71757,89700,68
Max Masker 1079,Rumah Tangga,SKU-002159,50 pcs,26062,32000,149
Plus Hand Sanitizer 1080,Kesehatan,SKU-002160,60 ml,102838,132500,172
Nusantara Beras 1081,Makanan,SKU-002161,5 kg,63685,87300,150
Nusantara Beras 1081,Makanan,SKU-002162,10 kg,51398,67100,173
Prima Minyak Goreng 1082,Minuman,SKU-002163,1 L,47464,59000,2
Prima Minyak Goreng 1082,Minuman,SKU-002164,2 L,2521,3500,3
Prima Minyak Goreng 1082,Minuman,SKU-002165,5 L,108106,127500,26
Sejahtera Gula 1083,Snack,SKU-002166,500 g,117201,147100,185
Maju Tepung 1084,Sembako,SKU-002167,500 g,74564,91400,8
Maju Tepung 1084,Sembako,SKU-002168,1 kg,6512,8700,14
Jaya Kopi 1085,Perawatan Diri,SKU-002169,100 g,57139,82000,163
Jaya Kopi 1085,Perawatan Diri,SKU-002170,200 g,32226,43900,30
Jaya Kopi 1085,Perawatan Diri,SKU-002171,500 g,22945,32300,33
Sentosa Teh 1086,Kebersihan,SKU-002172,25 sachet,98855,133100,165
Makmur Susu 1087,Elektronik,SKU-002173,200 ml,148691,206800,47
Makmur Susu 1087,Elektronik,SKU-002174,1 L,29357,39900,64
Fresh Air Mineral 1088,ATK,SKU-002175,330 ml,77519,100000,19
Fresh Air Mineral 1088,ATK,SKU-002176,600 ml,119167,170000,70
Fresh Air Mineral 1088,ATK,SKU-002177,1.5 L,112231,152400,170
Daily Mie Instan 1089,Rumah Tangga,SKU-002178,Original,85078,104400,199
Choice Biskuit 1090,Kesehatan,SKU-002179,50 g,19697,24300,15
Choice Biskuit 1090,Kesehatan,SKU-002180,100 g,100648,127500,15
Max Keripik 1091,Makanan,SKU-002181,50 g,67995,97700,67
Max Keripik 1091,Makanan,SKU-002182,100 g,46943,60200,125
Max Keripik 1091,Makanan,SKU-002183,250 g,52904,70500,45
Plus Saus 1092,Minuman,SKU-002184,135 ml,129289,152900,138
Nusantara Kecap 1093,Snack,SKU-002185,135 ml,113350,137800,164
Nusantara Kecap 1093,Snack,SKU-002186,275 ml,28152,40100,183
Prima Sabun Mandi 1094,Sembako,SKU-002187,70 g,68194,80500,18
Prima Sabun Mandi 1094,Sembako,SKU-002188,100 g,18758,24800,64
Prima Sabun Mandi 1094,Sembako,SKU-002189,250 g,117185,135400,127
Sejahtera Shampoo 1095,Perawatan Diri,SKU-002190,170 ml,39321,52900,0
Maju Pasta Gigi 1096,Kebersihan,SKU-002191,75 g,10218,13800,68
Maju Pasta Gigi 1096,Kebersihan,SKU-002192,120 g,40042,54500,100
Jaya Detergen 1097,Elektronik,SKU-002193,500 g,1270,1700,197
Jaya Detergen 1097,Elektronik,SKU-002194,1 kg,128928,166800,103
Jaya Detergen 1097,Elektronik,SKU-002195,2.5 kg,18676,24500,0
Sentosa Tisu 1098,ATK,SKU-002196,10 sheets,101074,145200,199
Makmur Pewangi 1099,Rumah Tangga,SKU-002197,250 ml,126670,150300,137
Makmur Pewangi 1099,Rumah Tangga,SKU-002198,450 ml,94388,118000,77
Fresh Pulpen 1100,Kesehatan,SKU-002199,0.5 mm,105318,122900,165
Fresh Pulpen 1100,Kesehatan,SKU-002200,0.7 mm,24067,30300,87
Fresh Pulpen 1100,Kesehatan,SKU-002201,1.0 mm,21391,30000,194
Daily Buku Tulis 1101,Makanan,SKU-002202,38 sheets,76310,102600,45
Choice Lampu LED 1102,Minuman,SKU-002203,5 W,145652,169200,98
Choice Lampu LED 1102,Minuman,SKU-002204,9 W,50370,62400,99
Max Baterai 1103,Snack,SKU-002205,AA,28288,37900,91
Max Baterai 1103,Snack,SKU-002206,AAA,127833,150300,161
Max Baterai 1103,Snack,SKU-002207,9V,115114,157800,35
Plus Kabel USB 1104,Sembako,SKU-002208,1 m,9658,11700,184
Nusantara Sapu 1105,Perawatan Diri,SKU-002209,Standard,62817,81500,16
Nusantara Sapu 1105,Perawatan Diri,SKU-002210,Premium,142002,190700,127
Prima Pel 1106,Kebersihan,SKU-002211,Standard,140269,201900,115
Prima Pel 1106,Kebersihan,SKU-002212,Microfiber,4603,5300,14
Prima Pel 1106,Kebersihan,SKU-002213,Spray,88830,123100,10
Sejahtera Spons 1107,Elektronik,SKU-002214,Small,106601,126400,167
Maju Vitamin 1108,ATK,SKU-002215,30 tablets,137432,176900,173
Maju Vitamin 1108,ATK,SKU-002216,60 tablets,140956,168400,148
Jaya Masker 1109,Rumah Tangga,SKU-002217,10 pcs,61375,87600,9
Jaya Masker 1109,Rumah Tangga,SKU-002218,25 pcs,37417,48500,4
Jaya Masker 1109,Rumah Tangga,SKU-002219,50 pcs,123827,176100,158
Sentosa Hand Sanitizer 1110,Kesehatan,SKU-002220,60 ml,12306,15000,166
Makmur Beras 1111,Makanan,SKU-002221,5 kg,34519,39800,161
Makmur Beras 1111,Makanan,SKU-002222,10 kg,13396,19000,24
Fresh Minyak Goreng 1112,Minuman,SKU-002223,1 L,119886,159900,151
Fresh Minyak Goreng 1112,Minuman,SKU-002224,2 L,17066,23800,27
Fresh Minyak Goreng 1112,Minuman,SKU-002225,5 L,30231,39300,157
Daily Gula 1113,Snack,SKU-002226,500 g,58121,67900,51
Choice Tepung 1114,Sembako,SKU-002227,500 g,112028,140200,188
Choice Tepung 1114,Sembako,SKU-002228,1 kg,105684,131800,175
Max Kopi 1115,Perawatan Diri,SKU-002229,100 g,143400,170800,54
Max Kopi 1115,Perawatan Diri,SKU-002230,200 g,12250,16300,85
Max Kopi 1115,Perawatan Diri,SKU-002231,500 g,16873,20000,36
Plus Teh 1116,Kebersihan,SKU-002232,25 sachet,109130,131000,94
Nusantara Susu 1117,Elektronik,SKU-002233,200 ml,145372,174400,62
Nusantara Susu 1117,Elektronik,SKU-002234,1 L,10968,13100,161
Prima Air Mineral 1118,ATK,SKU-002235,330 ml,98900,136800,4
Prima Air Mineral 1118,ATK,SKU-002236,600 ml,127955,150200,1
Prima Air Mineral 1118,ATK,SKU-002237,1.5 L,47332,67600,180
Sejahtera Mie Instan 1119,Rumah Tangga,SKU-002238,Original,74678,95200,197
Maju Biskuit 1120,Kesehatan,SKU-002239,50 g,125083,169800,52
Maju Biskuit 1120,Kesehatan,SKU-002240,100 g,37809,50700,133
Jaya Keripik 1121,Makanan,SKU-002241,50 g,118374,150800,44
Jaya Keripik 1121,Makanan,SKU-002242,100 g,10162,13500,183
Jaya Keripik 1121,Makanan,SKU-002243,250 g,131342,175200,22
Sentosa Saus 1122,Minuman,SKU-002244,135 ml,79257,99400,1
Makmur Kecap 1123,Snack,SKU-002245,135 ml,146500,178800,30
Makmur Kecap 1123,Snack,SKU-002246,275 ml,139288,201000,158
Fresh Sabun Mandi 1124,Sembako,SKU-002247,70 g,95170,134100,138
Fresh Sabun Mandi 1124,Sembako,SKU-002248,100 g,133348,162100,197
Fresh Sabun Mandi 1124,Sembako,SKU-002249,250 g,54854,67600,49
Daily Shampoo 1125,Perawatan Diri,SKU-002250,170 ml,29838,41400,175
Choice Pasta Gigi 1126,Kebersihan,SKU-002251,75 g,124664,162000,40
Choice Pasta Gigi 1126,Kebersihan,SKU-002252,120 g,11602,13500,93
Max Detergen 1127,Elektronik,SKU-002253,500 g,75027,91000,64
Max Detergen 1127,Elektronik,SKU-002254,1 kg,87933,117400,194
Max Detergen 1127,Elektronik,SKU-002255,2.5 kg,119089,138500,189
Plus Tisu 1128,ATK,SKU-002256,10 sheets,14051,20100,45
Nusantara Pewangi 1129,Rumah Tangga,SKU-002257,250 ml,41730,57800,124
Nusantara Pewangi 1129,Rumah Tangga,SKU-002258,450 ml,135278,160300,60
Prima Pulpen 1130,Kesehatan,SKU-002259,0.5 mm,116907,155200,83
Prima Pulpen 1130,Kesehatan,SKU-002260,0.7 mm,110155,133200,173
Prima Pulpen 1130,Kesehatan,SKU-002261,1.0 mm,85676,104400,28
Sejahtera Buku Tulis 1131,Makanan,SKU-002262,38 sheets,85793,104500,60
Maju Lampu LED 1132,Minuman,SKU-002263,5 W,108459,153000,96
Maju Lampu LED 1132,Minuman,SKU-002264,9 W,58145,68100,149
Jaya Baterai 1133,Snack,SKU-002265,AA,127284,148500,111
Jaya Baterai 1133,Snack,SKU-002266,AAA,38295,46500,156
Jaya Baterai 1133,Snack,SKU-002267,9V,119573,143900,95
Sentosa Kabel USB 1134,Sembako,SKU-002268,1 m,36057,46400,49
Makmur Sapu 1135,Perawatan Diri,SKU-002269,Standard,94302,136000,51
Makmur Sapu 1135,Perawatan Diri,SKU-002270,Premium,88351,105000,177
Fresh Pel 1136,Kebersihan,SKU-002271,Standard,149372,174500,34
Fresh Pel 1136,Kebersihan,SKU-002272,Microfiber,29426,41400,117
Fresh Pel 1136,Kebersihan,SKU-002273,Spray,109934,132100,87
Daily Spons 1137,Elektronik,SKU-002274,Small,57933,82000,154
Choice Vitamin 1138,ATK,SKU-002275,30 tablets,41401,57400,163
Choice Vitamin 1138,ATK,SKU-002276,60 tablets,44847,59400,141
Max Masker 1139,Rumah Tangga,SKU-002277,10 pcs,60515,71200,133
Max Masker 1139,Rumah Tangga,SKU-002278,25 pcs,128544,181100,55
Max Masker 1139,Rumah Tangga,SKU-002279,50 pcs,124422,174300,71
Plus Hand Sanitizer 1140,Kesehatan,SKU-002280,60 ml,4102,5600,188
Nusantara Beras 1141,Makanan,SKU-002281,5 kg,64958,79500,111
Nusantara Beras 1141,Makanan,SKU-002282,10 kg,58602,83100,151
Prima Minyak Goreng 1142,Minuman,SKU-002283,1 L,39351,56000,1
Prima Minyak Goreng 1142,Minuman,SKU-002284,2 L,109816,158600,10
Prima Minyak Goreng 1142,Minuman,SKU-002285,5 L,123678,169400,129
Sejahtera Gula 1143,Snack,SKU-002286,500 g,9113,11600,100
Maju Tepung 1144,Sembako,SKU-002287,500 g,125937,175400,178
Maju Tepung 1144,Sembako,SKU-002288,1 kg,25989,33400,61
Jaya Kopi 1145,Perawatan Diri,SKU-002289,100 g,22081,29100,3
Jaya Kopi 1145,Perawatan Diri,SKU-002290,200 g,106892,153400,33
Jaya Kopi 1145,Perawatan Diri,SKU-002291,500 g,94253,116800,165
Sentosa Teh 1146,Kebersihan,SKU-002292,25 sachet,24084,27800,171
Makmur Susu 1147,Elektronik,SKU-002293,200 ml,80211,96100,117
Makmur Susu 1147,Elektronik,SKU-002294,1 L,149821,205900,6
Fresh Air Mineral 1148,ATK,SKU-002295,330 ml,119533,154100,35
Fresh Air Mineral 1148,ATK,SKU-002296,600 ml,106562,128500,94
Fresh Air Mineral 1148,ATK,SKU-002297,1.5 L,122012,166100,0
Daily Mie Instan 1149,Rumah Tangga,SKU-002298,Original,18833,23800,176
Choice Biskuit 1150,Kesehatan,SKU-002299,50 g,87569,114700,75
Choice Biskuit 1150,Kesehatan,SKU-002300,100 g,111947,154000,178
Max Keripik 1151,Makanan,SKU-002301,50 g,142496,188500,53
Max Keripik 1151,Makanan,SKU-002302,100 g,21522,28800,85
Max Keripik 1151,Makanan,SKU-002303,250 g,14668,19100,172
Plus Saus 1152,Minuman,SKU-002304,135 ml,95717,135600,28
Nusantara Kecap 1153,Snack,SKU-002305,135 ml,100689,126800,158
Nusantara Kecap 1153,Snack,SKU-002306,275 ml,11014,13900,44
Prima Sabun Mandi 1154,Sembako,SKU-002307,70 g,146783,199800,143
Prima Sabun Mandi 1154,Sembako,SKU-002308,100 g,53964,64300,85
Prima Sabun Mandi 1154,Sembako,SKU-002309,250 g,62856,82500,166
Sejahtera Shampoo 1155,Perawatan Diri,SKU-002310,170 ml,125734,172400,192
Maju Pasta Gigi 1156,Kebersihan,SKU-002311,75 g,55296,76100,194
Maju Pasta Gigi 1156,Kebersihan,SKU-002312,120 g,59397,74000,68
Jaya Detergen 1157,Elektronik,SKU-002313,500 g,132306,179200,70
Jaya Detergen 1157,Elektronik,SKU-002314,1 kg,14576,17000,88
Jaya Detergen 1157,Elektronik,SKU-002315,2.5 kg,118896,154100,134
Sentosa Tisu 1158,ATK,SKU-002316,10 sheets,32467,41900,136
Makmur Pewangi 1159,Rumah Tangga,SKU-002317,250 ml,139984,198800,115
Makmur Pewangi 1159,Rumah Tangga,SKU-002318,450 ml,96807,134600,177
Fresh Pulpen 1160,Kesehatan,SKU-002319,0.5 mm,17503,21100,117
Fresh Pulpen 1160,Kesehatan,SKU-002320,0.7 mm,23187,27200,45
Fresh Pulpen 1160,Kesehatan,SKU-002321,1.0 mm,75895,109100,19
Daily Buku Tulis 1161,Makanan,SKU-002322,38 sheets,28969,34700,28
Choice Lampu LED 1162,Minuman,SKU-002323,5 W,39085,50800,52
Choice Lampu LED 1162,Minuman,SKU-002324,9 W,136795,196400,5
Max Baterai 1163,Snack,SKU-002325,AA,77152,98400,174
Max Baterai 1163,Snack,SKU-002326,AAA,142233,203300,121
Max Baterai 1163,Snack,SKU-002327,9V,91185,116400,188
Plus Kabel USB 1164,Sembako,SKU-002328,1 m,5931,7300,16
Nusantara Sapu 1165,Perawatan Diri,SKU-002329,Standard,6076,8600,59
Nusantara Sapu 1165,Perawatan Diri,SKU-002330,Premium,136515,183400,105
Prima Pel 1166,Kebersihan,SKU-002331,Standard,90160,121400,83
Prima Pel 1166,Kebersihan,SKU-002332,Microfiber,127740,169600,178
Prima Pel 1166,Kebersihan,SKU-002333,Spray,139279,195300,113
Sejahtera Spons 1167,Elektronik,SKU-002334,Small,120363,149400,33
Maju Vitamin 1168,ATK,SKU-002335,30 tablets,80645,96900,66
Maju Vitamin 1168,ATK,SKU-002336,60 tablets,59749,77400,73
Jaya Masker 1169,Rumah Tangga,SKU-002337,10 pcs,12704,15200,72
Jaya Masker 1169,Rumah Tangga,SKU-002338,25 pcs,119818,172200,158
Jaya Masker 1169,Rumah Tangga,SKU-002339,50 pcs,42450,57900,73
Sentosa Hand Sanitizer 1170,Kesehatan,SKU-002340,60 ml,48083,69300,181
Makmur Beras 1171,Makanan,SKU-002341,5 kg,40535,48600,29
Makmur Beras 1171,Makanan,SKU-002342,10 kg,11087,16100,147
Fresh Minyak Goreng 1172,Minuman,SKU-002343,1 L,33454,42900,94
Fresh Minyak Goreng 1172,Minuman,SKU-002344,2 L,48664,59000,181
Fresh Minyak Goreng 1172,Minuman,SKU-002345,5 L,9393,12700,88
Daily Gula 1173,Snack,SKU-002346,500 g,39082,49300,138
Choice Tepung 1174,Sembako,SKU-002347,500 g,42923,56200,31
Choice Tepung 1174,Sembako,SKU-002348,1 kg,6833,8700,127
Max Kopi 1175,Perawatan Diri,SKU-002349,100 g,38411,55100,81
Max Kopi 1175,Perawatan Diri,SKU-002350,200 g,41208,47400,189
Max Kopi 1175,Perawatan Diri,SKU-002351,500 g,143468,207000,84
Plus Teh 1176,Kebersihan,SKU-002352,25 sachet,77778,100500,74
Nusantara Susu 1177,Elektronik,SKU-002353,200 ml,38857,54000,186
Nusantara Susu 1177,Elektronik,SKU-002354,1 L,116195,145400,28
Prima Air Mineral 1178,ATK,SKU-002355,330 ml,125862,178700,35
Prima Air Mineral 1178,ATK,SKU-002356,600 ml,144730,171500,6
Prima Air Mineral 1178,ATK,SKU-002357,1.5 L,105584,141000,56
Sejahtera Mie Instan 1179,Rumah Tangga,SKU-002358,Original,117209,147400,83
Maju Biskuit 1180,Kesehatan,SKU-002359,50 g,14726,19600,49
Maju Biskuit 1180,Kesehatan,SKU-002360,100 g,138301,168300,196
Jaya Keripik 1181,Makanan,SKU-002361,50 g,73156,88400,21
Jaya Keripik 1181,Makanan,SKU-002362,100 g,141441,198700,173
Jaya Keripik 1181,Makanan,SKU-002363,250 g,23205,33500,100
Sentosa Saus 1182,Minuman,SKU-002364,135 ml,51273,66500,154
Makmur Kecap 1183,Snack,SKU-002365,135 ml,134401,192600,170
Makmur Kecap 1183,Snack,SKU-002366,275 ml,94950,120500,183
Fresh Sabun Mandi 1184,Sembako,SKU-002367,70 g,112403,141700,95
Fresh Sabun Mandi 1184,Sembako,SKU-002368,100 g,3495,4300,89
Fresh Sabun Mandi 1184,Sembako,SKU-002369,250 g,81062,117000,143
Daily Shampoo 1185,Perawatan Diri,SKU-002370,170 ml,23263,28300,113
Choice Pasta Gigi 1186,Kebersihan,SKU-002371,75 g,109249,152000,73
Choice Pasta Gigi 1186,Kebersihan,SKU-002372,120 g,43236,60200,108
Max Detergen 1187,Elektronik,SKU-002373,500 g,108878,129800,150
Max Detergen 1187,Elektronik,SKU-002374,1 kg,22864,27300,77
Max Detergen 1187,Elektronik,SKU-002375,2.5 kg,124716,180400,134
Plus Tisu 1188,ATK,SKU-002376,10 sheets,88227,103200,151
Nusantara Pewangi 1189,Rumah Tangga,SKU-002377,250 ml,98806,116200,104
Nusantara Pewangi 1189,Rumah Tangga,SKU-002378,450 ml,71951,91700,142
Prima Pulpen 1190,Kesehatan,SKU-002379,0.5 mm,121441,165500,193
Prima Pulpen 1190,Kesehatan,SKU-002380,0.7 mm,36194,43800,97
Prima Pulpen 1190,Kesehatan,SKU-002381,1.0 mm,76181,100300,10
Sejahtera Buku Tulis 1191,Makanan,SKU-002382,38 sheets,79465,111300,77
Maju Lampu LED 1192,Minuman,SKU-002383,5 W,129825,171100,118
Maju Lampu LED 1192,Minuman,SKU-002384,9 W,59156,68500,0
Jaya Baterai 1193,Snack,SKU-002385,AA,40676,50000,163
Jaya Baterai 1193,Snack,SKU-002386,AAA,124173,147400,170
Jaya Baterai 1193,Snack,SKU-002387,9V,75715,96500,125
Sentosa Kabel USB 1194,Sembako,SKU-002388,1 m,64459,74700,195
Makmur Sapu 1195,Perawatan Diri,SKU-002389,Standard,72970,94700,17
Makmur Sapu 1195,Perawatan Diri,SKU-002390,Premium,95133,126000,144
Fresh Pel 1196,Kebersihan,SKU-002391,Standard,114612,161700,160
Fresh Pel 1196,Kebersihan,SKU-002392,Microfiber,125091,180400,30
Fresh Pel 1196,Kebersihan,SKU-002393,Spray,98132,127900,147
Daily Spons 1197,Elektronik,SKU-002394,Small,4899,6900,41
Choice Vitamin 1198,ATK,SKU-002395,30 tablets,15638,18700,118
Choice Vitamin 1198,ATK,SKU-002396,60 tablets,35819,45000,13
Max Masker 1199,Rumah Tangga,SKU-002397,10 pcs,71778,90300,162
Max Masker 1199,Rumah Tangga,SKU-002398,25 pcs,93619,109000,74
Max Masker 1199,Rumah Tangga,SKU-002399,50 pcs,139134,186700,19
Plus Hand Sanitizer 1200,Kesehatan,SKU-002400,60 ml,135007,163100,160
Nusantara Beras 1201,Makanan,SKU-002401,5 kg,48337,66700,153
Nusantara Beras 1201,Makanan,SKU-002402,10 kg,44113,57900,80
Prima Minyak Goreng 1202,Minuman,SKU-002403,1 L,79224,97600,178
Prima Minyak Goreng 1202,Minuman,SKU-002404,2 L,95333,112400,148
Prima Minyak Goreng 1202,Minuman,SKU-002405,5 L,92477,129200,3
Sejahtera Gula 1203,Snack,SKU-002406,500 g,36200,47300,95
Maju Tepung 1204,Sembako,SKU-002407,500 g,127413,162300,41
Maju Tepung 1204,Sembako,SKU-002408,1 kg,27148,33000,128
Jaya Kopi 1205,Perawatan Diri,SKU-002409,100 g,58263,81500,143
Jaya Kopi 1205,Perawatan Diri,SKU-002410,200 g,138096,193900,182
Jaya Kopi 1205,Perawatan Diri,SKU-002411,500 g,144770,197000,29
Sentosa Teh 1206,Kebersihan,SKU-002412,25 sachet,109704,141300,19
Makmur Susu 1207,Elektronik,SKU-002413,200 ml,30856,43100,4
Makmur Susu 1207,Elektronik,SKU-002414,1 L,126002,158100,176
Fresh Air Mineral 1208,ATK,SKU-002415,330 ml,95345,113600,113
Fresh Air Mineral 1208,ATK,SKU-002416,600 ml,137433,189500,87
Fresh Air Mineral 1208,ATK,SKU-002417,1.5 L,45443,61900,7
Daily Mie Instan 1209,Rumah Tangga,SKU-002418,Original,31389,38200,177
Choice Biskuit 1210,Kesehatan,SKU-002419,50 g,37618,51000,78
Choice Biskuit 1210,Kesehatan,SKU-002420,100 g,33158,40200,20
Max Keripik 1211,Makanan,SKU-002421,50 g,111660,151600,200
Max Keripik 1211,Makanan,SKU-002422,100 g,29587,34700,198
Max Keripik 1211,Makanan,SKU-002423,250 g,127244,175200,10
Plus Saus 1212,Minuman,SKU-002424,135 ml,51772,61200,168
Nusantara Kecap 1213,Snack,SKU-002425,135 ml,134905,179100,120
Nusantara Kecap 1213,Snack,SKU-002426,275 ml,31474,44800,11
Prima Sabun Mandi 1214,Sembako,SKU-002427,70 g,17666,21900,2
Prima Sabun Mandi 1214,Sembako,SKU-002428,100 g,25597,35400,154
Prima Sabun Mandi 1214,Sembako,SKU-002429,250 g,54144,71800,51
Sejahtera Shampoo 1215,Perawatan Diri,SKU-002430,170 ml,48739,65900,7
Maju Pasta Gigi 1216,Kebersihan,SKU-002431,75 g,24097,28800,191
Maju Pasta Gigi 1216,Kebersihan,SKU-002432,120 g,73012,104700,89
Jaya Detergen 1217,Elektronik,SKU-002433,500 g,92627,111000,128
Jaya Detergen 1217,Elektronik,SKU-002434,1 kg,63692,82900,17
Jaya Detergen 1217,Elektronik,SKU-002435,2.5 kg,26279,36700,195
Sentosa Tisu 1218,ATK,SKU-002436,10 sheets,3965,5200,183
Makmur Pewangi 1219,Rumah Tangga,SKU-002437,250 ml,50513,72700,43
Makmur Pewangi 1219,Rumah Tangga,SKU-002438,450 ml,141104,162500,185
Fresh Pulpen 1220,Kesehatan,SKU-002439,0.5 mm,26169,37400,129
Fresh Pulpen 1220,Kesehatan,SKU-002440,0.7 mm,124743,157200,150
Fresh Pulpen 1220,Kesehatan,SKU-002441,1.0 mm,48829,62600,27
Daily Buku Tulis 1221,Makanan,SKU-002442,38 sheets,47708,66800,97
Choice Lampu LED 1222,Minuman,SKU-002443,5 W,111473,135400,58
Choice Lampu LED 1222,Minuman,SKU-002444,9 W,107144,126800,80
Max Baterai 1223,Snack,SKU-002445,AA,32705,42200,133
Max Baterai 1223,Snack,SKU-002446,AAA,35928,46700,92
Max Baterai 1223,Snack,SKU-002447,9V,75868,99900,10
Plus Kabel USB 1224,Sembako,SKU-002448,1 m,21860,27300,29
Nusantara Sapu 1225,Perawatan Diri,SKU-002449,Standard,101168,125000,153
Nusantara Sapu 1225,Perawatan Diri,SKU-002450,Premium,82090,111300,113
Prima Pel 1226,Kebersihan,SKU-002451,Standard,59511,78300,74
Prima Pel 1226,Kebersihan,SKU-002452,Microfiber,112487,135700,17
Prima Pel 1226,Kebersihan,SKU-002453,Spray,124995,179000,94
Sejahtera Spons 1227,Elektronik,SKU-002454,Small,47301,54600,172
Maju Vitamin 1228,ATK,SKU-002455,30 tablets,129182,174600,101
Maju Vitamin 1228,ATK,SKU-002456,60 tablets,115134,150500,173
Jaya Masker 1229,Rumah Tangga,SKU-002457,10 pcs,22583,26800,101
Jaya Masker 1229,Rumah Tangga,SKU-002458,25 pcs,105321,143100,26
Jaya Masker 1229,Rumah Tangga,SKU-002459,50 pcs,44529,52100,50
Sentosa Hand Sanitizer 1230,Kesehatan,SKU-002460,60 ml,89070,107800,103
Makmur Beras 1231,Makanan,SKU-002461,5 kg,32481,39600,108
Makmur Beras 1231,Makanan,SKU-002462,10 kg,131138,161800,182
Fresh Minyak Goreng 1232,Minuman,SKU-002463,1 L,71858,98900,164
Fresh Minyak Goreng 1232,Minuman,SKU-002464,2 L,105219,132200,170
Fresh Minyak Goreng 1232,Minuman,SKU-002465,5 L,106322,153800,130
Daily Gula 1233,Snack,SKU-002466,500 g,73409,87700,116
Choice Tepung 1234,Sembako,SKU-002467,500 g,28621,34000,125
Choice Tepung 1234,Sembako,SKU-002468,1 kg,130657,159300,34
Max Kopi 1235,Perawatan Diri,SKU-002469,100 g,8091,9500,13
Max Kopi 1235,Perawatan Diri,SKU-002470,200 g,18185,23600,6
Max Kopi 1235,Perawatan Diri,SKU-002471,500 g,47248,59800,173
Plus Teh 1236,Kebersihan,SKU-002472,25 sachet,86009,102900,159
Nusantara Susu 1237,Elektronik,SKU-002473,200 ml,25553,35200,169
Nusantara Susu 1237,Elektronik,SKU-002474,1 L,136601,188500,119
Prima Air Mineral 1238,ATK,SKU-002475,330 ml,53235,65900,127
Prima Air Mineral 1238,ATK,SKU-002476,600 ml,128816,167600,138
Prima Air Mineral 1238,ATK,SKU-002477,1.5 L,90376,125900,138
Sejahtera Mie Instan 1239,Rumah Tangga,SKU-002478,Original,143593,165900,195
Maju Biskuit 1240,Kesehatan,SKU-002479,50 g,8583,12400,30
Maju Biskuit 1240,Kesehatan,SKU-002480,100 g,100866,129600,96
Jaya Keripik 1241,Makanan,SKU-002481,50 g,116313,149800,8
Jaya Keripik 1241,Makanan,SKU-002482,100 g,46665,61500,199
Jaya Keripik 1241,Makanan,SKU-002483,250 g,79741,112900,42
Sentosa Saus 1242,Minuman,SKU-002484,135 ml,129138,165200,79
Makmur Kecap 1243,Snack,SKU-002485,135 ml,102295,132600,28
Makmur Kecap 1243,Snack,SKU-002486,275 ml,149421,202100,168
Fresh Sabun Mandi 1244,Sembako,SKU-002487,70 g,145471,197200,146
Fresh Sabun Mandi 1244,Sembako,SKU-002488,100 g,123460,159600,40
Fresh Sabun Mandi 1244,Sembako,SKU-002489,250 g,133124,155300,67
Daily Shampoo 1245,Perawatan Diri,SKU-002490,170 ml,129980,172500,96
Choice Pasta Gigi 1246,Kebersihan,SKU-002491,75 g,92774,128000,72
Choice Pasta Gigi 1246,Kebersihan,SKU-002492,120 g,84312,98500,151
Max Detergen 1247,Elektronik,SKU-002493,500 g,12127,14400,93
Max Detergen 1247,Elektronik,SKU-002494,1 kg,91755,127800,149
Max Detergen 1247,Elektronik,SKU-002495,2.5 kg,7351,10100,160
Plus Tisu 1248,ATK,SKU-002496,10 sheets,89758,113500,109
Nusantara Pewangi 1249,Rumah Tangga,SKU-002497,250 ml,90777,131400,105
Nusantara Pewangi 1249,Rumah Tangga,SKU-002498,450 ml,92383,107800,62
Prima Pulpen 1250,Kesehatan,SKU-002499,0.5 mm,65210,79600,79
Prima Pulpen 1250,Kesehatan,SKU-002500,0.7 mm,22566,32100,16
Prima Pulpen 1250,Kesehatan,SKU-002501,1.0 mm,80230,95000,43
Sejahtera Buku Tulis 1251,Makanan,SKU-002502,38 sheets,5467,7200,9
Maju Lampu LED 1252,Minuman,SKU-002503,5 W,121124,163200,108
Maju Lampu LED 1252,Minuman,SKU-002504,9 W,149210,194600,107
Jaya Baterai 1253,Snack,SKU-002505,AA,70192,81200,120
Jaya Baterai 1253,Snack,SKU-002506,AAA,6129,8900,96
Jaya Baterai 1253,Snack,SKU-002507,9V,149814,189800,146
Sentosa Kabel USB 1254,Sembako,SKU-002508,1 m,25918,36100,25
Makmur Sapu 1255,Perawatan Diri,SKU-002509,Standard,54277,67900,128
Makmur Sapu 1255,Perawatan Diri,SKU-002510,Premium,89308,107200,76
Fresh Pel 1256,Kebersihan,SKU-002511,Standard,95545,137700,51
Fresh Pel 1256,Kebersihan,SKU-002512,Microfiber,130572,175000,19
Fresh Pel 1256,Kebersihan,SKU-002513,Spray,140765,170900,67
Daily Spons 1257,Elektronik,SKU-002514,Small,12760,15800,146
Choice Vitamin 1258,ATK,SKU-002515,30 tablets,105689,147100,159
Choice Vitamin 1258,ATK,SKU-002516,60 tablets,24406,33300,148
Max Masker 1259,Rumah Tangga,SKU-002517,10 pcs,25133,33400,69
Max Masker 1259,Rumah Tangga,SKU-002518,25 pcs,17934,23700,135
Max Masker 1259,Rumah Tangga,SKU-002519,50 pcs,124888,159600,88
Plus Hand Sanitizer 1260,Kesehatan,SKU-002520,60 ml,20396,27400,77
Nusantara Beras 1261,Makanan,SKU-002521,5 kg,132588,184500,110
Nusantara Beras 1261,Makanan,SKU-002522,10 kg,141844,176500,106
Prima Minyak Goreng 1262,Minuman,SKU-002523,1 L,105760,129600,131
Prima Minyak Goreng 1262,Minuman,SKU-002524,2 L,119111,161000,140
Prima Minyak Goreng 1262,Minuman,SKU-002525,5 L,47643,67400,160
Sejahtera Gula 1263,Snack,SKU-002526,500 g,135625,191100,147
Maju Tepung 1264,Sembako,SKU-002527,500 g,131163,159200,190
Maju Tepung 1264,Sembako,SKU-002528,1 kg,122798,151100,163
Jaya Kopi 1265,Perawatan Diri,SKU-002529,100 g,139949,194900,196
Jaya Kopi 1265,Perawatan Diri,SKU-002530,200 g,113998,163100,186
Jaya Kopi 1265,Perawatan Diri,SKU-002531,500 g,15997,20900,93
Sentosa Teh 1266,Kebersihan,SKU-002532,25 sachet,121538,145200,38
Makmur Susu 1267,Elektronik,SKU-002533,200 ml,79015,110900,105
Makmur Susu 1267,Elektronik,SKU-002534,1 L,83833,118000,16
Fresh Air Mineral 1268,ATK,SKU-002535,330 ml,53661,75300,68
Fresh Air Mineral 1268,ATK,SKU-002536,600 ml,75547,101500,65
Fresh Air Mineral 1268,ATK,SKU-002537,1.5 L,62200,79100,29
Daily Mie Instan 1269,Rumah Tangga,SKU-002538,Original,39611,47800,62
Choice Biskuit 1270,Kesehatan,SKU-002539,50 g,81706,105300,143
Choice Biskuit 1270,Kesehatan,SKU-002540,100 g,114629,146300,9
Max Keripik 1271,Makanan,SKU-002541,50 g,53250,63800,34
Max Keripik 1271,Makanan,SKU-002542,100 g,7939,9700,71
Max Keripik 1271,Makanan,SKU-002543,250 g,144664,174000,10
Plus Saus 1272,Minuman,SKU-002544,135 ml,127660,176800,14
Nusantara Kecap 1273,Snack,SKU-002545,135 ml,22301,27700,76
Nusantara Kecap 1273,Snack,SKU-002546,275 ml,16967,24100,104
Prima Sabun Mandi 1274,Sembako,SKU-002547,70 g,95572,129200,23
Prima Sabun Mandi 1274,Sembako,SKU-002548,100 g,104343,149500,185
Prima Sabun Mandi 1274,Sembako,SKU-002549,250 g,37147,45300,146
Sejahtera Shampoo 1275,Perawatan Diri,SKU-002550,170 ml,131437,187900,133
Maju Pasta Gigi 1276,Kebersihan,SKU-002551,75 g,137993,169100,23
Maju Pasta Gigi 1276,Kebersihan,SKU-002552,120 g,62710,83400,197
Jaya Detergen 1277,Elektronik,SKU-002553,500 g,82458,103000,149
Jaya Detergen 1277,Elektronik,SKU-002554,1 kg,102523,142700,190
Jaya Detergen 1277,Elektronik,SKU-002555,2.5 kg,62149,88900,55
Sentosa Tisu 1278,ATK,SKU-002556,10 sheets,38121,45100,54
Makmur Pewangi 1279,Rumah Tangga,SKU-002557,250 ml,72270,92600,65
Makmur Pewangi 1279,Rumah Tangga,SKU-002558,450 ml,14960,19400,95
Fresh Pulpen 1280,Kesehatan,SKU-002559,0.5 mm,29912,37200,108
Fresh Pulpen 1280,Kesehatan,SKU-002560,0.7 mm,124780,169100,71
Fresh Pulpen 1280,Kesehatan,SKU-002561,1.0 mm,38287,48200,183
Daily Buku Tulis 1281,Makanan,SKU-002562,38 sheets,96700,135000,5
Choice Lampu LED 1282,Minuman,SKU-002563,5 W,9425,13200,169
Choice Lampu LED 1282,Minuman,SKU-002564,9 W,14632,19900,171
Max Baterai 1283,Snack,SKU-002565,AA,63129,77400,98
Max Baterai 1283,Snack,SKU-002566,AAA,81372,109200,179
Max Baterai 1283,Snack,SKU-002567,9V,95420,135600,175
Plus Kabel USB 1284,Sembako,SKU-002568,1 m,32295,42300,60
Nusantara Sapu 1285,Perawatan Diri,SKU-002569,Standard,116273,147300,100
Nusantara Sapu 1285,Perawatan Diri,SKU-002570,Premium,67286,83500,193
Prima Pel 1286,Kebersihan,SKU-002571,Standard,62024,76900,41
Prima Pel 1286,Kebersihan,SKU-002572,Microfiber,115340,154500,196
Prima Pel 1286,Kebersihan,SKU-002573,Spray,106806,148100,70
Sejahtera Spons 1287,Elektronik,SKU-002574,Small,21296,29700,125
Maju Vitamin 1288,ATK,SKU-002575,30 tablets,123793,169700,85
Maju Vitamin 1288,ATK,SKU-002576,60 tablets,111020,156900,25
Jaya Masker 1289,Rumah Tangga,SKU-002577,10 pcs,42333,57600,129
Jaya Masker 1289,Rumah Tangga,SKU-002578,25 pcs,17697,22200,154
Jaya Masker 1289,Rumah Tangga,SKU-002579,50 pcs,143883,197300,116
Sentosa Hand Sanitizer 1290,Kesehatan,SKU-002580,60 ml,7469,10300,164
Makmur Beras 1291,Makanan,SKU-002581,5 kg,48466,64900,164
Makmur Beras 1291,Makanan,SKU-002582,10 kg,35975,41400,51
Fresh Minyak Goreng 1292,Minuman,SKU-002583,1 L,80397,100000,21
Fresh Minyak Goreng 1292,Minuman,SKU-002584,2 L,29352,35100,132
Fresh Minyak Goreng 1292,Minuman,SKU-002585,5 L,34403,48300,175
Daily Gula 1293,Snack,SKU-002586,500 g,107861,149700,81
Choice Tepung 1294,Sembako,SKU-002587,500 g,118655,153500,188
Choice Tepung 1294,Sembako,SKU-002588,1 kg,35298,43400,175
Max Kopi 1295,Perawatan Diri,SKU-002589,100 g,86173,119800,50
Max Kopi 1295,Perawatan Diri,SKU-002590,200 g,22424,28600,46
Max Kopi 1295,Perawatan Diri,SKU-002591,500 g,103452,146200,146
Plus Teh 1296,Kebersihan,SKU-002592,25 sachet,59147,68400,5
Nusantara Susu 1297,Elektronik,SKU-002593,200 ml,146715,197200,160
Nusantara Susu 1297,Elektronik,SKU-002594,1 L,60254,85700,118
Prima Air Mineral 1298,ATK,SKU-002595,330 ml,52274,64200,43
Prima Air Mineral 1298,ATK,SKU-002596,600 ml,13350,17000,109
Prima Air Mineral 1298,ATK,SKU-002597,1.5 L,68498,81800,94
Sejahtera Mie Instan 1299,Rumah Tangga,SKU-002598,Original,44896,64400,30
Maju Biskuit 1300,Kesehatan,SKU-002599,50 g,4000,5500,111
Maju Biskuit 1300,Kesehatan,SKU-002600,100 g,119236,166700,126
Jaya Keripik 1301,Makanan,SKU-002601,50 g,31367,38200,52
Jaya Keripik 1301,Makanan,SKU-002602,100 g,50250,72000,200
Jaya Keripik 1301,Makanan,SKU-002603,250 g,70083,86600,126
Sentosa Saus 1302,Minuman,SKU-002604,135 ml,100458,119500,52
Makmur Kecap 1303,Snack,SKU-002605,135 ml,56809,82300,72
Makmur Kecap 1303,Snack,SKU-002606,275 ml,49940,63700,104
Fresh Sabun Mandi 1304,Sembako,SKU-002607,70 g,38558,44700,67
Fresh Sabun Mandi 1304,Sembako,SKU-002608,100 g,62031,82800,63
Fresh Sabun Mandi 1304,Sembako,SKU-002609,250 g,97198,128800,165
Daily Shampoo 1305,Perawatan Diri,SKU-002610,170 ml,120404,141600,120
Choice Pasta Gigi 1306,Kebersihan,SKU-002611,75 g,35218,49700,177
Choice Pasta Gigi 1306,Kebersihan,SKU-002612,120 g,104516,141700,182
Max Detergen 1307,Elektronik,SKU-002613,500 g,100831,137400,188
Max Detergen 1307,Elektronik,SKU-002614,1 kg,67468,79100,142
Max Detergen 1307,Elektronik,SKU-002615,2.5 kg,15701,18300,60
Plus Tisu 1308,ATK,SKU-002616,10 sheets,123752,176000,155
Nusantara Pewangi 1309,Rumah Tangga,SKU-002617,250 ml,12230,14100,129
Nusantara Pewangi 1309,Rumah Tangga,SKU-002618,450 ml,100160,124300,101
Prima Pulpen 1310,Kesehatan,SKU-002619,0.5 mm,97529,116000,143
Prima Pulpen 1310,Kesehatan,SKU-002620,0.7 mm,11080,14700,66
Prima Pulpen 1310,Kesehatan,SKU-002621,1.0 mm,44829,58300,86
Sejahtera Buku Tulis 1311,Makanan,SKU-002622,38 sheets,123005,146300,81
Maju Lampu LED 1312,Minuman,SKU-002623,5 W,139347,178300,66
Maju Lampu LED 1312,Minuman,SKU-002624,9 W,30929,38500,32
Jaya Baterai 1313,Snack,SKU-002625,AA,131165,185100,71
Jaya Baterai 1313,Snack,SKU-002626,AAA,94827,135400,72
Jaya Baterai 1313,Snack,SKU-002627,9V,69300,92400,194
Sentosa Kabel USB 1314,Sembako,SKU-002628,1 m,69442,90600,111
Makmur Sapu 1315,Perawatan Diri,SKU-002629,Standard,43549,54200,125
Makmur Sapu 1315,Perawatan Diri,SKU-002630,Premium,39953,52600,168
Fresh Pel 1316,Kebersihan,SKU-002631,Standard,115640,134800,38
Fresh Pel 1316,Kebersihan,SKU-002632,Microfiber,14604,17800,9
Fresh Pel 1316,Kebersihan,SKU-002633,Spray,123572,151800,180
Daily Spons 1317,Elektronik,SKU-002634,Small,122756,157200,126
Choice Vitamin 1318,ATK,SKU-002635,30 tablets,10993,14100,181
Choice Vitamin 1318,ATK,SKU-002636,60 tablets,147324,190900,126
Max Masker 1319,Rumah Tangga,SKU-002637,10 pcs,29788,41800,37
Max Masker 1319,Rumah Tangga,SKU-002638,25 pcs,32715,41100,52
Max Masker 1319,Rumah Tangga,SKU-002639,50 pcs,74779,90000,43
Plus Hand Sanitizer 1320,Kesehatan,SKU-002640,60 ml,133662,186700,144
Nusantara Beras 1321,Makanan,SKU-002641,5 kg,55978,74200,1
Nusantara Beras 1321,Makanan,SKU-002642,10 kg,138191,190700,46
Prima Minyak Goreng 1322,Minuman,SKU-002643,1 L,109461,156100,63
Prima Minyak Goreng 1322,Minuman,SKU-002644,2 L,130876,177100,84
Prima Minyak Goreng 1322,Minuman,SKU-002645,5 L,7105,8800,174
Sejahtera Gula 1323,Snack,SKU-002646,500 g,32279,40900,151
Maju Tepung 1324,Sembako,SKU-002647,500 g,28105,39400,39
Maju Tepung 1324,Sembako,SKU-002648,1 kg,7869,9200,181
Jaya Kopi 1325,Perawatan Diri,SKU-002649,100 g,126091,162200,68
Jaya Kopi 1325,Perawatan Diri,SKU-002650,200 g,1821,2300,11
Jaya Kopi 1325,Perawatan Diri,SKU-002651,500 g,119077,148500,187
Sentosa Teh 1326,Kebersihan,SKU-002652,25 sachet,149501,177700,12
Makmur Susu 1327,Elektronik,SKU-002653,200 ml,74474,92900,14
Makmur Susu 1327,Elektronik,SKU-002654,1 L,18839,24800,154
Fresh Air Mineral 1328,ATK,SKU-002655,330 ml,100279,118100,65
Fresh Air Mineral 1328,ATK,SKU-002656,600 ml,46964,57400,197
Fresh Air Mineral 1328,ATK,SKU-002657,1.5 L,104873,123400,53
Daily Mie Instan 1329,Rumah Tangga,SKU-002658,Original,43013,54500,103
Choice Biskuit 1330,Kesehatan,SKU-002659,50 g,74994,100800,167
Choice Biskuit 1330,Kesehatan,SKU-002660,100 g,40705,48300,125
Max Keripik 1331,Makanan,SKU-002661,50 g,113640,155800,79
Max Keripik 1331,Makanan,SKU-002662,100 g,34716,43700,24
Max Keripik 1331,Makanan,SKU-002663,250 g,96626,126000,125
Plus Saus 1332,Minuman,SKU-002664,135 ml,117070,165700,121
Nusantara Kecap 1333,Snack,SKU-002665,135 ml,70680,93200,108
Nusantara Kecap 1333,Snack,SKU-002666,275 ml,23951,33000,94
Prima Sabun Mandi 1334,Sembako,SKU-002667,70 g,49152,62900,109
Prima Sabun Mandi 1334,Sembako,SKU-002668,100 g,24665,28700,87
Prima Sabun Mandi 1334,Sembako,SKU-002669,250 g,121810,164800,165
Sejahtera Shampoo 1335,Perawatan Diri,SKU-002670,170 ml,40950,58500,134
Maju Pasta Gigi 1336,Kebersihan,SKU-002671,75 g,137841,162000,119
Maju Pasta Gigi 1336,Kebersihan,SKU-002672,120 g,114950,134900,122
Jaya Detergen 1337,Elektronik,SKU-002673,500 g,79046,94400,32
Jaya Detergen 1337,Elektronik,SKU-002674,1 kg,79050,110900,133
Jaya Detergen 1337,Elektronik,SKU-002675,2.5 kg,112427,139300,12
Sentosa Tisu 1338,ATK,SKU-002676,10 sheets,144739,169800,11
Makmur Pewangi 1339,Rumah Tangga,SKU-002677,250 ml,134888,159500,108
Makmur Pewangi 1339,Rumah Tangga,SKU-002678,450 ml,108570,127900,169
Fresh Pulpen 1340,Kesehatan,SKU-002679,0.5 mm,149323,208100,90
Fresh Pulpen 1340,Kesehatan,SKU-002680,0.7 mm,67110,89000,196
Fresh Pulpen 1340,Kesehatan,SKU-002681,1.0 mm,132274,152800,189
Daily Buku Tulis 1341,Makanan,SKU-002682,38 sheets,121640,146400,46
Choice Lampu LED 1342,Minuman,SKU-002683,5 W,103311,120200,106
Choice Lampu LED 1342,Minuman,SKU-002684,9 W,78326,97500,185
Max Baterai 1343,Snack,SKU-002685,AA,119575,164700,115
Max Baterai 1343,Snack,SKU-002686,AAA,69787,87400,47
Max Baterai 1343,Snack,SKU-002687,9V,55630,67100,191
Plus Kabel USB 1344,Sembako,SKU-002688,1 m,68278,96400,27
Nusantara Sapu 1345,Perawatan Diri,SKU-002689,Standard,114017,149400,1
Nusantara Sapu 1345,Perawatan Diri,SKU-002690,Premium,103829,123000,43
Prima Pel 1346,Kebersihan,SKU-002691,Standard,125374,161500,103
Prima Pel 1346,Kebersihan,SKU-002692,Microfiber,127891,158700,157
Prima Pel 1346,Kebersihan,SKU-002693,Spray,94862,128700,176
Sejahtera Spons 1347,Elektronik,SKU-002694,Small,103846,144500,22
Maju Vitamin 1348,ATK,SKU-002695,30 tablets,33091,39400,48
Maju Vitamin 1348,ATK,SKU-002696,60 tablets,29637,41300,178
Jaya Masker 1349,Rumah Tangga,SKU-002697,10 pcs,49641,69900,53
Jaya Masker 1349,Rumah Tangga,SKU-002698,25 pcs,126421,170000,166
Jaya Masker 1349,Rumah Tangga,SKU-002699,50 pcs,63681,81600,160
Sentosa Hand Sanitizer 1350,Kesehatan,SKU-002700,60 ml,141486,170800,77
Makmur Beras 1351,Makanan,SKU-002701,5 kg,121784,145500,108
Makmur Beras 1351,Makanan,SKU-002702,10 kg,6019,7100,39
Fresh Minyak Goreng 1352,Minuman,SKU-002703,1 L,117023,168400,120
Fresh Minyak Goreng 1352,Minuman,SKU-002704,2 L,5445,7700,149
Fresh Minyak Goreng 1352,Minuman,SKU-002705,5 L,63903,77300,145
Daily Gula 1353,Snack,SKU-002706,500 g,102990,120000,2
Choice Tepung 1354,Sembako,SKU-002707,500 g,27212,36400,182
Choice Tepung 1354,Sembako,SKU-002708,1 kg,113490,163900,126
Max Kopi 1355,Perawatan Diri,SKU-002709,100 g,145607,211100,9
Max Kopi 1355,Perawatan Diri,SKU-002710,200 g,128094,162700,131
Max Kopi 1355,Perawatan Diri,SKU-002711,500 g,128200,156300,15
Plus Teh 1356,Kebersihan,SKU-002712,25 sachet,138792,160400,147
Nusantara Susu 1357,Elektronik,SKU-002713,200 ml,83098,109400,68
Nusantara Susu 1357,Elektronik,SKU-002714,1 L,109650,155300,29
Prima Air Mineral 1358,ATK,SKU-002715,330 ml,130005,173800,165
Prima Air Mineral 1358,ATK,SKU-002716,600 ml,91202,117100,111
Prima Air Mineral 1358,ATK,SKU-002717,1.5 L,5754,6900,185
Sejahtera Mie Instan 1359,Rumah Tangga,SKU-002718,Original,50684,65400,112
Maju Biskuit 1360,Kesehatan,SKU-002719,50 g,61144,79600,150
Maju Biskuit 1360,Kesehatan,SKU-002720,100 g,89206,127300,183
Jaya Keripik 1361,Makanan,SKU-002721,50 g,123105,146400,75
Jaya Keripik 1361,Makanan,SKU-002722,100 g,102633,147600,172
Jaya Keripik 1361,Makanan,SKU-002723,250 g,94738,131600,41
Sentosa Saus 1362,Minuman,SKU-002724,135 ml,54618,67400,191
Makmur Kecap 1363,Snack,SKU-002725,135 ml,22894,30900,33
Makmur Kecap 1363,Snack,SKU-002726,275 ml,45727,55300,155
Fresh Sabun Mandi 1364,Sembako,SKU-002727,70 g,129323,152600,106
Fresh Sabun Mandi 1364,Sembako,SKU-002728,100 g,129727,161000,53
Fresh Sabun Mandi 1364,Sembako,SKU-002729,250 g,146269,170300,4
Daily Shampoo 1365,Perawatan Diri,SKU-002730,170 ml,94353,133400,91
Choice Pasta Gigi 1366,Kebersihan,SKU-002731,75 g,41877,50400,128
Choice Pasta Gigi 1366,Kebersihan,SKU-002732,120 g,8680,12100,86
Max Detergen 1367,Elektronik,SKU-002733,500 g,113184,134000,58
Max Detergen 1367,Elektronik,SKU-002734,1 kg,31937,42100,124
Max Detergen 1367,Elektronik,SKU-002735,2.5 kg,67886,98300,200
Plus Tisu 1368,ATK,SKU-002736,10 sheets,93424,129000,197
Nusantara Pewangi 1369,Rumah Tangga,SKU-002737,250 ml,146320,180000,38
Nusantara Pewangi 1369,Rumah Tangga,SKU-002738,450 ml,135405,180300,26
Prima Pulpen 1370,Kesehatan,SKU-002739,0.5 mm,13517,19300,112
Prima Pulpen 1370,Kesehatan,SKU-002740,0.7 mm,120135,172800,193
Prima Pulpen 1370,Kesehatan,SKU-002741,1.0 mm,29379,42400,200
Sejahtera Buku Tulis 1371,Makanan,SKU-002742,38 sheets,27004,37700,10
Maju Lampu LED 1372,Minuman,SKU-002743,5 W,133287,157500,161
Maju Lampu LED 1372,Minuman,SKU-002744,9 W,31248,44100,92
Jaya Baterai 1373,Snack,SKU-002745,AA,41465,56700,181
Jaya Baterai 1373,Snack,SKU-002746,AAA,116041,160000,127
Jaya Baterai 1373,Snack,SKU-002747,9V,26329,31500,93
Sentosa Kabel USB 1374,Sembako,SKU-002748,1 m,88015,122800,31
Makmur Sapu 1375,Perawatan Diri,SKU-002749,Standard,53224,68200,106
Makmur Sapu 1375,Perawatan Diri,SKU-002750,Premium,2026,2500,121
Fresh Pel 1376,Kebersihan,SKU-002751,Standard,89775,111000,43
Fresh Pel 1376,Kebersihan,SKU-002752,Microfiber,22643,27800,183
Fresh Pel 1376,Kebersihan,SKU-002753,Spray,109092,137300,170
Daily Spons 1377,Elektronik,SKU-002754,Small,64643,77300,192
Choice Vitamin 1378,ATK,SKU-002755,30 tablets,139144,177600,58
Choice Vitamin 1378,ATK,SKU-002756,60 tablets,36474,50700,105
Max Masker 1379,Rumah Tangga,SKU-002757,10 pcs,107597,152700,132
Max Masker 1379,Rumah Tangga,SKU-002758,25 pcs,95136,136300,113
Max Masker 1379,Rumah Tangga,SKU-002759,50 pcs,38464,53100,183
Plus Hand Sanitizer 1380,Kesehatan,SKU-002760,60 ml,135919,194800,21
Nusantara Beras 1381,Makanan,SKU-002761,5 kg,88984,110700,197
Nusantara Beras 1381,Makanan,SKU-002762,10 kg,43376,55500,100
Prima Minyak Goreng 1382,Minuman,SKU-002763,1 L,10023,13500,164
Prima Minyak Goreng 1382,Minuman,SKU-002764,2 L,39871,56600,14
Prima Minyak Goreng 1382,Minuman,SKU-002765,5 L,136556,196900,107
Sejahtera Gula 1383,Snack,SKU-002766,500 g,105682,149600,179
Maju Tepung 1384,Sembako,SKU-002767,500 g,145425,205300,184
Maju Tepung 1384,Sembako,SKU-002768,1 kg,82533,117400,2
Jaya Kopi 1385,Perawatan Diri,SKU-002769,100 g,73642,104600,156
Jaya Kopi 1385,Perawatan Diri,SKU-002770,200 g,38798,52800,114
Jaya Kopi 1385,Perawatan Diri,SKU-002771,500 g,54074,76600,159
Sentosa Teh 1386,Kebersihan,SKU-002772,25 sachet,116205,158000,200
Makmur Susu 1387,Elektronik,SKU-002773,200 ml,106338,147000,77
Makmur Susu 1387,Elektronik,SKU-002774,1 L,22393,26000,85
Fresh Air Mineral 1388,ATK,SKU-002775,330 ml,102534,140200,189
Fresh Air Mineral 1388,ATK,SKU-002776,600 ml,33331,43500,138
Fresh Air Mineral 1388,ATK,SKU-002777,1.5 L,74729,90700,130
Daily Mie Instan 1389,Rumah Tangga,SKU-002778,Original,144947,180300,87
Choice Biskuit 1390,Kesehatan,SKU-002779,50 g,42250,48900,138
Choice Biskuit 1390,Kesehatan,SKU-002780,100 g,68114,83300,198
Max Keripik 1391,Makanan,SKU-002781,50 g,79976,109400,129
Max Keripik 1391,Makanan,SKU-002782,100 g,29251,40100,95
Max Keripik 1391,Makanan,SKU-002783,250 g,68393,91500,90
Plus Saus 1392,Minuman,SKU-002784,135 ml,32756,38100,166
Nusantara Kecap 1393,Snack,SKU-002785,135 ml,33002,42400,146
Nusantara Kecap 1393,Snack,SKU-002786,275 ml,1666,2100,60
Prima Sabun Mandi 1394,Sembako,SKU-002787,70 g,148567,202700,160
Prima Sabun Mandi 1394,Sembako,SKU-002788,100 g,140098,196600,59
Prima Sabun Mandi 1394,Sembako,SKU-002789,250 g,92138,114200,170
Sejahtera Shampoo 1395,Perawatan Diri,SKU-002790,170 ml,36992,50500,133
Maju Pasta Gigi 1396,Kebersihan,SKU-002791,75 g,65215,77100,132
Maju Pasta Gigi 1396,Kebersihan,SKU-002792,120 g,50777,70900,92
Jaya Detergen 1397,Elektronik,SKU-002793,500 g,119394,140800,182
Jaya Detergen 1397,Elektronik,SKU-002794,1 kg,111892,156500,20
Jaya Detergen 1397,Elektronik,SKU-002795,2.5 kg,24482,28600,33
Sentosa Tisu 1398,ATK,SKU-002796,10 sheets,125146,152000,19
Makmur Pewangi 1399,Rumah Tangga,SKU-002797,250 ml,97108,131400,103
Makmur Pewangi 1399,Rumah Tangga,SKU-002798,450 ml,146830,191700,101
Fresh Pulpen 1400,Kesehatan,SKU-002799,0.5 mm,69425,92000,162
Fresh Pulpen 1400,Kesehatan,SKU-002800,0.7 mm,111297,161300,176
Fresh Pulpen 1400,Kesehatan,SKU-002801,1.0 mm,128630,176200,106
Daily Buku Tulis 1401,Makanan,SKU-002802,38 sheets,42988,51300,32
Choice Lampu LED 1402,Minuman,SKU-002803,5 W,127378,173700,33
Choice Lampu LED 1402,Minuman,SKU-002804,9 W,134828,190000,30
Max Baterai 1403,Snack,SKU-002805,AA,56042,72100,8
Max Baterai 1403,Snack,SKU-002806,AAA,41414,59400,94
Max Baterai 1403,Snack,SKU-002807,9V,31433,41800,104
Plus Kabel USB 1404,Sembako,SKU-002808,1 m,29223,34700,146
Nusantara Sapu 1405,Perawatan Diri,SKU-002809,Standard,76214,88600,39
Nusantara Sapu 1405,Perawatan Diri,SKU-002810,Premium,31165,39300,95
Prima Pel 1406,Kebersihan,SKU-002811,Standard,79797,98800,7
Prima Pel 1406,Kebersihan,SKU-002812,Microfiber,37752,45000,150
Prima Pel 1406,Kebersihan,SKU-002813,Spray,110861,129100,78
Sejahtera Spons 1407,Elektronik,SKU-002814,Small,74613,90600,189
Maju Vitamin 1408,ATK,SKU-002815,30 tablets,128434,147800,140
Maju Vitamin 1408,ATK,SKU-002816,60 tablets,91696,107300,11
Jaya Masker 1409,Rumah Tangga,SKU-002817,10 pcs,109764,142100,79
Jaya Masker 1409,Rumah Tangga,SKU-002818,25 pcs,148611,191100,86
Jaya Masker 1409,Rumah Tangga,SKU-002819,50 pcs,99208,128200,184
Sentosa Hand Sanitizer 1410,Kesehatan,SKU-002820,60 ml,35115,48400,129
Makmur Beras 1411,Makanan,SKU-002821,5 kg,121131,167000,170
Makmur Beras 1411,Makanan,SKU-002822,10 kg,118022,141000,186
Fresh Minyak Goreng 1412,Minuman,SKU-002823,1 L,85553,100700,159
Fresh Minyak Goreng 1412,Minuman,SKU-002824,2 L,107681,136300,101
Fresh Minyak Goreng 1412,Minuman,SKU-002825,5 L,89166,117000,171
Daily Gula 1413,Snack,SKU-002826,500 g,116455,159600,165
Choice Tepung 1414,Sembako,SKU-002827,500 g,23507,33100,181
Choice Tepung 1414,Sembako,SKU-002828,1 kg,6802,9000,197
Max Kopi 1415,Perawatan Diri,SKU-002829,100 g,81262,107100,31
Max Kopi 1415,Perawatan Diri,SKU-002830,200 g,146930,172700,158
Max Kopi 1415,Perawatan Diri,SKU-002831,500 g,142338,188300,13
Plus Teh 1416,Kebersihan,SKU-002832,25 sachet,149786,195700,192
Nusantara Susu 1417,Elektronik,SKU-002833,200 ml,125037,162600,4
Nusantara Susu 1417,Elektronik,SKU-002834,1 L,31831,42900,136
Prima Air Mineral 1418,ATK,SKU-002835,330 ml,47418,68200,70
Prima Air Mineral 1418,ATK,SKU-002836,600 ml,54250,66400,180
Prima Air Mineral 1418,ATK,SKU-002837,1.5 L,116752,137200,136
Sejahtera Mie Instan 1419,Rumah Tangga,SKU-002838,Original,84299,107100,11
Maju Biskuit 1420,Kesehatan,SKU-002839,50 g,129136,181900,5
Maju Biskuit 1420,Kesehatan,SKU-002840,100 g,89417,114600,106
Jaya Keripik 1421,Makanan,SKU-002841,50 g,6606,9300,81
Jaya Keripik 1421,Makanan,SKU-002842,100 g,100441,123300,29
Jaya Keripik 1421,Makanan,SKU-002843,250 g,26339,34600,73
Sentosa Saus 1422,Minuman,SKU-002844,135 ml,38057,45900,196
Makmur Kecap 1423,Snack,SKU-002845,135 ml,23795,28500,104
Makmur Kecap 1423,Snack,SKU-002846,275 ml,44652,52100,83
Fresh Sabun Mandi 1424,Sembako,SKU-002847,70 g,47868,55400,14
Fresh Sabun Mandi 1424,Sembako,SKU-002848,100 g,78425,99400,81
Fresh Sabun Mandi 1424,Sembako,SKU-002849,250 g,37645,48000,82
Daily Shampoo 1425,Perawatan Diri,SKU-002850,170 ml,67915,85800,30
Choice Pasta Gigi 1426,Kebersihan,SKU-002851,75 g,13899,16800,192
Choice Pasta Gigi 1426,Kebersihan,SKU-002852,120 g,62294,80900,192
Max Detergen 1427,Elektronik,SKU-002853,500 g,132531,167700,29
Max Detergen 1427,Elektronik,SKU-002854,1 kg,70892,82800,118
Max Detergen 1427,Elektronik,SKU-002855,2.5 kg,145297,184800,123
Plus Tisu 1428,ATK,SKU-002856,10 sheets,7877,10000,59
Nusantara Pewangi 1429,Rumah Tangga,SKU-002857,250 ml,5181,6400,150
Nusantara Pewangi 1429,Rumah Tangga,SKU-002858,450 ml,26910,32900,142
Prima Pulpen 1430,Kesehatan,SKU-002859,0.5 mm,33217,41200,104
Prima Pulpen 1430,Kesehatan,SKU-002860,0.7 mm,117211,137700,162
Prima Pulpen 1430,Kesehatan,SKU-002861,1.0 mm,131485,159200,36
Sejahtera Buku Tulis 1431,Makanan,SKU-002862,38 sheets,98159,128800,43
Maju Lampu LED 1432,Minuman,SKU-002863,5 W,64567,84700,108
Maju Lampu LED 1432,Minuman,SKU-002864,9 W,145829,187500,0
Jaya Baterai 1433,Snack,SKU-002865,AA,122105,175600,158
Jaya Baterai 1433,Snack,SKU-002866,AAA,76125,102500,42
Jaya Baterai 1433,Snack,SKU-002867,9V,442,500,123
Sentosa Kabel USB 1434,Sembako,SKU-002868,1 m,71944,95600,174
Makmur Sapu 1435,Perawatan Diri,SKU-002869,Standard,99954,144900,161
Makmur Sapu 1435,Perawatan Diri,SKU-002870,Premium,56072,74300,130
Fresh Pel 1436,Kebersihan,SKU-002871,Standard,74044,86200,189
Fresh Pel 1436,Kebersihan,SKU-002872,Microfiber,140308,185100,76
Fresh Pel 1436,Kebersihan,SKU-002873,Spray,23818,30200,31
Daily Spons 1437,Elektronik,SKU-002874,Small,36908,50500,71
Choice Vitamin 1438,ATK,SKU-002875,30 tablets,113536,137700,129
Choice Vitamin 1438,ATK,SKU-002876,60 tablets,83741,118500,87
Max Masker 1439,Rumah Tangga,SKU-002877,10 pcs,68814,99400,181
Max Masker 1439,Rumah Tangga,SKU-002878,25 pcs,118977,146600,169
Max Masker 1439,Rumah Tangga,SKU-002879,50 pcs,84615,106000,117
Plus Hand Sanitizer 1440,Kesehatan,SKU-002880,60 ml,86403,99800,177
Nusantara Beras 1441,Makanan,SKU-002881,5 kg,35355,47500,0
Nusantara Beras 1441,Makanan,SKU-002882,10 kg,125219,144200,2
Prima Minyak Goreng 1442,Minuman,SKU-002883,1 L,45791,58300,178
Prima Minyak Goreng 1442,Minuman,SKU-002884,2 L,128482,177100,137
Prima Minyak Goreng 1442,Minuman,SKU-002885,5 L,21572,29900,166
Sejahtera Gula 1443,Snack,SKU-002886,500 g,20622,27000,171
Maju Tepung 1444,Sembako,SKU-002887,500 g,117000,158100,90
Maju Tepung 1444,Sembako,SKU-002888,1 kg,98964,138400,91
Jaya Kopi 1445,Perawatan Diri,SKU-002889,100 g,101684,122300,196
Jaya Kopi 1445,Perawatan Diri,SKU-002890,200 g,2510,3000,94
Jaya Kopi 1445,Perawatan Diri,SKU-002891,500 g,50891,65300,56
Sentosa Teh 1446,Kebersihan,SKU-002892,25 sachet,5485,7600,174
Makmur Susu 1447,Elektronik,SKU-002893,200 ml,94100,113600,157
Makmur Susu 1447,Elektronik,SKU-002894,1 L,79776,111100,56
Fresh Air Mineral 1448,ATK,SKU-002895,330 ml,61709,89100,92
Fresh Air Mineral 1448,ATK,SKU-002896,600 ml,9945,12300,180
Fresh Air Mineral 1448,ATK,SKU-002897,1.5 L,55110,63500,163
Daily Mie Instan 1449,Rumah Tangga,SKU-002898,Original,104131,123200,71
Choice Biskuit 1450,Kesehatan,SKU-002899,50 g,149486,194300,43
Choice Biskuit 1450,Kesehatan,SKU-002900,100 g,144947,175100,189
Max Keripik 1451,Makanan,SKU-002901,50 g,148596,200900,154
Max Keripik 1451,Makanan,SKU-002902,100 g,148448,178500,150
Max Keripik 1451,Makanan,SKU-002903,250 g,33919,46600,32
Plus Saus 1452,Minuman,SKU-002904,135 ml,68358,97800,58
Nusantara Kecap 1453,Snack,SKU-002905,135 ml,137422,188100,70
Nusantara Kecap 1453,Snack,SKU-002906,275 ml,50592,71000,5
Prima Sabun Mandi 1454,Sembako,SKU-002907,70 g,140007,186800,174
Prima Sabun Mandi 1454,Sembako,SKU-002908,100 g,147131,208200,0
Prima Sabun Mandi 1454,Sembako,SKU-002909,250 g,112265,150700,166
Sejahtera Shampoo 1455,Perawatan Diri,SKU-002910,170 ml,13895,19500,82
Maju Pasta Gigi 1456,Kebersihan,SKU-002911,75 g,113689,159500,104
Maju Pasta Gigi 1456,Kebersihan,SKU-002912,120 g,72136,85600,132
Jaya Detergen 1457,Elektronik,SKU-002913,500 g,122612,159200,132
Jaya Detergen 1457,Elektronik,SKU-002914,1 kg,11694,16500,57
Jaya Detergen 1457,Elektronik,SKU-002915,2.5 kg,12611,15600,107
Sentosa Tisu 1458,ATK,SKU-002916,10 sheets,139868,179700,1
Makmur Pewangi 1459,Rumah Tangga,SKU-002917,250 ml,103023,124500,20
Makmur Pewangi 1459,Rumah Tangga,SKU-002918,450 ml,6951,10100,57
Fresh Pulpen 1460,Kesehatan,SKU-002919,0.5 mm,111401,160100,63
Fresh Pulpen 1460,Kesehatan,SKU-002920,0.7 mm,51910,62300,79
Fresh Pulpen 1460,Kesehatan,SKU-002921,1.0 mm,16774,22400,24
Daily Buku Tulis 1461,Makanan,SKU-002922,38 sheets,7606,9800,6
Choice Lampu LED 1462,Minuman,SKU-002923,5 W,87935,123300,63
Choice Lampu LED 1462,Minuman,SKU-002924,9 W,28569,36900,87
Max Baterai 1463,Snack,SKU-002925,AA,14569,20300,133
Max Baterai 1463,Snack,SKU-002926,AAA,62360,89400,198
Max Baterai 1463,Snack,SKU-002927,9V,115257,159000,160
Plus Kabel USB 1464,Sembako,SKU-002928,1 m,117335,155300,21
Nusantara Sapu 1465,Perawatan Diri,SKU-002929,Standard,16208,23100,96
Nusantara Sapu 1465,Perawatan Diri,SKU-002930,Premium,82424,116800,177
Prima Pel 1466,Kebersihan,SKU-002931,Standard,17346,24000,15
Prima Pel 1466,Kebersihan,SKU-002932,Microfiber,116146,135500,156
Prima Pel 1466,Kebersihan,SKU-002933,Spray,113504,132800,173
Sejahtera Spons 1467,Elektronik,SKU-002934,Small,14925,19700,75
Maju Vitamin 1468,ATK,SKU-002935,30 tablets,100296,127400,158
Maju Vitamin 1468,ATK,SKU-002936,60 tablets,108069,131800,153
Jaya Masker 1469,Rumah Tangga,SKU-002937,10 pcs,3080,4000,118
Jaya Masker 1469,Rumah Tangga,SKU-002938,25 pcs,112525,159100,158
Jaya Masker 1469,Rumah Tangga,SKU-002939,50 pcs,26849,33600,172
Sentosa Hand Sanitizer 1470,Kesehatan,SKU-002940,60 ml,7108,9100,84
Makmur Beras 1471,Makanan,SKU-002941,5 kg,50757,60000,3
Makmur Beras 1471,Makanan,SKU-002942,10 kg,18006,23900,49
Fresh Minyak Goreng 1472,Minuman,SKU-002943,1 L,33325,44700,65
Fresh Minyak Goreng 1472,Minuman,SKU-002944,2 L,93463,119300,185
Fresh Minyak Goreng 1472,Minuman,SKU-002945,5 L,116855,140900,35
Daily Gula 1473,Snack,SKU-002946,500 g,11852,13800,79
Choice Tepung 1474,Sembako,SKU-002947,500 g,114554,149400,166
Choice Tepung 1474,Sembako,SKU-002948,1 kg,94080,117000,138
Max Kopi 1475,Perawatan Diri,SKU-002949,100 g,38474,45900,79
Max Kopi 1475,Perawatan Diri,SKU-002950,200 g,90189,111600,2
Max Kopi 1475,Perawatan Diri,SKU-002951,500 g,136006,180300,173
Plus Teh 1476,Kebersihan,SKU-002952,25 sachet,38206,44600,129
Nusantara Susu 1477,Elektronik,SKU-002953,200 ml,146956,206900,108
Nusantara Susu 1477,Elektronik,SKU-002954,1 L,90429,109300,51
Prima Air Mineral 1478,ATK,SKU-002955,330 ml,53059,73500,87
Prima Air Mineral 1478,ATK,SKU-002956,600 ml,49938,67400,177
Prima Air Mineral 1478,ATK,SKU-002957,1.5 L,122826,163300,84
Sejahtera Mie Instan 1479,Rumah Tangga,SKU-002958,Original,148698,214000,157
Maju Biskuit 1480,Kesehatan,SKU-002959,50 g,78846,100600,41
Maju Biskuit 1480,Kesehatan,SKU-002960,100 g,27785,35700,10
Jaya Keripik 1481,Makanan,SKU-002961,50 g,130305,158400,0
Jaya Keripik 1481,Makanan,SKU-002962,100 g,58764,79800,119
Jaya Keripik 1481,Makanan,SKU-002963,250 g,56172,68600,188
Sentosa Saus 1482,Minuman,SKU-002964,135 ml,87204,121400,96
Makmur Kecap 1483,Snack,SKU-002965,135 ml,54122,68700,1
Makmur Kecap 1483,Snack,SKU-002966,275 ml,95410,110000,91
Fresh Sabun Mandi 1484,Sembako,SKU-002967,70 g,8168,10800,36
Fresh Sabun Mandi 1484,Sembako,SKU-002968,100 g,76472,98000,161
Fresh Sabun Mandi 1484,Sembako,SKU-002969,250 g,94648,110100,7
Daily Shampoo 1485,Perawatan Diri,SKU-002970,170 ml,52498,63500,44
Choice Pasta Gigi 1486,Kebersihan,SKU-002971,75 g,57695,81700,184
Choice Pasta Gigi 1486,Kebersihan,SKU-002972,120 g,45987,57600,141
Max Detergen 1487,Elektronik,SKU-002973,500 g,64778,78000,5
Max Detergen 1487,Elektronik,SKU-002974,1 kg,46457,65200,25
Max Detergen 1487,Elektronik,SKU-002975,2.5 kg,5803,8100,35
Plus Tisu 1488,ATK,SKU-002976,10 sheets,99632,134200,28
Nusantara Pewangi 1489,Rumah Tangga,SKU-002977,250 ml,89005,127400,78
Nusantara Pewangi 1489,Rumah Tangga,SKU-002978,450 ml,119891,146500,95
Prima Pulpen 1490,Kesehatan,SKU-002979,0.5 mm,45220,64800,159
Prima Pulpen 1490,Kesehatan,SKU-002980,0.7 mm,113996,161100,16
Prima Pulpen 1490,Kesehatan,SKU-002981,1.0 mm,31362,37400,33
Sejahtera Buku Tulis 1491,Makanan,SKU-002982,38 sheets,50013,60400,96
Maju Lampu LED 1492,Minuman,SKU-002983,5 W,98408,122600,109
Maju Lampu LED 1492,Minuman,SKU-002984,9 W,64407,91900,195
Jaya Baterai 1493,Snack,SKU-002985,AA,49871,70100,75
Jaya Baterai 1493,Snack,SKU-002986,AAA,39245,49000,13
Jaya Baterai 1493,Snack,SKU-002987,9V,73719,104100,130
Sentosa Kabel USB 1494,Sembako,SKU-002988,1 m,128485,155800,20
Makmur Sapu 1495,Perawatan Diri,SKU-002989,Standard,123682,171600,157
Makmur Sapu 1495,Perawatan Diri,SKU-002990,Premium,17306,20800,99
Fresh Pel 1496,Kebersihan,SKU-002991,Standard,133772,168900,132
Fresh Pel 1496,Kebersihan,SKU-002992,Microfiber,122004,146900,182
Fresh Pel 1496,Kebersihan,SKU-002993,Spray,98310,128600,123
Daily Spons 1497,Elektronik,SKU-002994,Small,130006,168000,148
Choice Vitamin 1498,ATK,SKU-002995,30 tablets,105405,141400,149
Choice Vitamin 1498,ATK,SKU-002996,60 tablets,9895,12000,51
Max Masker 1499,Rumah Tangga,SKU-002997,10 pcs,118810,167400,101
Max Masker 1499,Rumah Tangga,SKU-002998,25 pcs,57603,71500,96
Max Masker 1499,Rumah Tangga,SKU-002999,50 pcs,41511,59400,95
Plus Hand Sanitizer 1500,Kesehatan,SKU-003000,60 ml,67023,88100,34
Nusantara Beras 1501,Makanan,SKU-003001,5 kg,22327,27700,132
Nusantara Beras 1501,Makanan,SKU-003002,10 kg,92463,112700,10
Prima Minyak Goreng 1502,Minuman,SKU-003003,1 L,122263,159400,86
Prima Minyak Goreng 1502,Minuman,SKU-003004,2 L,112000,144000,110
Prima Minyak Goreng 1502,Minuman,SKU-003005,5 L,107504,135500,127
Sejahtera Gula 1503,Snack,SKU-003006,500 g,83405,102700,6
Maju Tepung 1504,Sembako,SKU-003007,500 g,47372,60800,67
Maju Tepung 1504,Sembako,SKU-003008,1 kg,20193,25400,21
Jaya Kopi 1505,Perawatan Diri,SKU-003009,100 g,77506,108700,131
Jaya Kopi 1505,Perawatan Diri,SKU-003010,200 g,143601,192900,70
Jaya Kopi 1505,Perawatan Diri,SKU-003011,500 g,60001,70800,18
Sentosa Teh 1506,Kebersihan,SKU-003012,25 sachet,94733,110000,51
Makmur Susu 1507,Elektronik,SKU-003013,200 ml,87792,106100,84
Makmur Susu 1507,Elektronik,SKU-003014,1 L,65842,81700,196
Fresh Air Mineral 1508,ATK,SKU-003015,330 ml,72249,87200,154
Fresh Air Mineral 1508,ATK,SKU-003016,600 ml,36440,52800,192
Fresh Air Mineral 1508,ATK,SKU-003017,1.5 L,142677,203100,2
Daily Mie Instan 1509,Rumah Tangga,SKU-003018,Original,78805,97300,88
Choice Biskuit 1510,Kesehatan,SKU-003019,50 g,106156,152200,148
Choice Biskuit 1510,Kesehatan,SKU-003020,100 g,3417,4400,131
Max Keripik 1511,Makanan,SKU-003021,50 g,39433,55600,58
Max Keripik 1511,Makanan,SKU-003022,100 g,59787,81700,53
Max Keripik 1511,Makanan,SKU-003023,250 g,124671,152100,150
Plus Saus 1512,Minuman,SKU-003024,135 ml,145164,199900,184
Nusantara Kecap 1513,Snack,SKU-003025,135 ml,121253,151800,21
Nusantara Kecap 1513,Snack,SKU-003026,275 ml,82370,115600,109
Prima Sabun Mandi 1514,Sembako,SKU-003027,70 g,109794,133200,115
Prima Sabun Mandi 1514,Sembako,SKU-003028,100 g,146693,170000,35
Prima Sabun Mandi 1514,Sembako,SKU-003029,250 g,33945,42100,188
Sejahtera Shampoo 1515,Perawatan Diri,SKU-003030,170 ml,2837,3700,168
Maju Pasta Gigi 1516,Kebersihan,SKU-003031,75 g,93272,116800,107
Maju Pasta Gigi 1516,Kebersihan,SKU-003032,120 g,111899,151700,103
Jaya Detergen 1517,Elektronik,SKU-003033,500 g,141229,175100,150
Jaya Detergen 1517,Elektronik,SKU-003034,1 kg,6392,8400,8
Jaya Detergen 1517,Elektronik,SKU-003035,2.5 kg,36773,44000,84
Sentosa Tisu 1518,ATK,SKU-003036,10 sheets,149247,199800,154
Makmur Pewangi 1519,Rumah Tangga,SKU-003037,250 ml,102768,148400,52
Makmur Pewangi 1519,Rumah Tangga,SKU-003038,450 ml,102702,120100,98
Fresh Pulpen 1520,Kesehatan,SKU-003039,0.5 mm,49671,64200,84
Fresh Pulpen 1520,Kesehatan,SKU-003040,0.7 mm,149594,215200,163
Fresh Pulpen 1520,Kesehatan,SKU-003041,1.0 mm,80160,94400,26
Daily Buku Tulis 1521,Makanan,SKU-003042,38 sheets,145241,174800,176
Choice Lampu LED 1522,Minuman,SKU-003043,5 W,128387,148700,50
Choice Lampu LED 1522,Minuman,SKU-003044,9 W,18516,26400,98
Max Baterai 1523,Snack,SKU-003045,AA,74701,90500,74
Max Baterai 1523,Snack,SKU-003046,AAA,137767,161300,14
Max Baterai 1523,Snack,SKU-003047,9V,96939,126600,43
Plus Kabel USB 1524,Sembako,SKU-003048,1 m,85961,121000,105
Nusantara Sapu 1525,Perawatan Diri,SKU-003049,Standard,102825,123100,28
Nusantara Sapu 1525,Perawatan Diri,SKU-003050,Premium,34152,44800,122
Prima Pel 1526,Kebersihan,SKU-003051,Standard,18325,23200,52
Prima Pel 1526,Kebersihan,SKU-003052,Microfiber,34360,48500,79
Prima Pel 1526,Kebersihan,SKU-003053,Spray,113598,158500,170
Sejahtera Spons 1527,Elektronik,SKU-003054,Small,124760,149400,147
Maju Vitamin 1528,ATK,SKU-003055,30 tablets,81646,108300,128
Maju Vitamin 1528,ATK,SKU-003056,60 tablets,120612,148700,1
Jaya Masker 1529,Rumah Tangga,SKU-003057,10 pcs,37705,48400,102
Jaya Masker 1529,Rumah Tangga,SKU-003058,25 pcs,65007,85000,145
Jaya Masker 1529,Rumah Tangga,SKU-003059,50 pcs,129001,166200,147
Sentosa Hand Sanitizer 1530,Kesehatan,SKU-003060,60 ml,10545,14500,73
Makmur Beras 1531,Makanan,SKU-003061,5 kg,119918,150400,182
Makmur Beras 1531,Makanan,SKU-003062,10 kg,78274,99200,44
Fresh Minyak Goreng 1532,Minuman,SKU-003063,1 L,109103,133600,158
Fresh Minyak Goreng 1532,Minuman,SKU-003064,2 L,113566,146200,168
Fresh Minyak Goreng 1532,Minuman,SKU-003065,5 L,48388,65800,24
Daily Gula 1533,Snack,SKU-003066,500 g,103467,140700,11
Choice Tepung 1534,Sembako,SKU-003067,500 g,63134,89400,40
Choice Tepung 1534,Sembako,SKU-003068,1 kg,72068,102000,137
Max Kopi 1535,Perawatan Diri,SKU-003069,100 g,76817,103700,17
Max Kopi 1535,Perawatan Diri,SKU-003070,200 g,57252,81400,105
Max Kopi 1535,Perawatan Diri,SKU-003071,500 g,145219,172300,94
Plus Teh 1536,Kebersihan,SKU-003072,25 sachet,20362,28000,129
Nusantara Susu 1537,Elektronik,SKU-003073,200 ml,85762,109200,42
Nusantara Susu 1537,Elektronik,SKU-003074,1 L,66561,80700,11
Prima Air Mineral 1538,ATK,SKU-003075,330 ml,121454,140600,163
Prima Air Mineral 1538,ATK,SKU-003076,600 ml,121385,153500,190
Prima Air Mineral 1538,ATK,SKU-003077,1.5 L,104985,147700,101
Sejahtera Mie Instan 1539,Rumah Tangga,SKU-003078,Original,10202,11800,29
Maju Biskuit 1540,Kesehatan,SKU-003079,50 g,36077,45000,191
Maju Biskuit 1540,Kesehatan,SKU-003080,100 g,121999,158000,17
Jaya Keripik 1541,Makanan,SKU-003081,50 g,21939,28800,62
Jaya Keripik 1541,Makanan,SKU-003082,100 g,115046,137100,71
Jaya Keripik 1541,Makanan,SKU-003083,250 g,42601,51200,4
Sentosa Saus 1542,Minuman,SKU-003084,135 ml,26649,32100,31
Makmur Kecap 1543,Snack,SKU-003085,135 ml,140456,192800,43
Makmur Kecap 1543,Snack,SKU-003086,275 ml,20638,27900,2
Fresh Sabun Mandi 1544,Sembako,SKU-003087,70 g,71931,86000,91
Fresh Sabun Mandi 1544,Sembako,SKU-003088,100 g,46945,57000,8
Fresh Sabun Mandi 1544,Sembako,SKU-003089,250 g,139838,169900,178
Daily Shampoo 1545,Perawatan Diri,SKU-003090,170 ml,12818,18000,133
Choice Pasta Gigi 1546,Kebersihan,SKU-003091,75 g,27246,34500,78
Choice Pasta Gigi 1546,Kebersihan,SKU-003092,120 g,116688,136000,1
Max Detergen 1547,Elektronik,SKU-003093,500 g,13057,18000,196
Max Detergen 1547,Elektronik,SKU-003094,1 kg,53184,76000,95
Max Detergen 1547,Elektronik,SKU-003095,2.5 kg,62831,76000,4
Plus Tisu 1548,ATK,SKU-003096,10 sheets,110841,128400,3
Nusantara Pewangi 1549,Rumah Tangga,SKU-003097,250 ml,88673,123800,174
Nusantara Pewangi 1549,Rumah Tangga,SKU-003098,450 ml,16860,20500,24
Prima Pulpen 1550,Kesehatan,SKU-003099,0.5 mm,44309,60600,11
Prima Pulpen 1550,Kesehatan,SKU-003100,0.7 mm,109268,142500,83
Prima Pulpen 1550,Kesehatan,SKU-003101,1.0 mm,84888,111900,48
Sejahtera Buku Tulis 1551,Makanan,SKU-003102,38 sheets,54595,78100,101
Maju Lampu LED 1552,Minuman,SKU-003103,5 W,112466,133400,54
Maju Lampu LED 1552,Minuman,SKU-003104,9 W,28057,35300,44
Jaya Baterai 1553,Snack,SKU-003105,AA,4230,5400,80
Jaya Baterai 1553,Snack,SKU-003106,AAA,3440,4400,117
Jaya Baterai 1553,Snack,SKU-003107,9V,57996,67800,71
Sentosa Kabel USB 1554,Sembako,SKU-003108,1 m,97025,112900,55
Makmur Sapu 1555,Perawatan Diri,SKU-003109,Standard,108066,134100,153
Makmur Sapu 1555,Perawatan Diri,SKU-003110,Premium,131260,189700,26
Fresh Pel 1556,Kebersihan,SKU-003111,Standard,140856,195400,145
Fresh Pel 1556,Kebersihan,SKU-003112,Microfiber,45246,55500,24
Fresh Pel 1556,Kebersihan,SKU-003113,Spray,85327,123200,178
Daily Spons 1557,Elektronik,SKU-003114,Small,102160,138300,197
Choice Vitamin 1558,ATK,SKU-003115,30 tablets,35147,43900,162
Choice Vitamin 1558,ATK,SKU-003116,60 tablets,83653,120700,170
Max Masker 1559,Rumah Tangga,SKU-003117,10 pcs,126687,148300,4
Max Masker 1559,Rumah Tangga,SKU-003118,25 pcs,117979,149200,163
Max Masker 1559,Rumah Tangga,SKU-003119,50 pcs,61228,79700,180
Plus Hand Sanitizer 1560,Kesehatan,SKU-003120,60 ml,3784,4600,157
Nusantara Beras 1561,Makanan,SKU-003121,5 kg,32820,40800,188
Nusantara Beras 1561,Makanan,SKU-003122,10 kg,112628,155100,158
Prima Minyak Goreng 1562,Minuman,SKU-003123,1 L,21111,24700,95
Prima Minyak Goreng 1562,Minuman,SKU-003124,2 L,131038,162400,38
Prima Minyak Goreng 1562,Minuman,SKU-003125,5 L,98800,119700,9
Sejahtera Gula 1563,Snack,SKU-003126,500 g,62707,89500,153
Maju Tepung 1564,Sembako,SKU-003127,500 g,116620,160000,84
Maju Tepung 1564,Sembako,SKU-003128,1 kg,35497,43800,164
Jaya Kopi 1565,Perawatan Diri,SKU-003129,100 g,10682,14000,106
Jaya Kopi 1565,Perawatan Diri,SKU-003130,200 g,75916,104400,58
Jaya Kopi 1565,Perawatan Diri,SKU-003131,500 g,87140,109200,52
Sentosa Teh 1566,Kebersihan,SKU-003132,25 sachet,141677,165200,170
Makmur Susu 1567,Elektronik,SKU-003133,200 ml,65400,90900,178
Makmur Susu 1567,Elektronik,SKU-003134,1 L,58612,78100,97
Fresh Air Mineral 1568,ATK,SKU-003135,330 ml,137000,170800,113
Fresh Air Mineral 1568,ATK,SKU-003136,600 ml,1884,2200,125
Fresh Air Mineral 1568,ATK,SKU-003137,1.5 L,18646,26800,13
Daily Mie Instan 1569,Rumah Tangga,SKU-003138,Original,37401,53500,32
Choice Biskuit 1570,Kesehatan,SKU-003139,50 g,24354,29300,140
Choice Biskuit 1570,Kesehatan,SKU-003140,100 g,53875,65800,20
Max Keripik 1571,Makanan,SKU-003141,50 g,112036,153200,79
Max Keripik 1571,Makanan,SKU-003142,100 g,43333,59200,62
Max Keripik 1571,Makanan,SKU-003143,250 g,111453,134100,63
Plus Saus 1572,Minuman,SKU-003144,135 ml,79756,98500,114
Nusantara Kecap 1573,Snack,SKU-003145,135 ml,53096,65400,200
Nusantara Kecap 1573,Snack,SKU-003146,275 ml,126436,148400,92
Prima Sabun Mandi 1574,Sembako,SKU-003147,70 g,104697,132300,120
Prima Sabun Mandi 1574,Sembako,SKU-003148,100 g,116004,148100,156
Prima Sabun Mandi 1574,Sembako,SKU-003149,250 g,113921,157000,123
Sejahtera Shampoo 1575,Perawatan Diri,SKU-003150,170 ml,5493,7600,109
Maju Pasta Gigi 1576,Kebersihan,SKU-003151,75 g,22118,30500,76
Maju Pasta Gigi 1576,Kebersihan,SKU-003152,120 g,141123,168800,186
Jaya Detergen 1577,Elektronik,SKU-003153,500 g,46358,56900,118
Jaya Detergen 1577,Elektronik,SKU-003154,1 kg,80476,103500,96
Jaya Detergen 1577,Elektronik,SKU-003155,2.5 kg,147662,196700,18
Sentosa Tisu 1578,ATK,SKU-003156,10 sheets,87655,104400,120
Makmur Pewangi 1579,Rumah Tangga,SKU-003157,250 ml,51605,61700,48
Makmur Pewangi 1579,Rumah Tangga,SKU-003158,450 ml,1395,1600,128
Fresh Pulpen 1580,Kesehatan,SKU-003159,0.5 mm,98409,127700,106
Fresh Pulpen 1580,Kesehatan,SKU-003160,0.7 mm,103755,149500,95
Fresh Pulpen 1580,Kesehatan,SKU-003161,1.0 mm,100973,130900,164
Daily Buku Tulis 1581,Makanan,SKU-003162,38 sheets,18973,24100,9
Choice Lampu LED 1582,Minuman,SKU-003163,5 W,32931,41700,144
Choice Lampu LED 1582,Minuman,SKU-003164,9 W,42862,51800,111
Max Baterai 1583,Snack,SKU-003165,AA,67214,92800,192
Max Baterai 1583,Snack,SKU-003166,AAA,91677,119400,125
Max Baterai 1583,Snack,SKU-003167,9V,96816,131600,166
Plus Kabel USB 1584,Sembako,SKU-003168,1 m,101312,144700,188
Nusantara Sapu 1585,Perawatan Diri,SKU-003169,Standard,64994,79500,8
Nusantara Sapu 1585,Perawatan Diri,SKU-003170,Premium,95042,127300,173
Prima Pel 1586,Kebersihan,SKU-003171,Standard,7707,10500,165
Prima Pel 1586,Kebersihan,SKU-003172,Microfiber,39066,48000,116
Prima Pel 1586,Kebersihan,SKU-003173,Spray,38931,47700,154
Sejahtera Spons 1587,Elektronik,SKU-003174,Small,42617,49200,197
Maju Vitamin 1588,ATK,SKU-003175,30 tablets,24497,32900,98
Maju Vitamin 1588,ATK,SKU-003176,60 tablets,104545,142400,20
Jaya Masker 1589,Rumah Tangga,SKU-003177,10 pcs,136231,193900,108
Jaya Masker 1589,Rumah Tangga,SKU-003178,25 pcs,43769,61200,64
Jaya Masker 1589,Rumah Tangga,SKU-003179,50 pcs,79525,103400,136
Sentosa Hand Sanitizer 1590,Kesehatan,SKU-003180,60 ml,100645,133400,187
Makmur Beras 1591,Makanan,SKU-003181,5 kg,108200,148900,186
Makmur Beras 1591,Makanan,SKU-003182,10 kg,23597,27900,146
Fresh Minyak Goreng 1592,Minuman,SKU-003183,1 L,90580,126300,68
Fresh Minyak Goreng 1592,Minuman,SKU-003184,2 L,55225,78900,101
Fresh Minyak Goreng 1592,Minuman,SKU-003185,5 L,81066,93400,43
Daily Gula 1593,Snack,SKU-003186,500 g,129202,148600,17
Choice Tepung 1594,Sembako,SKU-003187,500 g,109834,143600,167
Choice Tepung 1594,Sembako,SKU-003188,1 kg,75886,104000,43
Max Kopi 1595,Perawatan Diri,SKU-003189,100 g,46542,58800,180
Max Kopi 1595,Perawatan Diri,SKU-003190,200 g,35514,43000,46
Max Kopi 1595,Perawatan Diri,SKU-003191,500 g,132057,189400,115
Plus Teh 1596,Kebersihan,SKU-003192,25 sachet,148959,207700,47
Nusantara Susu 1597,Elektronik,SKU-003193,200 ml,52975,61900,46
Nusantara Susu 1597,Elektronik,SKU-003194,1 L,50601,62100,104
Prima Air Mineral 1598,ATK,SKU-003195,330 ml,115834,155000,159
Prima Air Mineral 1598,ATK,SKU-003196,600 ml,28924,40800,42
Prima Air Mineral 1598,ATK,SKU-003197,1.5 L,21221,26300,96
Sejahtera Mie Instan 1599,Rumah Tangga,SKU-003198,Original,32984,40700,87
Maju Biskuit 1600,Kesehatan,SKU-003199,50 g,8076,10700,122
Maju Biskuit 1600,Kesehatan,SKU-003200,100 g,127490,172300,25
Jaya Keripik 1601,Makanan,SKU-003201,50 g,2792,3300,192
Jaya Keripik 1601,Makanan,SKU-003202,100 g,2194,3000,10
Jaya Keripik 1601,Makanan,SKU-003203,250 g,25686,31200,1
Sentosa Saus 1602,Minuman,SKU-003204,135 ml,98778,131500,194
Makmur Kecap 1603,Snack,SKU-003205,135 ml,69987,100100,121
Makmur Kecap 1603,Snack,SKU-003206,275 ml,88650,118000,86
Fresh Sabun Mandi 1604,Sembako,SKU-003207,70 g,97499,132100,87
Fresh Sabun Mandi 1604,Sembako,SKU-003208,100 g,82934,115700,92
Fresh Sabun Mandi 1604,Sembako,SKU-003209,250 g,104756,132400,14
Daily Shampoo 1605,Perawatan Diri,SKU-003210,170 ml,93630,132200,25
Choice Pasta Gigi 1606,Kebersihan,SKU-003211,75 g,1108,1400,178
Choice Pasta Gigi 1606,Kebersihan,SKU-003212,120 g,105631,144500,35
Max Detergen 1607,Elektronik,SKU-003213,500 g,7031,9400,135
Max Detergen 1607,Elektronik,SKU-003214,1 kg,73560,105600,192
Max Detergen 1607,Elektronik,SKU-003215,2.5 kg,65452,82500,158
Plus Tisu 1608,ATK,SKU-003216,10 sheets,124870,162900,169
Nusantara Pewangi 1609,Rumah Tangga,SKU-003217,250 ml,49566,57000,163
Nusantara Pewangi 1609,Rumah Tangga,SKU-003218,450 ml,84758,97900,92
Prima Pulpen 1610,Kesehatan,SKU-003219,0.5 mm,12294,17700,188
Prima Pulpen 1610,Kesehatan,SKU-003220,0.7 mm,85634,115900,59
Prima Pulpen 1610,Kesehatan,SKU-003221,1.0 mm,127318,161700,156
Sejahtera Buku Tulis 1611,Makanan,SKU-003222,38 sheets,21630,27100,121
Maju Lampu LED 1612,Minuman,SKU-003223,5 W,26633,36500,75
Maju Lampu LED 1612,Minuman,SKU-003224,9 W,51438,70100,133
Jaya Baterai 1613,Snack,SKU-003225,AA,132587,153700,127
Jaya Baterai 1613,Snack,SKU-003226,AAA,23130,28700,172
Jaya Baterai 1613,Snack,SKU-003227,9V,144150,208500,119
Sentosa Kabel USB 1614,Sembako,SKU-003228,1 m,44354,62900,29
Makmur Sapu 1615,Perawatan Diri,SKU-003229,Standard,126697,170900,61
Makmur Sapu 1615,Perawatan Diri,SKU-003230,Premium,64094,77800,192
Fresh Pel 1616,Kebersihan,SKU-003231,Standard,23744,28100,183
Fresh Pel 1616,Kebersihan,SKU-003232,Microfiber,7960,9500,83
Fresh Pel 1616,Kebersihan,SKU-003233,Spray,100829,139100,56
Daily Spons 1617,Elektronik,SKU-003234,Small,67835,91600,171
Choice Vitamin 1618,ATK,SKU-003235,30 tablets,32569,44000,136
Choice Vitamin 1618,ATK,SKU-003236,60 tablets,129264,152200,177
Max Masker 1619,Rumah Tangga,SKU-003237,10 pcs,87541,123600,147
Max Masker 1619,Rumah Tangga,SKU-003238,25 pcs,17252,23200,96
Max Masker 1619,Rumah Tangga,SKU-003239,50 pcs,100347,135100,200
Plus Hand Sanitizer 1620,Kesehatan,SKU-003240,60 ml,147598,212500,111
Nusantara Beras 1621,Makanan,SKU-003241,5 kg,61475,74800,29
Nusantara Beras 1621,Makanan,SKU-003242,10 kg,76577,90100,22
Prima Minyak Goreng 1622,Minuman,SKU-003243,1 L,89491,122800,48
Prima Minyak Goreng 1622,Minuman,SKU-003244,2 L,30736,40600,32
Prima Minyak Goreng 1622,Minuman,SKU-003245,5 L,82448,118400,147
Sejahtera Gula 1623,Snack,SKU-003246,500 g,740,900,151
Maju Tepung 1624,Sembako,SKU-003247,500 g,140705,169800,99
Maju Tepung 1624,Sembako,SKU-003248,1 kg,111370,138800,93
Jaya Kopi 1625,Perawatan Diri,SKU-003249,100 g,33410,43600,154
Jaya Kopi 1625,Perawatan Diri,SKU-003250,200 g,58533,69200,2
Jaya Kopi 1625,Perawatan Diri,SKU-003251,500 g,141410,198800,80
Sentosa Teh 1626,Kebersihan,SKU-003252,25 sachet,38232,53300,75
Makmur Susu 1627,Elektronik,SKU-003253,200 ml,57684,75000,116
Makmur Susu 1627,Elektronik,SKU-003254,1 L,38946,51800,37
Fresh Air Mineral 1628,ATK,SKU-003255,330 ml,9303,12400,79
Fresh Air Mineral 1628,ATK,SKU-003256,600 ml,131995,191000,31
Fresh Air Mineral 1628,ATK,SKU-003257,1.5 L,71983,104300,180
Daily Mie Instan 1629,Rumah Tangga,SKU-003258,Original,125678,168300,55
Choice Biskuit 1630,Kesehatan,SKU-003259,50 g,130067,161000,96
Choice Biskuit 1630,Kesehatan,SKU-003260,100 g,15717,22700,85
Max Keripik 1631,Makanan,SKU-003261,50 g,40329,56400,53
Max Keripik 1631,Makanan,SKU-003262,100 g,59301,80700,13
Max Keripik 1631,Makanan,SKU-003263,250 g,47229,66500,186
Plus Saus 1632,Minuman,SKU-003264,135 ml,103010,127700,168
Nusantara Kecap 1633,Snack,SKU-003265,135 ml,42031,60800,140
Nusantara Kecap 1633,Snack,SKU-003266,275 ml,103135,129000,173
Prima Sabun Mandi 1634,Sembako,SKU-003267,70 g,124404,180000,193
Prima Sabun Mandi 1634,Sembako,SKU-003268,100 g,102893,130400,135
Prima Sabun Mandi 1634,Sembako,SKU-003269,250 g,74497,92000,49
Sejahtera Shampoo 1635,Perawatan Diri,SKU-003270,170 ml,143957,182600,33
Maju Pasta Gigi 1636,Kebersihan,SKU-003271,75 g,85082,117000,148
Maju Pasta Gigi 1636,Kebersihan,SKU-003272,120 g,14488,20400,181
Jaya Detergen 1637,Elektronik,SKU-003273,500 g,80011,103000,41
Jaya Detergen 1637,Elektronik,SKU-003274,1 kg,36360,46600,123
Jaya Detergen 1637,Elektronik,SKU-003275,2.5 kg,76605,108700,53
Sentosa Tisu 1638,ATK,SKU-003276,10 sheets,57483,80000,50
Makmur Pewangi 1639,Rumah Tangga,SKU-003277,250 ml,2694,3400,147
Makmur Pewangi 1639,Rumah Tangga,SKU-003278,450 ml,27025,36600,37
Fresh Pulpen 1640,Kesehatan,SKU-003279,0.5 mm,99011,142100,109
Fresh Pulpen 1640,Kesehatan,SKU-003280,0.7 mm,44398,63400,24
Fresh Pulpen 1640,Kesehatan,SKU-003281,1.0 mm,93514,134900,45
Daily Buku Tulis 1641,Makanan,SKU-003282,38 sheets,14055,16700,131
Choice Lampu LED 1642,Minuman,SKU-003283,5 W,89032,118200,38
Choice Lampu LED 1642,Minuman,SKU-003284,9 W,106204,129900,30
Max Baterai 1643,Snack,SKU-003285,AA,63438,80500,77
Max Baterai 1643,Snack,SKU-003286,AAA,45516,61300,96
Max Baterai 1643,Snack,SKU-003287,9V,23791,32900,166
Plus Kabel USB 1644,Sembako,SKU-003288,1 m,100465,123800,167
Nusantara Sapu 1645,Perawatan Diri,SKU-003289,Standard,116985,147400,30
Nusantara Sapu 1645,Perawatan Diri,SKU-003290,Premium,30873,36300,125
Prima Pel 1646,Kebersihan,SKU-003291,Standard,133927,163100,150
Prima Pel 1646,Kebersihan,SKU-003292,Microfiber,125997,155200,190
Prima Pel 1646,Kebersihan,SKU-003293,Spray,25086,34800,46
Sejahtera Spons 1647,Elektronik,SKU-003294,Small,100952,130800,165
Maju Vitamin 1648,ATK,SKU-003295,30 tablets,113980,141300,32
Maju Vitamin 1648,ATK,SKU-003296,60 tablets,26367,32900,182
Jaya Masker 1649,Rumah Tangga,SKU-003297,10 pcs,141205,170200,179
Jaya Masker 1649,Rumah Tangga,SKU-003298,25 pcs,5476,6900,137
Jaya Masker 1649,Rumah Tangga,SKU-003299,50 pcs,139259,180600,132
Sentosa Hand Sanitizer 1650,Kesehatan,SKU-003300,60 ml,141590,193100,166
Makmur Beras 1651,Makanan,SKU-003301,5 kg,32829,45200,53
Makmur Beras 1651,Makanan,SKU-003302,10 kg,31056,37400,153
Fresh Minyak Goreng 1652,Minuman,SKU-003303,1 L,47469,54700,114
Fresh Minyak Goreng 1652,Minuman,SKU-003304,2 L,82690,98100,32
Fresh Minyak Goreng 1652,Minuman,SKU-003305,5 L,54361,73200,22
Daily Gula 1653,Snack,SKU-003306,500 g,147755,181300,192
Choice Tepung 1654,Sembako,SKU-003307,500 g,9476,11100,31
Choice Tepung 1654,Sembako,SKU-003308,1 kg,132983,164800,139
Max Kopi 1655,Perawatan Diri,SKU-003309,100 g,45284,57800,168
Max Kopi 1655,Perawatan Diri,SKU-003310,200 g,322,400,11
Max Kopi 1655,Perawatan Diri,SKU-003311,500 g,136468,194000,75
Plus Teh 1656,Kebersihan,SKU-003312,25 sachet,140311,180100,147
Nusantara Susu 1657,Elektronik,SKU-003313,200 ml,128866,175100,133
Nusantara Susu 1657,Elektronik,SKU-003314,1 L,92605,123300,130
Prima Air Mineral 1658,ATK,SKU-003315,330 ml,55308,75000,169
Prima Air Mineral 1658,ATK,SKU-003316,600 ml,12027,14700,48
Prima Air Mineral 1658,ATK,SKU-003317,1.5 L,37437,46400,55
Sejahtera Mie Instan 1659,Rumah Tangga,SKU-003318,Original,35481,47200,55
Maju Biskuit 1660,Kesehatan,SKU-003319,50 g,94426,116400,186
Maju Biskuit 1660,Kesehatan,SKU-003320,100 g,110928,130000,65
Jaya Keripik 1661,Makanan,SKU-003321,50 g,68634,86800,41
Jaya Keripik 1661,Makanan,SKU-003322,100 g,105173,135300,65
Jaya Keripik 1661,Makanan,SKU-003323,250 g,111801,160100,36
Sentosa Saus 1662,Minuman,SKU-003324,135 ml,140784,170500,161
Makmur Kecap 1663,Snack,SKU-003325,135 ml,70921,102700,178
Makmur Kecap 1663,Snack,SKU-003326,275 ml,50796,69300,144
Fresh Sabun Mandi 1664,Sembako,SKU-003327,70 g,134367,178900,107
Fresh Sabun Mandi 1664,Sembako,SKU-003328,100 g,40536,50500,111
Fresh Sabun Mandi 1664,Sembako,SKU-003329,250 g,99637,115400,154
Daily Shampoo 1665,Perawatan Diri,SKU-003330,170 ml,65180,76500,31
Choice Pasta Gigi 1666,Kebersihan,SKU-003331,75 g,139621,165200,140
Choice Pasta Gigi 1666,Kebersihan,SKU-003332,120 g,106935,125100,163
Max Detergen 1667,Elektronik,SKU-003333,500 g,23624,29700,85
Max Detergen 1667,Elektronik,SKU-003334,1 kg,71931,85900,57
Max Detergen 1667,Elektronik,SKU-003335,2.5 kg,72034,83100,96
Plus Tisu 1668,ATK,SKU-003336,10 sheets,58555,74000,26
Nusantara Pewangi 1669,Rumah Tangga,SKU-003337,250 ml,32675,39300,186
Nusantara Pewangi 1669,Rumah Tangga,SKU-003338,450 ml,80660,107000,125
Prima Pulpen 1670,Kesehatan,SKU-003339,0.5 mm,25345,33200,179
Prima Pulpen 1670,Kesehatan,SKU-003340,0.7 mm,74223,97600,155
Prima Pulpen 1670,Kesehatan,SKU-003341,1.0 mm,26269,37300,43
Sejahtera Buku Tulis 1671,Makanan,SKU-003342,38 sheets,83660,120000,99
Maju Lampu LED 1672,Minuman,SKU-003343,5 W,47662,59700,189
Maju Lampu LED 1672,Minuman,SKU-003344,9 W,139677,183700,103
Jaya Baterai 1673,Snack,SKU-003345,AA,125306,166400,66
Jaya Baterai 1673,Snack,SKU-003346,AAA,2789,3800,182
Jaya Baterai 1673,Snack,SKU-003347,9V,41061,55300,36
Sentosa Kabel USB 1674,Sembako,SKU-003348,1 m,99600,131500,68
Makmur Sapu 1675,Perawatan Diri,SKU-003349,Standard,14158,20200,163
Makmur Sapu 1675,Perawatan Diri,SKU-003350,Premium,97332,132600,63
Fresh Pel 1676,Kebersihan,SKU-003351,Standard,109940,149700,46
Fresh Pel 1676,Kebersihan,SKU-003352,Microfiber,115370,166800,119
Fresh Pel 1676,Kebersihan,SKU-003353,Spray,131956,163100,109
Daily Spons 1677,Elektronik,SKU-003354,Small,136770,195900,58
Choice Vitamin 1678,ATK,SKU-003355,30 tablets,80303,107700,22
Choice Vitamin 1678,ATK,SKU-003356,60 tablets,80427,102300,80
Max Masker 1679,Rumah Tangga,SKU-003357,10 pcs,23929,32100,19
Max Masker 1679,Rumah Tangga,SKU-003358,25 pcs,63224,90600,42
Max Masker 1679,Rumah Tangga,SKU-003359,50 pcs,15350,18000,73
Plus Hand Sanitizer 1680,Kesehatan,SKU-003360,60 ml,145569,208000,2
Nusantara Beras 1681,Makanan,SKU-003361,5 kg,111444,150800,187
Nusantara Beras 1681,Makanan,SKU-003362,10 kg,36063,46700,131
Prima Minyak Goreng 1682,Minuman,SKU-003363,1 L,139867,190100,103
Prima Minyak Goreng 1682,Minuman,SKU-003364,2 L,3943,5300,190
Prima Minyak Goreng 1682,Minuman,SKU-003365,5 L,2211,3000,179
Sejahtera Gula 1683,Snack,SKU-003366,500 g,140370,193000,62
Maju Tepung 1684,Sembako,SKU-003367,500 g,138741,188000,10
Maju Tepung 1684,Sembako,SKU-003368,1 kg,117911,169700,172
Jaya Kopi 1685,Perawatan Diri,SKU-003369,100 g,137536,195500,44
Jaya Kopi 1685,Perawatan Diri,SKU-003370,200 g,19992,25200,34
Jaya Kopi 1685,Perawatan Diri,SKU-003371,500 g,134959,169500,13
Sentosa Teh 1686,Kebersihan,SKU-003372,25 sachet,111114,144300,43
Makmur Susu 1687,Elektronik,SKU-003373,200 ml,98154,141400,86
Makmur Susu 1687,Elektronik,SKU-003374,1 L,65774,92100,196
Fresh Air Mineral 1688,ATK,SKU-003375,330 ml,31197,38600,123
Fresh Air Mineral 1688,ATK,SKU-003376,600 ml,77251,95000,0
Fresh Air Mineral 1688,ATK,SKU-003377,1.5 L,149418,189500,78
Daily Mie Instan 1689,Rumah Tangga,SKU-003378,Original,135442,189300,9
Choice Biskuit 1690,Kesehatan,SKU-003379,50 g,121687,172500,124
Choice Biskuit 1690,Kesehatan,SKU-003380,100 g,15372,19300,157
Max Keripik 1691,Makanan,SKU-003381,50 g,120979,151100,90
Max Keripik 1691,Makanan,SKU-003382,100 g,28392,32700,184
Max Keripik 1691,Makanan,SKU-003383,250 g,49100,62400,2
Plus Saus 1692,Minuman,SKU-003384,135 ml,26865,34400,50
Nusantara Kecap 1693,Snack,SKU-003385,135 ml,22515,29500,39
Nusantara Kecap 1693,Snack,SKU-003386,275 ml,107967,128200,124
Prima Sabun Mandi 1694,Sembako,SKU-003387,70 g,2111,2500,168
Prima Sabun Mandi 1694,Sembako,SKU-003388,100 g,65871,80200,101
Prima Sabun Mandi 1694,Sembako,SKU-003389,250 g,98422,122000,109
Sejahtera Shampoo 1695,Perawatan Diri,SKU-003390,170 ml,48057,63000,68
Maju Pasta Gigi 1696,Kebersihan,SKU-003391,75 g,28793,41700,168
Maju Pasta Gigi 1696,Kebersihan,SKU-003392,120 g,115474,138400,90
Jaya Detergen 1697,Elektronik,SKU-003393,500 g,114060,131400,181
Jaya Detergen 1697,Elektronik,SKU-003394,1 kg,52326,61900,72
Jaya Detergen 1697,Elektronik,SKU-003395,2.5 kg,10852,12900,107
Sentosa Tisu 1698,ATK,SKU-003396,10 sheets,87125,123700,41
Makmur Pewangi 1699,Rumah Tangga,SKU-003397,250 ml,52464,75300,170
Makmur Pewangi 1699,Rumah Tangga,SKU-003398,450 ml,69977,83000,125
Fresh Pulpen 1700,Kesehatan,SKU-003399,0.5 mm,144511,187700,174
Fresh Pulpen 1700,Kesehatan,SKU-003400,0.7 mm,33706,42000,195
Fresh Pulpen 1700,Kesehatan,SKU-003401,1.0 mm,105125,136700,189
Daily Buku Tulis 1701,Makanan,SKU-003402,38 sheets,102234,121600,27
Choice Lampu LED 1702,Minuman,SKU-003403,5 W,5844,6900,88
Choice Lampu LED 1702,Minuman,SKU-003404,9 W,131372,151600,175
Max Baterai 1703,Snack,SKU-003405,AA,62298,72600,87
Max Baterai 1703,Snack,SKU-003406,AAA,112934,163000,188
Max Baterai 1703,Snack,SKU-003407,9V,2404,3100,74
Plus Kabel USB 1704,Sembako,SKU-003408,1 m,74283,96300,194
Nusantara Sapu 1705,Perawatan Diri,SKU-003409,Standard,112747,138000,39
Nusantara Sapu 1705,Perawatan Diri,SKU-003410,Premium,134318,162000,71
Prima Pel 1706,Kebersihan,SKU-003411,Standard,30451,42900,179
Prima Pel 1706,Kebersihan,SKU-003412,Microfiber,65142,87900,109
Prima Pel 1706,Kebersihan,SKU-003413,Spray,52312,67600,200
Sejahtera Spons 1707,Elektronik,SKU-003414,Small,27317,37200,128
Maju Vitamin 1708,ATK,SKU-003415,30 tablets,47797,57700,151
Maju Vitamin 1708,ATK,SKU-003416,60 tablets,39287,47900,33
Jaya Masker 1709,Rumah Tangga,SKU-003417,10 pcs,105493,122500,49
Jaya Masker 1709,Rumah Tangga,SKU-003418,25 pcs,38627,49400,157
Jaya Masker 1709,Rumah Tangga,SKU-003419,50 pcs,52635,62000,13
Sentosa Hand Sanitizer 1710,Kesehatan,SKU-003420,60 ml,100007,127200,78
Makmur Beras 1711,Makanan,SKU-003421,5 kg,60967,74200,109
Makmur Beras 1711,Makanan,SKU-003422,10 kg,125918,147100,109
Fresh Minyak Goreng 1712,Minuman,SKU-003423,1 L,13841,17200,68
Fresh Minyak Goreng 1712,Minuman,SKU-003424,2 L,95609,118000,89
Fresh Minyak Goreng 1712,Minuman,SKU-003425,5 L,109895,134500,12
Daily Gula 1713,Snack,SKU-003426,500 g,47945,55700,13
Choice Tepung 1714,Sembako,SKU-003427,500 g,84615,102700,120
Choice Tepung 1714,Sembako,SKU-003428,1 kg,73742,104900,25
Max Kopi 1715,Perawatan Diri,SKU-003429,100 g,113259,136500,125
Max Kopi 1715,Perawatan Diri,SKU-003430,200 g,95610,119500,28
Max Kopi 1715,Perawatan Diri,SKU-003431,500 g,25698,34700,174
Plus Teh 1716,Kebersihan,SKU-003432,25 sachet,144942,200200,33
Nusantara Susu 1717,Elektronik,SKU-003433,200 ml,87125,109600,92
Nusantara Susu 1717,Elektronik,SKU-003434,1 L,138938,185000,60
Prima Air Mineral 1718,ATK,SKU-003435,330 ml,72637,88100,98
Prima Air Mineral 1718,ATK,SKU-003436,600 ml,23167,32800,33
Prima Air Mineral 1718,ATK,SKU-003437,1.5 L,31850,37000,167
Sejahtera Mie Instan 1719,Rumah Tangga,SKU-003438,Original,50221,60700,114
Maju Biskuit 1720,Kesehatan,SKU-003439,50 g,26157,30700,139
Maju Biskuit 1720,Kesehatan,SKU-003440,100 g,90188,111900,121
Jaya Keripik 1721,Makanan,SKU-003441,50 g,53252,69800,39
Jaya Keripik 1721,Makanan,SKU-003442,100 g,11784,14000,107
Jaya Keripik 1721,Makanan,SKU-003443,250 g,144609,197200,194
Sentosa Saus 1722,Minuman,SKU-003444,135 ml,147191,212300,93
Makmur Kecap 1723,Snack,SKU-003445,135 ml,117866,157800,30
Makmur Kecap 1723,Snack,SKU-003446,275 ml,114627,134100,107
Fresh Sabun Mandi 1724,Sembako,SKU-003447,70 g,137601,196700,128
Fresh Sabun Mandi 1724,Sembako,SKU-003448,100 g,6034,7200,70
Fresh Sabun Mandi 1724,Sembako,SKU-003449,250 g,34099,42200,144
Daily Shampoo 1725,Perawatan Diri,SKU-003450,170 ml,16236,22500,177
Choice Pasta Gigi 1726,Kebersihan,SKU-003451,75 g,50157,68800,101
Choice Pasta Gigi 1726,Kebersihan,SKU-003452,120 g,130068,176300,131
Max Detergen 1727,Elektronik,SKU-003453,500 g,19957,23900,192
Max Detergen 1727,Elektronik,SKU-003454,1 kg,133804,169300,199
Max Detergen 1727,Elektronik,SKU-003455,2.5 kg,102600,130300,69
Plus Tisu 1728,ATK,SKU-003456,10 sheets,54544,65700,40
Nusantara Pewangi 1729,Rumah Tangga,SKU-003457,250 ml,57396,76200,2
Nusantara Pewangi 1729,Rumah Tangga,SKU-003458,450 ml,134726,173300,181
Prima Pulpen 1730,Kesehatan,SKU-003459,0.5 mm,137944,169300,56
Prima Pulpen 1730,Kesehatan,SKU-003460,0.7 mm,77989,106300,141
Prima Pulpen 1730,Kesehatan,SKU-003461,1.0 mm,31522,37900,11
Sejahtera Buku Tulis 1731,Makanan,SKU-003462,38 sheets,140171,171200,10
Maju Lampu LED 1732,Minuman,SKU-003463,5 W,39133,56100,71
Maju Lampu LED 1732,Minuman,SKU-003464,9 W,35157,43300,13
Jaya Baterai 1733,Snack,SKU-003465,AA,65575,94900,53
Jaya Baterai 1733,Snack,SKU-003466,AAA,140440,166400,166
Jaya Baterai 1733,Snack,SKU-003467,9V,91385,122400,94
Sentosa Kabel USB 1734,Sembako,SKU-003468,1 m,85381,100300,180
Makmur Sapu 1735,Perawatan Diri,SKU-003469,Standard,144289,177400,34
Makmur Sapu 1735,Perawatan Diri,SKU-003470,Premium,107344,152400,75
Fresh Pel 1736,Kebersihan,SKU-003471,Standard,85401,123500,160
Fresh Pel 1736,Kebersihan,SKU-003472,Microfiber,3028,4200,56
Fresh Pel 1736,Kebersihan,SKU-003473,Spray,73619,88600,4
Daily Spons 1737,Elektronik,SKU-003474,Small,141173,190200,199
Choice Vitamin 1738,ATK,SKU-003475,30 tablets,28203,38500,176
Choice Vitamin 1738,ATK,SKU-003476,60 tablets,100434,144000,65
Max Masker 1739,Rumah Tangga,SKU-003477,10 pcs,144709,175400,113
Max Masker 1739,Rumah Tangga,SKU-003478,25 pcs,58139,72500,52
Max Masker 1739,Rumah Tangga,SKU-003479,50 pcs,103968,124400,59
Plus Hand Sanitizer 1740,Kesehatan,SKU-003480,60 ml,114045,143800,122
Nusantara Beras 1741,Makanan,SKU-003481,5 kg,24860,32300,117
Nusantara Beras 1741,Makanan,SKU-003482,10 kg,48803,68100,45
Prima Minyak Goreng 1742,Minuman,SKU-003483,1 L,49808,65800,186
Prima Minyak Goreng 1742,Minuman,SKU-003484,2 L,47592,64000,5
Prima Minyak Goreng 1742,Minuman,SKU-003485,5 L,81606,97800,45
Sejahtera Gula 1743,Snack,SKU-003486,500 g,103636,140600,48
Maju Tepung 1744,Sembako,SKU-003487,500 g,18506,22100,109
Maju Tepung 1744,Sembako,SKU-003488,1 kg,64591,83100,165
Jaya Kopi 1745,Perawatan Diri,SKU-003489,100 g,105814,124900,134
Jaya Kopi 1745,Perawatan Diri,SKU-003490,200 g,36290,49600,3
Jaya Kopi 1745,Perawatan Diri,SKU-003491,500 g,26443,33400,5
Sentosa Teh 1746,Kebersihan,SKU-003492,25 sachet,29145,40700,195
Makmur Susu 1747,Elektronik,SKU-003493,200 ml,11766,14000,197
Makmur Susu 1747,Elektronik,SKU-003494,1 L,22214,27300,160
Fresh Air Mineral 1748,ATK,SKU-003495,330 ml,3838,5300,2
Fresh Air Mineral 1748,ATK,SKU-003496,600 ml,28176,37000,86
Fresh Air Mineral 1748,ATK,SKU-003497,1.5 L,22573,27300,122
Daily Mie Instan 1749,Rumah Tangga,SKU-003498,Original,147848,209600,41
Choice Biskuit 1750,Kesehatan,SKU-003499,50 g,80879,101100,39
Choice Biskuit 1750,Kesehatan,SKU-003500,100 g,64213,74900,177
Max Keripik 1751,Makanan,SKU-003501,50 g,70412,94200,31
Max Keripik 1751,Makanan,SKU-003502,100 g,5859,8200,26
Max Keripik 1751,Makanan,SKU-003503,250 g,143074,177300,130
Plus Saus 1752,Minuman,SKU-003504,135 ml,109164,130200,57
Nusantara Kecap 1753,Snack,SKU-003505,135 ml,6591,8000,98
Nusantara Kecap 1753,Snack,SKU-003506,275 ml,38933,48900,73
Prima Sabun Mandi 1754,Sembako,SKU-003507,70 g,59514,84900,175
Prima Sabun Mandi 1754,Sembako,SKU-003508,100 g,101158,137200,183
Prima Sabun Mandi 1754,Sembako,SKU-003509,250 g,29767,38600,28
Sejahtera Shampoo 1755,Perawatan Diri,SKU-003510,170 ml,59157,69800,72
Maju Pasta Gigi 1756,Kebersihan,SKU-003511,75 g,93966,110200,85
Maju Pasta Gigi 1756,Kebersihan,SKU-003512,120 g,31324,39400,21
Jaya Detergen 1757,Elektronik,SKU-003513,500 g,11663,15500,45
Jaya Detergen 1757,Elektronik,SKU-003514,1 kg,112662,147500,153
Jaya Detergen 1757,Elektronik,SKU-003515,2.5 kg,47843,64800,38
Sentosa Tisu 1758,ATK,SKU-003516,10 sheets,79353,106100,73
Makmur Pewangi 1759,Rumah Tangga,SKU-003517,250 ml,91627,129400,69
Makmur Pewangi 1759,Rumah Tangga,SKU-003518,450 ml,131175,176900,67
Fresh Pulpen 1760,Kesehatan,SKU-003519,0.5 mm,20319,28200,38
Fresh Pulpen 1760,Kesehatan,SKU-003520,0.7 mm,38727,48300,99
Fresh Pulpen 1760,Kesehatan,SKU-003521,1.0 mm,117398,160400,122
Daily Buku Tulis 1761,Makanan,SKU-003522,38 sheets,17945,21200,109
Choice Lampu LED 1762,Minuman,SKU-003523,5 W,73300,87500,82
Choice Lampu LED 1762,Minuman,SKU-003524,9 W,33732,40600,98
Max Baterai 1763,Snack,SKU-003525,AA,92734,115500,108
Max Baterai 1763,Snack,SKU-003526,AAA,126466,171700,105
Max Baterai 1763,Snack,SKU-003527,9V,87715,104500,167
Plus Kabel USB 1764,Sembako,SKU-003528,1 m,64763,81900,140
Nusantara Sapu 1765,Perawatan Diri,SKU-003529,Standard,130612,171300,126
Nusantara Sapu 1765,Perawatan Diri,SKU-003530,Premium,139884,183400,58
Prima Pel 1766,Kebersihan,SKU-003531,Standard,101127,118800,183
Prima Pel 1766,Kebersihan,SKU-003532,Microfiber,110883,145000,198
Prima Pel 1766,Kebersihan,SKU-003533,Spray,57797,78700,60
Sejahtera Spons 1767,Elektronik,SKU-003534,Small,95119,109500,4
Maju Vitamin 1768,ATK,SKU-003535,30 tablets,95300,125600,34
Maju Vitamin 1768,ATK,SKU-003536,60 tablets,29176,34100,89
Jaya Masker 1769,Rumah Tangga,SKU-003537,10 pcs,94896,133300,199
Jaya Masker 1769,Rumah Tangga,SKU-003538,25 pcs,36829,45600,36
Jaya Masker 1769,Rumah Tangga,SKU-003539,50 pcs,144872,208800,107
Sentosa Hand Sanitizer 1770,Kesehatan,SKU-003540,60 ml,63869,77500,57
Makmur Beras 1771,Makanan,SKU-003541,5 kg,14944,20500,30
Makmur Beras 1771,Makanan,SKU-003542,10 kg,37806,47800,6
Fresh Minyak Goreng 1772,Minuman,SKU-003543,1 L,111634,140800,179
Fresh Minyak Goreng 1772,Minuman,SKU-003544,2 L,28089,37900,18
Fresh Minyak Goreng 1772,Minuman,SKU-003545,5 L,125297,175600,40
Daily Gula 1773,Snack,SKU-003546,500 g,8213,9800,36
Choice Tepung 1774,Sembako,SKU-003547,500 g,21007,25700,3
Choice Tepung 1774,Sembako,SKU-003548,1 kg,149507,209200,106
Max Kopi 1775,Perawatan Diri,SKU-003549,100 g,39547,54600,120
Max Kopi 1775,Perawatan Diri,SKU-003550,200 g,37029,50900,178
Max Kopi 1775,Perawatan Diri,SKU-003551,500 g,78814,101800,184
Plus Teh 1776,Kebersihan,SKU-003552,25 sachet,88730,113900,165
Nusantara Susu 1777,Elektronik,SKU-003553,200 ml,3762,4600,39
Nusantara Susu 1777,Elektronik,SKU-003554,1 L,16028,22700,8
Prima Air Mineral 1778,ATK,SKU-003555,330 ml,45803,59600,2
Prima Air Mineral 1778,ATK,SKU-003556,600 ml,104211,145900,174
Prima Air Mineral 1778,ATK,SKU-003557,1.5 L,119391,157100,66
Sejahtera Mie Instan 1779,Rumah Tangga,SKU-003558,Original,131862,163700,58
Maju Biskuit 1780,Kesehatan,SKU-003559,50 g,111362,159200,69
Maju Biskuit 1780,Kesehatan,SKU-003560,100 g,24400,31900,32
Jaya Keripik 1781,Makanan,SKU-003561,50 g,55838,70900,14
Jaya Keripik 1781,Makanan,SKU-003562,100 g,57685,73100,190
Jaya Keripik 1781,Makanan,SKU-003563,250 g,146915,195600,19
Sentosa Saus 1782,Minuman,SKU-003564,135 ml,123097,159200,167
Makmur Kecap 1783,Snack,SKU-003565,135 ml,106494,148900,42
Makmur Kecap 1783,Snack,SKU-003566,275 ml,14631,20400,165
Fresh Sabun Mandi 1784,Sembako,SKU-003567,70 g,111507,134700,27
Fresh Sabun Mandi 1784,Sembako,SKU-003568,100 g,27667,32500,154
Fresh Sabun Mandi 1784,Sembako,SKU-003569,250 g,88241,102200,72
Daily Shampoo 1785,Perawatan Diri,SKU-003570,170 ml,42966,56400,16
Choice Pasta Gigi 1786,Kebersihan,SKU-003571,75 g,55850,74200,193
Choice Pasta Gigi 1786,Kebersihan,SKU-003572,120 g,81333,98100,51
Max Detergen 1787,Elektronik,SKU-003573,500 g,8784,10700,21
Max Detergen 1787,Elektronik,SKU-003574,1 kg,149754,197600,144
Max Detergen 1787,Elektronik,SKU-003575,2.5 kg,127127,147900,80
Plus Tisu 1788,ATK,SKU-003576,10 sheets,24734,35400,2
Nusantara Pewangi 1789,Rumah Tangga,SKU-003577,250 ml,93793,129000,101
Nusantara Pewangi 1789,Rumah Tangga,SKU-003578,450 ml,131428,158800,192
Prima Pulpen 1790,Kesehatan,SKU-003579,0.5 mm,102704,140500,33
Prima Pulpen 1790,Kesehatan,SKU-003580,0.7 mm,25827,32300,189
Prima Pulpen 1790,Kesehatan,SKU-003581,1.0 mm,132310,156200,198
Sejahtera Buku Tulis 1791,Makanan,SKU-003582,38 sheets,39670,45900,97
Maju Lampu LED 1792,Minuman,SKU-003583,5 W,125330,166200,9
Maju Lampu LED 1792,Minuman,SKU-003584,9 W,76353,91500,174
Jaya Baterai 1793,Snack,SKU-003585,AA,121700,142800,160
Jaya Baterai 1793,Snack,SKU-003586,AAA,24755,35500,59
Jaya Baterai 1793,Snack,SKU-003587,9V,56830,79100,167
Sentosa Kabel USB 1794,Sembako,SKU-003588,1 m,37226,51400,41
Makmur Sapu 1795,Perawatan Diri,SKU-003589,Standard,131796,172000,186
Makmur Sapu 1795,Perawatan Diri,SKU-003590,Premium,137476,196500,87
Fresh Pel 1796,Kebersihan,SKU-003591,Standard,117604,163000,86
Fresh Pel 1796,Kebersihan,SKU-003592,Microfiber,76542,96300,110
Fresh Pel 1796,Kebersihan,SKU-003593,Spray,10789,15300,198
Daily Spons 1797,Elektronik,SKU-003594,Small,101915,124500,156
Choice Vitamin 1798,ATK,SKU-003595,30 tablets,19960,28700,145
Choice Vitamin 1798,ATK,SKU-003596,60 tablets,130722,154200,3
Max Masker 1799,Rumah Tangga,SKU-003597,10 pcs,37687,52000,79
Max Masker 1799,Rumah Tangga,SKU-003598,25 pcs,143728,202700,200
Max Masker 1799,Rumah Tangga,SKU-003599,50 pcs,23150,30100,116
Plus Hand Sanitizer 1800,Kesehatan,SKU-003600,60 ml,82539,99100,75
Nusantara Beras 1801,Makanan,SKU-003601,5 kg,42629,49900,147
Nusantara Beras 1801,Makanan,SKU-003602,10 kg,95544,120000,18
Prima Minyak Goreng 1802,Minuman,SKU-003603,1 L,47272,64400,117
Prima Minyak Goreng 1802,Minuman,SKU-003604,2 L,67918,98200,65
Prima Minyak Goreng 1802,Minuman,SKU-003605,5 L,116179,156300,35
Sejahtera Gula 1803,Snack,SKU-003606,500 g,32797,47300,124
Maju Tepung 1804,Sembako,SKU-003607,500 g,10678,13400,73
Maju Tepung 1804,Sembako,SKU-003608,1 kg,105403,134100,158
Jaya Kopi 1805,Perawatan Diri,SKU-003609,100 g,34112,43700,131
Jaya Kopi 1805,Perawatan Diri,SKU-003610,200 g,82520,104100,174
Jaya Kopi 1805,Perawatan Diri,SKU-003611,500 g,108616,141400,67
Sentosa Teh 1806,Kebersihan,SKU-003612,25 sachet,11487,15300,164
Makmur Susu 1807,Elektronik,SKU-003613,200 ml,15257,20900,62
Makmur Susu 1807,Elektronik,SKU-003614,1 L,147310,169800,26
Fresh Air Mineral 1808,ATK,SKU-003615,330 ml,76494,96600,145
Fresh Air Mineral 1808,ATK,SKU-003616,600 ml,104968,147600,57
Fresh Air Mineral 1808,ATK,SKU-003617,1.5 L,102070,144100,171
Daily Mie Instan 1809,Rumah Tangga,SKU-003618,Original,24811,31100,119
Choice Biskuit 1810,Kesehatan,SKU-003619,50 g,140577,199600,119
Choice Biskuit 1810,Kesehatan,SKU-003620,100 g,28904,34000,187
Max Keripik 1811,Makanan,SKU-003621,50 g,28702,40900,101
Max Keripik 1811,Makanan,SKU-003622,100 g,113838,137700,84
Max Keripik 1811,Makanan,SKU-003623,250 g,17200,21400,154
Plus Saus 1812,Minuman,SKU-003624,135 ml,127779,155100,189
Nusantara Kecap 1813,Snack,SKU-003625,135 ml,125138,148200,116
Nusantara Kecap 1813,Snack,SKU-003626,275 ml,10335,13600,120
Prima Sabun Mandi 1814,Sembako,SKU-003627,70 g,38445,51600,81
Prima Sabun Mandi 1814,Sembako,SKU-003628,100 g,149251,173000,153
Prima Sabun Mandi 1814,Sembako,SKU-003629,250 g,99989,116900,92
Sejahtera Shampoo 1815,Perawatan Diri,SKU-003630,170 ml,113050,163200,54
Maju Pasta Gigi 1816,Kebersihan,SKU-003631,75 g,14476,17600,5
Maju Pasta Gigi 1816,Kebersihan,SKU-003632,120 g,111166,136800,162
Jaya Detergen 1817,Elektronik,SKU-003633,500 g,46465,54600,17
Jaya Detergen 1817,Elektronik,SKU-003634,1 kg,72102,91700,76
Jaya Detergen 1817,Elektronik,SKU-003635,2.5 kg,118637,167400,134
Sentosa Tisu 1818,ATK,SKU-003636,10 sheets,56426,76200,66
Makmur Pewangi 1819,Rumah Tangga,SKU-003637,250 ml,48555,67900,23
Makmur Pewangi 1819,Rumah Tangga,SKU-003638,450 ml,112637,141100,192
Fresh Pulpen 1820,Kesehatan,SKU-003639,0.5 mm,78131,93700,89
Fresh Pulpen 1820,Kesehatan,SKU-003640,0.7 mm,110164,142600,137
Fresh Pulpen 1820,Kesehatan,SKU-003641,1.0 mm,42423,61100,111
Daily Buku Tulis 1821,Makanan,SKU-003642,38 sheets,93280,132800,146
Choice Lampu LED 1822,Minuman,SKU-003643,5 W,102310,142900,143
Choice Lampu LED 1822,Minuman,SKU-003644,9 W,52351,61400,170
Max Baterai 1823,Snack,SKU-003645,AA,38210,47700,187
Max Baterai 1823,Snack,SKU-003646,AAA,83272,96100,117
Max Baterai 1823,Snack,SKU-003647,9V,38962,50600,81
Plus Kabel USB 1824,Sembako,SKU-003648,1 m,30081,41700,172
Nusantara Sapu 1825,Perawatan Diri,SKU-003649,Standard,106831,131300,184
Nusantara Sapu 1825,Perawatan Diri,SKU-003650,Premium,1263,1800,32
Prima Pel 1826,Kebersihan,SKU-003651,Standard,118088,158400,148
Prima Pel 1826,Kebersihan,SKU-003652,Microfiber,25844,30000,190
Prima Pel 1826,Kebersihan,SKU-003653,Spray,49493,63200,139
Sejahtera Spons 1827,Elektronik,SKU-003654,Small,43842,58300,55
Maju Vitamin 1828,ATK,SKU-003655,30 tablets,91548,111000,48
Maju Vitamin 1828,ATK,SKU-003656,60 tablets,4067,5100,93
Jaya Masker 1829,Rumah Tangga,SKU-003657,10 pcs,4544,5600,78
Jaya Masker 1829,Rumah Tangga,SKU-003658,25 pcs,131918,184100,31
Jaya Masker 1829,Rumah Tangga,SKU-003659,50 pcs,131144,176300,116
Sentosa Hand Sanitizer 1830,Kesehatan,SKU-003660,60 ml,108841,138600,90
Makmur Beras 1831,Makanan,SKU-003661,5 kg,142504,182100,195
Makmur Beras 1831,Makanan,SKU-003662,10 kg,88334,104600,45
Fresh Minyak Goreng 1832,Minuman,SKU-003663,1 L,120577,154200,45
Fresh Minyak Goreng 1832,Minuman,SKU-003664,2 L,145201,192900,138
Fresh Minyak Goreng 1832,Minuman,SKU-003665,5 L,114562,144900,168
Daily Gula 1833,Snack,SKU-003666,500 g,114986,154100,179
Choice Tepung 1834,Sembako,SKU-003667,500 g,26311,38100,26
Choice Tepung 1834,Sembako,SKU-003668,1 kg,23798,32000,157
Max Kopi 1835,Perawatan Diri,SKU-003669,100 g,108114,127700,191
Max Kopi 1835,Perawatan Diri,SKU-003670,200 g,143098,168800,113
Max Kopi 1835,Perawatan Diri,SKU-003671,500 g,132253,175200,8
Plus Teh 1836,Kebersihan,SKU-003672,25 sachet,76296,107200,54
Nusantara Susu 1837,Elektronik,SKU-003673,200 ml,58726,81200,141
Nusantara Susu 1837,Elektronik,SKU-003674,1 L,100197,118700,120
Prima Air Mineral 1838,ATK,SKU-003675,330 ml,32921,41300,118
Prima Air Mineral 1838,ATK,SKU-003676,600 ml,108548,154400,165
Prima Air Mineral 1838,ATK,SKU-003677,1.5 L,104058,119900,95
Sejahtera Mie Instan 1839,Rumah Tangga,SKU-003678,Original,59003,76800,68
Maju Biskuit 1840,Kesehatan,SKU-003679,50 g,69636,86500,106
Maju Biskuit 1840,Kesehatan,SKU-003680,100 g,63622,73200,106
Jaya Keripik 1841,Makanan,SKU-003681,50 g,8865,10200,39
Jaya Keripik 1841,Makanan,SKU-003682,100 g,98448,138000,132
Jaya Keripik 1841,Makanan,SKU-003683,250 g,83523,104400,146
Sentosa Saus 1842,Minuman,SKU-003684,135 ml,113027,138200,100
Makmur Kecap 1843,Snack,SKU-003685,135 ml,50804,67800,100
Makmur Kecap 1843,Snack,SKU-003686,275 ml,13821,19200,147
Fresh Sabun Mandi 1844,Sembako,SKU-003687,70 g,112786,134100,162
Fresh Sabun Mandi 1844,Sembako,SKU-003688,100 g,102644,148100,44
Fresh Sabun Mandi 1844,Sembako,SKU-003689,250 g,105975,150600,132
Daily Shampoo 1845,Perawatan Diri,SKU-003690,170 ml,41835,53600,25
Choice Pasta Gigi 1846,Kebersihan,SKU-003691,75 g,33416,43500,161
Choice Pasta Gigi 1846,Kebersihan,SKU-003692,120 g,103063,144600,160
Max Detergen 1847,Elektronik,SKU-003693,500 g,68517,96000,40
Max Detergen 1847,Elektronik,SKU-003694,1 kg,84816,102700,23
Max Detergen 1847,Elektronik,SKU-003695,2.5 kg,7021,9000,160
Plus Tisu 1848,ATK,SKU-003696,10 sheets,40420,46800,181
Nusantara Pewangi 1849,Rumah Tangga,SKU-003697,250 ml,142820,203700,20
Nusantara Pewangi 1849,Rumah Tangga,SKU-003698,450 ml,100545,116400,187
Prima Pulpen 1850,Kesehatan,SKU-003699,0.5 mm,34522,49900,162
Prima Pulpen 1850,Kesehatan,SKU-003700,0.7 mm,94179,113600,167
Prima Pulpen 1850,Kesehatan,SKU-003701,1.0 mm,58431,72400,137
Sejahtera Buku Tulis 1851,Makanan,SKU-003702,38 sheets,64591,88400,96
Maju Lampu LED 1852,Minuman,SKU-003703,5 W,68583,92400,70
Maju Lampu LED 1852,Minuman,SKU-003704,9 W,22048,31500,160
Jaya Baterai 1853,Snack,SKU-003705,AA,6366,8500,148
Jaya Baterai 1853,Snack,SKU-003706,AAA,27410,32400,152
Jaya Baterai 1853,Snack,SKU-003707,9V,32460,38400,72
Sentosa Kabel USB 1854,Sembako,SKU-003708,1 m,68980,97800,23
Makmur Sapu 1855,Perawatan Diri,SKU-003709,Standard,20585,26700,92
Makmur Sapu 1855,Perawatan Diri,SKU-003710,Premium,54818,69500,125
Fresh Pel 1856,Kebersihan,SKU-003711,Standard,6055,7700,124
Fresh Pel 1856,Kebersihan,SKU-003712,Microfiber,20304,24600,107
Fresh Pel 1856,Kebersihan,SKU-003713,Spray,98670,139800,162
Daily Spons 1857,Elektronik,SKU-003714,Small,118495,165000,46
Choice Vitamin 1858,ATK,SKU-003715,30 tablets,78616,90600,45
Choice Vitamin 1858,ATK,SKU-003716,60 tablets,149012,199600,8
Max Masker 1859,Rumah Tangga,SKU-003717,10 pcs,31025,44800,88
Max Masker 1859,Rumah Tangga,SKU-003718,25 pcs,127154,184200,153
Max Masker 1859,Rumah Tangga,SKU-003719,50 pcs,143557,165300,133
Plus Hand Sanitizer 1860,Kesehatan,SKU-003720,60 ml,67015,95700,49
Nusantara Beras 1861,Makanan,SKU-003721,5 kg,8047,10500,132
Nusantara Beras 1861,Makanan,SKU-003722,10 kg,134450,185300,55
Prima Minyak Goreng 1862,Minuman,SKU-003723,1 L,95953,113700,55
Prima Minyak Goreng 1862,Minuman,SKU-003724,2 L,8032,10000,56
Prima Minyak Goreng 1862,Minuman,SKU-003725,5 L,22174,30300,32
Sejahtera Gula 1863,Snack,SKU-003726,500 g,70447,86800,51
Maju Tepung 1864,Sembako,SKU-003727,500 g,24409,30600,141
Maju Tepung 1864,Sembako,SKU-003728,1 kg,77454,99900,126
Jaya Kopi 1865,Perawatan Diri,SKU-003729,100 g,114611,149400,102
Jaya Kopi 1865,Perawatan Diri,SKU-003730,200 g,50908,62400,50
Jaya Kopi 1865,Perawatan Diri,SKU-003731,500 g,73984,106400,26
Sentosa Teh 1866,Kebersihan,SKU-003732,25 sachet,81980,98400,52
Makmur Susu 1867,Elektronik,SKU-003733,200 ml,128182,164100,114
Makmur Susu 1867,Elektronik,SKU-003734,1 L,111380,148000,69
Fresh Air Mineral 1868,ATK,SKU-003735,330 ml,83858,112100,155
Fresh Air Mineral 1868,ATK,SKU-003736,600 ml,100713,128800,145
Fresh Air Mineral 1868,ATK,SKU-003737,1.5 L,92814,117100,161
Daily Mie Instan 1869,Rumah Tangga,SKU-003738,Original,17147,22000,8
Choice Biskuit 1870,Kesehatan,SKU-003739,50 g,134349,164700,104
Choice Biskuit 1870,Kesehatan,SKU-003740,100 g,77232,102800,165
Max Keripik 1871,Makanan,SKU-003741,50 g,139366,175000,7
Max Keripik 1871,Makanan,SKU-003742,100 g,30354,36500,82
Max Keripik 1871,Makanan,SKU-003743,250 g,112861,156600,91
Plus Saus 1872,Minuman,SKU-003744,135 ml,64608,75700,168
Nusantara Kecap 1873,Snack,SKU-003745,135 ml,97728,123300,199
Nusantara Kecap 1873,Snack,SKU-003746,275 ml,82731,98200,81
Prima Sabun Mandi 1874,Sembako,SKU-003747,70 g,3157,4300,54
Prima Sabun Mandi 1874,Sembako,SKU-003748,100 g,122295,161500,82
Prima Sabun Mandi 1874,Sembako,SKU-003749,250 g,61287,80800,98
Sejahtera Shampoo 1875,Perawatan Diri,SKU-003750,170 ml,74647,99300,134
Maju Pasta Gigi 1876,Kebersihan,SKU-003751,75 g,57306,67700,71
Maju Pasta Gigi 1876,Kebersihan,SKU-003752,120 g,19914,26300,165
Jaya Detergen 1877,Elektronik,SKU-003753,500 g,110859,150200,111
Jaya Detergen 1877,Elektronik,SKU-003754,1 kg,83604,116500,50
Jaya Detergen 1877,Elektronik,SKU-003755,2.5 kg,51974,60500,126
Sentosa Tisu 1878,ATK,SKU-003756,10 sheets,131018,152500,70
Makmur Pewangi 1879,Rumah Tangga,SKU-003757,250 ml,110724,131300,115
Makmur Pewangi 1879,Rumah Tangga,SKU-003758,450 ml,45163,60100,151
Fresh Pulpen 1880,Kesehatan,SKU-003759,0.5 mm,100663,122900,5
Fresh Pulpen 1880,Kesehatan,SKU-003760,0.7 mm,75020,86700,200
Fresh Pulpen 1880,Kesehatan,SKU-003761,1.0 mm,1518,2200,72
Daily Buku Tulis 1881,Makanan,SKU-003762,38 sheets,34656,48600,103
Choice Lampu LED 1882,Minuman,SKU-003763,5 W,10001,14200,135
Choice Lampu LED 1882,Minuman,SKU-003764,9 W,10555,13200,4
Max Baterai 1883,Snack,SKU-003765,AA,18506,23900,106
Max Baterai 1883,Snack,SKU-003766,AAA,79204,97600,192
Max Baterai 1883,Snack,SKU-003767,9V,90955,115500,142
Plus Kabel USB 1884,Sembako,SKU-003768,1 m,82396,107000,12
Nusantara Sapu 1885,Perawatan Diri,SKU-003769,Standard,103408,128200,116
Nusantara Sapu 1885,Perawatan Diri,SKU-003770,Premium,129625,182100,31
Prima Pel 1886,Kebersihan,SKU-003771,Standard,98317,140700,26
Prima Pel 1886,Kebersihan,SKU-003772,Microfiber,7977,9700,2
Prima Pel 1886,Kebersihan,SKU-003773,Spray,36668,43300,82
Sejahtera Spons 1887,Elektronik,SKU-003774,Small,114511,139500,22
Maju Vitamin 1888,ATK,SKU-003775,30 tablets,50411,68900,94
Maju Vitamin 1888,ATK,SKU-003776,60 tablets,141217,204300,176
Jaya Masker 1889,Rumah Tangga,SKU-003777,10 pcs,14060,17300,200
Jaya Masker 1889,Rumah Tangga,SKU-003778,25 pcs,11592,13700,77
Jaya Masker 1889,Rumah Tangga,SKU-003779,50 pcs,19971,24500,176
Sentosa Hand Sanitizer 1890,Kesehatan,SKU-003780,60 ml,99798,122800,43
Makmur Beras 1891,Makanan,SKU-003781,5 kg,36413,48200,30
Makmur Beras 1891,Makanan,SKU-003782,10 kg,33405,41600,37
Fresh Minyak Goreng 1892,Minuman,SKU-003783,1 L,108642,145700,171
Fresh Minyak Goreng 1892,Minuman,SKU-003784,2 L,32379,42300,61
Fresh Minyak Goreng 1892,Minuman,SKU-003785,5 L,125585,169300,71
Daily Gula 1893,Snack,SKU-003786,500 g,84687,117000,123
Choice Tepung 1894,Sembako,SKU-003787,500 g,59500,70100,196
Choice Tepung 1894,Sembako,SKU-003788,1 kg,77956,106300,90
Max Kopi 1895,Perawatan Diri,SKU-003789,100 g,146711,205500,62
Max Kopi 1895,Perawatan Diri,SKU-003790,200 g,54273,73700,19
Max Kopi 1895,Perawatan Diri,SKU-003791,500 g,129957,151800,3
Plus Teh 1896,Kebersihan,SKU-003792,25 sachet,56958,73500,98
Nusantara Susu 1897,Elektronik,SKU-003793,200 ml,49561,64200,87
Nusantara Susu 1897,Elektronik,SKU-003794,1 L,54999,76700,194
Prima Air Mineral 1898,ATK,SKU-003795,330 ml,138618,180800,80
Prima Air Mineral 1898,ATK,SKU-003796,600 ml,82043,111800,167
Prima Air Mineral 1898,ATK,SKU-003797,1.5 L,40669,57100,27
Sejahtera Mie Instan 1899,Rumah Tangga,SKU-003798,Original,34394,41800,93
Maju Biskuit 1900,Kesehatan,SKU-003799,50 g,101376,146200,158
Maju Biskuit 1900,Kesehatan,SKU-003800,100 g,134901,163400,102
Jaya Keripik 1901,Makanan,SKU-003801,50 g,49570,58000,108
Jaya Keripik 1901,Makanan,SKU-003802,100 g,43343,58800,147
Jaya Keripik 1901,Makanan,SKU-003803,250 g,27055,32300,27
Sentosa Saus 1902,Minuman,SKU-003804,135 ml,29188,35700,117
Makmur Kecap 1903,Snack,SKU-003805,135 ml,49328,60700,121
Makmur Kecap 1903,Snack,SKU-003806,275 ml,139468,179300,67
Fresh Sabun Mandi 1904,Sembako,SKU-003807,70 g,31318,44700,21
Fresh Sabun Mandi 1904,Sembako,SKU-003808,100 g,93210,119300,38
Fresh Sabun Mandi 1904,Sembako,SKU-003809,250 g,104352,135700,130
Daily Shampoo 1905,Perawatan Diri,SKU-003810,170 ml,87787,102400,69
Choice Pasta Gigi 1906,Kebersihan,SKU-003811,75 g,97235,114700,166
Choice Pasta Gigi 1906,Kebersihan,SKU-003812,120 g,100575,137700,108
Max Detergen 1907,Elektronik,SKU-003813,500 g,51138,63300,103
Max Detergen 1907,Elektronik,SKU-003814,1 kg,46606,61900,135
Max Detergen 1907,Elektronik,SKU-003815,2.5 kg,129698,169300,27
Plus Tisu 1908,ATK,SKU-003816,10 sheets,13373,18000,28
Nusantara Pewangi 1909,Rumah Tangga,SKU-003817,250 ml,57861,68500,9
Nusantara Pewangi 1909,Rumah Tangga,SKU-003818,450 ml,70077,85600,136
Prima Pulpen 1910,Kesehatan,SKU-003819,0.5 mm,26784,33000,158
Prima Pulpen 1910,Kesehatan,SKU-003820,0.7 mm,106352,134800,25
Prima Pulpen 1910,Kesehatan,SKU-003821,1.0 mm,57942,79400,177
Sejahtera Buku Tulis 1911,Makanan,SKU-003822,38 sheets,70624,91700,43
Maju Lampu LED 1912,Minuman,SKU-003823,5 W,53666,67300,73
Maju Lampu LED 1912,Minuman,SKU-003824,9 W,75791,103800,24
Jaya Baterai 1913,Snack,SKU-003825,AA,48817,63500,179
Jaya Baterai 1913,Snack,SKU-003826,AAA,125279,171800,176
Jaya Baterai 1913,Snack,SKU-003827,9V,62852,75500,174
Sentosa Kabel USB 1914,Sembako,SKU-003828,1 m,18507,22200,85
Makmur Sapu 1915,Perawatan Diri,SKU-003829,Standard,119632,142700,3
Makmur Sapu 1915,Perawatan Diri,SKU-003830,Premium,124713,159400,5
Fresh Pel 1916,Kebersihan,SKU-003831,Standard,46834,67500,19
Fresh Pel 1916,Kebersihan,SKU-003832,Microfiber,45054,61000,2
Fresh Pel 1916,Kebersihan,SKU-003833,Spray,92612,133400,149
Daily Spons 1917,Elektronik,SKU-003834,Small,563,700,63
Choice Vitamin 1918,ATK,SKU-003835,30 tablets,124180,146900,4
Choice Vitamin 1918,ATK,SKU-003836,60 tablets,149005,201800,74
Max Masker 1919,Rumah Tangga,SKU-003837,10 pcs,60144,78600,42
Max Masker 1919,Rumah Tangga,SKU-003838,25 pcs,38725,53500,25
Max Masker 1919,Rumah Tangga,SKU-003839,50 pcs,80149,111500,85
Plus Hand Sanitizer 1920,Kesehatan,SKU-003840,60 ml,118950,154300,89
Nusantara Beras 1921,Makanan,SKU-003841,5 kg,143355,175900,124
Nusantara Beras 1921,Makanan,SKU-003842,10 kg,66763,84100,3
Prima Minyak Goreng 1922,Minuman,SKU-003843,1 L,92738,115000,85
Prima Minyak Goreng 1922,Minuman,SKU-003844,2 L,136046,188100,152
Prima Minyak Goreng 1922,Minuman,SKU-003845,5 L,127270,150700,175
Sejahtera Gula 1923,Snack,SKU-003846,500 g,136433,186700,5
Maju Tepung 1924,Sembako,SKU-003847,500 g,39071,56400,56
Maju Tepung 1924,Sembako,SKU-003848,1 kg,37428,47100,7
Jaya Kopi 1925,Perawatan Diri,SKU-003849,100 g,64359,85200,178
Jaya Kopi 1925,Perawatan Diri,SKU-003850,200 g,113210,142400,190
Jaya Kopi 1925,Perawatan Diri,SKU-003851,500 g,23702,28600,96
Sentosa Teh 1926,Kebersihan,SKU-003852,25 sachet,28593,41200,160
Makmur Susu 1927,Elektronik,SKU-003853,200 ml,143146,203200,115
Makmur Susu 1927,Elektronik,SKU-003854,1 L,138425,166500,173
Fresh Air Mineral 1928,ATK,SKU-003855,330 ml,91747,130000,100
Fresh Air Mineral 1928,ATK,SKU-003856,600 ml,109691,157300,70
Fresh Air Mineral 1928,ATK,SKU-003857,1.5 L,81387,98200,148
Daily Mie Instan 1929,Rumah Tangga,SKU-003858,Original,136635,185900,156
Choice Biskuit 1930,Kesehatan,SKU-003859,50 g,32533,41600,116
Choice Biskuit 1930,Kesehatan,SKU-003860,100 g,148847,214400,88
Max Keripik 1931,Makanan,SKU-003861,50 g,75904,89800,2
Max Keripik 1931,Makanan,SKU-003862,100 g,131090,187200,37
Max Keripik 1931,Makanan,SKU-003863,250 g,122542,166000,133
Plus Saus 1932,Minuman,SKU-003864,135 ml,76264,102000,170
Nusantara Kecap 1933,Snack,SKU-003865,135 ml,42926,53300,73
Nusantara Kecap 1933,Snack,SKU-003866,275 ml,17238,24000,3
Prima Sabun Mandi 1934,Sembako,SKU-003867,70 g,119276,138600,72
Prima Sabun Mandi 1934,Sembako,SKU-003868,100 g,32657,38100,78
Prima Sabun Mandi 1934,Sembako,SKU-003869,250 g,1634,2100,169
Sejahtera Shampoo 1935,Perawatan Diri,SKU-003870,170 ml,468,500,35
Maju Pasta Gigi 1936,Kebersihan,SKU-003871,75 g,92107,130200,128
Maju Pasta Gigi 1936,Kebersihan,SKU-003872,120 g,147297,176200,22
Jaya Detergen 1937,Elektronik,SKU-003873,500 g,71254,85000,187
Jaya Detergen 1937,Elektronik,SKU-003874,1 kg,51870,66400,20
Jaya Detergen 1937,Elektronik,SKU-003875,2.5 kg,76532,93000,121
Sentosa Tisu 1938,ATK,SKU-003876,10 sheets,93264,114200,173
Makmur Pewangi 1939,Rumah Tangga,SKU-003877,250 ml,101550,129700,25
Makmur Pewangi 1939,Rumah Tangga,SKU-003878,450 ml,68787,98100,152
Fresh Pulpen 1940,Kesehatan,SKU-003879,0.5 mm,81757,98300,111
Fresh Pulpen 1940,Kesehatan,SKU-003880,0.7 mm,84836,118000,35
Fresh Pulpen 1940,Kesehatan,SKU-003881,1.0 mm,52599,64400,106
Daily Buku Tulis 1941,Makanan,SKU-003882,38 sheets,145602,176200,78
Choice Lampu LED 1942,Minuman,SKU-003883,5 W,22738,28200,160
Choice Lampu LED 1942,Minuman,SKU-003884,9 W,121188,159200,96
Max Baterai 1943,Snack,SKU-003885,AA,114828,135400,134
Max Baterai 1943,Snack,SKU-003886,AAA,116141,157700,128
Max Baterai 1943,Snack,SKU-003887,9V,94031,121300,109
Plus Kabel USB 1944,Sembako,SKU-003888,1 m,122603,156500,105
Nusantara Sapu 1945,Perawatan Diri,SKU-003889,Standard,121222,140400,143
Nusantara Sapu 1945,Perawatan Diri,SKU-003890,Premium,7226,10400,107
Prima Pel 1946,Kebersihan,SKU-003891,Standard,23481,32300,157
Prima Pel 1946,Kebersihan,SKU-003892,Microfiber,79569,110300,148
Prima Pel 1946,Kebersihan,SKU-003893,Spray,134571,169800,158
Sejahtera Spons 1947,Elektronik,SKU-003894,Small,142714,202700,75
Maju Vitamin 1948,ATK,SKU-003895,30 tablets,14334,19700,100
Maju Vitamin 1948,ATK,SKU-003896,60 tablets,33313,42300,1
Jaya Masker 1949,Rumah Tangga,SKU-003897,10 pcs,121622,169300,132
Jaya Masker 1949,Rumah Tangga,SKU-003898,25 pcs,120944,169500,21
Jaya Masker 1949,Rumah Tangga,SKU-003899,50 pcs,14637,18000,166
Sentosa Hand Sanitizer 1950,Kesehatan,SKU-003900,60 ml,28362,35500,24
Makmur Beras 1951,Makanan,SKU-003901,5 kg,76472,100900,176
Makmur Beras 1951,Makanan,SKU-003902,10 kg,87150,122800,31
Fresh Minyak Goreng 1952,Minuman,SKU-003903,1 L,134208,184100,13
Fresh Minyak Goreng 1952,Minuman,SKU-003904,2 L,54056,70500,143
Fresh Minyak Goreng 1952,Minuman,SKU-003905,5 L,130141,155000,172
Daily Gula 1953,Snack,SKU-003906,500 g,40873,50700,79
Choice Tepung 1954,Sembako,SKU-003907,500 g,1991,2800,159
Choice Tepung 1954,Sembako,SKU-003908,1 kg,52912,62700,0
Max Kopi 1955,Perawatan Diri,SKU-003909,100 g,40413,53800,30
Max Kopi 1955,Perawatan Diri,SKU-003910,200 g,136568,161000,52
Max Kopi 1955,Perawatan Diri,SKU-003911,500 g,27459,35500,129
Plus Teh 1956,Kebersihan,SKU-003912,25 sachet,116643,147800,31
Nusantara Susu 1957,Elektronik,SKU-003913,200 ml,78923,100300,47
Nusantara Susu 1957,Elektronik,SKU-003914,1 L,61884,86800,139
Prima Air Mineral 1958,ATK,SKU-003915,330 ml,68528,95700,174
Prima Air Mineral 1958,ATK,SKU-003916,600 ml,115415,162500,157
Prima Air Mineral 1958,ATK,SKU-003917,1.5 L,32595,41700,162
Sejahtera Mie Instan 1959,Rumah Tangga,SKU-003918,Original,5977,7200,190
Maju Biskuit 1960,Kesehatan,SKU-003919,50 g,63393,76100,189
Maju Biskuit 1960,Kesehatan,SKU-003920,100 g,143609,173800,122
Jaya Keripik 1961,Makanan,SKU-003921,50 g,76331,94400,25
Jaya Keripik 1961,Makanan,SKU-003922,100 g,129527,163200,70
Jaya Keripik 1961,Makanan,SKU-003923,250 g,102847,130200,27
Sentosa Saus 1962,Minuman,SKU-003924,135 ml,121925,155500,108
Makmur Kecap 1963,Snack,SKU-003925,135 ml,39140,45300,117
Makmur Kecap 1963,Snack,SKU-003926,275 ml,31790,41900,2
Fresh Sabun Mandi 1964,Sembako,SKU-003927,70 g,79667,92400,166
Fresh Sabun Mandi 1964,Sembako,SKU-003928,100 g,116817,135800,90
Fresh Sabun Mandi 1964,Sembako,SKU-003929,250 g,36817,47500,185
Daily Shampoo 1965,Perawatan Diri,SKU-003930,170 ml,120453,148500,40
Choice Pasta Gigi 1966,Kebersihan,SKU-003931,75 g,94081,122300,128
Choice Pasta Gigi 1966,Kebersihan,SKU-003932,120 g,55554,69700,180
Max Detergen 1967,Elektronik,SKU-003933,500 g,137940,174800,16
Max Detergen 1967,Elektronik,SKU-003934,1 kg,46043,62000,90
Max Detergen 1967,Elektronik,SKU-003935,2.5 kg,147925,185200,183
Plus Tisu 1968,ATK,SKU-003936,10 sheets,37010,45700,195
Nusantara Pewangi 1969,Rumah Tangga,SKU-003937,250 ml,79711,113800,17
Nusantara Pewangi 1969,Rumah Tangga,SKU-003938,450 ml,127110,160500,120
Prima Pulpen 1970,Kesehatan,SKU-003939,0.5 mm,47584,62900,129
Prima Pulpen 1970,Kesehatan,SKU-003940,0.7 mm,138039,169500,178
Prima Pulpen 1970,Kesehatan,SKU-003941,1.0 mm,85254,113100,148
Sejahtera Buku Tulis 1971,Makanan,SKU-003942,38 sheets,91551,121300,103
Maju Lampu LED 1972,Minuman,SKU-003943,5 W,18013,21000,187
Maju Lampu LED 1972,Minuman,SKU-003944,9 W,42027,51300,170
Jaya Baterai 1973,Snack,SKU-003945,AA,28145,36600,173
Jaya Baterai 1973,Snack,SKU-003946,AAA,125188,156100,59
Jaya Baterai 1973,Snack,SKU-003947,9V,62327,73600,44
Sentosa Kabel USB 1974,Sembako,SKU-003948,1 m,100985,139000,107
Makmur Sapu 1975,Perawatan Diri,SKU-003949,Standard,17174,20100,64
Makmur Sapu 1975,Perawatan Diri,SKU-003950,Premium,30308,35200,191
Fresh Pel 1976,Kebersihan,SKU-003951,Standard,19405,24900,95
Fresh Pel 1976,Kebersihan,SKU-003952,Microfiber,8022,11400,82
Fresh Pel 1976,Kebersihan,SKU-003953,Spray,28522,38800,96
Daily Spons 1977,Elektronik,SKU-003954,Small,35221,51000,146
Choice Vitamin 1978,ATK,SKU-003955,30 tablets,146174,176900,64
Choice Vitamin 1978,ATK,SKU-003956,60 tablets,129039,165300,73
Max Masker 1979,Rumah Tangga,SKU-003957,10 pcs,59412,71900,41
Max Masker 1979,Rumah Tangga,SKU-003958,25 pcs,114087,159100,49
Max Masker 1979,Rumah Tangga,SKU-003959,50 pcs,22849,30300,161
Plus Hand Sanitizer 1980,Kesehatan,SKU-003960,60 ml,25519,30900,35
Nusantara Beras 1981,Makanan,SKU-003961,5 kg,1672,2100,104
Nusantara Beras 1981,Makanan,SKU-003962,10 kg,149275,196100,18
Prima Minyak Goreng 1982,Minuman,SKU-003963,1 L,89615,108000,186
Prima Minyak Goreng 1982,Minuman,SKU-003964,2 L,138752,180200,53
Prima Minyak Goreng 1982,Minuman,SKU-003965,5 L,149819,209500,128
Sejahtera Gula 1983,Snack,SKU-003966,500 g,92602,116400,143
Maju Tepung 1984,Sembako,SKU-003967,500 g,36442,50700,112
Maju Tepung 1984,Sembako,SKU-003968,1 kg,112369,150300,18
Jaya Kopi 1985,Perawatan Diri,SKU-003969,100 g,149499,175400,200
Jaya Kopi 1985,Perawatan Diri,SKU-003970,200 g,135893,168400,30
Jaya Kopi 1985,Perawatan Diri,SKU-003971,500 g,131034,159800,153
Sentosa Teh 1986,Kebersihan,SKU-003972,25 sachet,141998,177400,57
Makmur Susu 1987,Elektronik,SKU-003973,200 ml,76294,108800,64
Makmur Susu 1987,Elektronik,SKU-003974,1 L,102647,139700,17
Fresh Air Mineral 1988,ATK,SKU-003975,330 ml,41682,60000,19
Fresh Air Mineral 1988,ATK,SKU-003976,600 ml,140395,185700,132
Fresh Air Mineral 1988,ATK,SKU-003977,1.5 L,131384,163400,158
Daily Mie Instan 1989,Rumah Tangga,SKU-003978,Original,15149,19900,28
Choice Biskuit 1990,Kesehatan,SKU-003979,50 g,123764,177100,67
Choice Biskuit 1990,Kesehatan,SKU-003980,100 g,8158,9500,107
Max Keripik 1991,Makanan,SKU-003981,50 g,68688,83100,195
Max Keripik 1991,Makanan,SKU-003982,100 g,15869,18900,140
Max Keripik 1991,Makanan,SKU-003983,250 g,86705,123700,169
Plus Saus 1992,Minuman,SKU-003984,135 ml,16639,20300,18
Nusantara Kecap 1993,Snack,SKU-003985,135 ml,148111,210500,179
Nusantara Kecap 1993,Snack,SKU-003986,275 ml,9569,12000,18
Prima Sabun Mandi 1994,Sembako,SKU-003987,70 g,109414,145500,156
Prima Sabun Mandi 1994,Sembako,SKU-003988,100 g,21427,30300,122
Prima Sabun Mandi 1994,Sembako,SKU-003989,250 g,34238,42200,10
Sejahtera Shampoo 1995,Perawatan Diri,SKU-003990,170 ml,27579,32000,129
Maju Pasta Gigi 1996,Kebersihan,SKU-003991,75 g,59346,79800,110
Maju Pasta Gigi 1996,Kebersihan,SKU-003992,120 g,125498,155700,58
Jaya Detergen 1997,Elektronik,SKU-003993,500 g,5921,8500,6
Jaya Detergen 1997,Elektronik,SKU-003994,1 kg,51725,67800,97
Jaya Detergen 1997,Elektronik,SKU-003995,2.5 kg,5043,6600,13
Sentosa Tisu 1998,ATK,SKU-003996,10 sheets,101782,140400,178
Makmur Pewangi 1999,Rumah Tangga,SKU-003997,250 ml,33130,42400,109
Makmur Pewangi 1999,Rumah Tangga,SKU-003998,450 ml,144359,172000,112
Fresh Pulpen 2000,Kesehatan,SKU-003999,0.5 mm,31231,44300,94
Fresh Pulpen 2000,Kesehatan,SKU-004000,0.7 mm,92519,111800,111
Fresh Pulpen 2000,Kesehatan,SKU-004001,1.0 mm,15484,18900,23
