name,category,variantName,sku,costPrice,sellingPrice,stockQuantity
Indomie Goreng,Mie Instan,85g,SKU-00001,2500,3500,17
Indomie Soto,Minuman,75g,SKU-00002,2500,3500,24
Aqua,Snack,600ml,SKU-00003,2500,4000,31
Teh Botol Sosro,Sembako,450ml,SKU-00004,3500,5000,38
Kopi Kapal Api,Susu,65g,SKU-00005,7000,9500,45
Beras Premium,Kopi & Teh,5kg,SKU-00006,65000,75000,52
Gula Pasir,Bumbu Dapur,1kg,SKU-00007,14500,17000,59
Minyak Goreng,Makanan Kaleng,1L,SKU-00008,17000,20000,66
Susu UHT,Perawatan Diri,1L,SKU-00009,18000,22000,73
Sabun Mandi,Kebersihan,100g,SKU-00010,3500,5000,80
Shampoo,Mie Instan,170ml,SKU-00011,18000,23000,87
Pasta Gigi,Minuman,120g,SKU-00012,11000,15000,94
Biskuit,Snack,120g,SKU-00013,6500,9000,101
Keripik Kentang,Sembako,68g,SKU-00014,9000,12000,108
Sarden Kaleng,Susu,155g,SKU-00015,12000,16000,115
Kecap Manis,Kopi & Teh,600ml,SKU-00016,14000,18000,122
Saus Sambal,Bumbu Dapur,335ml,SKU-00017,10000,14000,129
Tepung Terigu,Makanan Kaleng,1kg,SKU-00018,12000,15000,136
Telur Ayam,Perawatan Diri,1kg,SKU-00019,27000,32000,143
Tisu Wajah,Kebersihan,200 sheets,SKU-00020,9000,13000,150
Indomie Goreng 2,Mie Instan,85g,SKU-00021,2500,3500,157
Indomie Soto 2,Minuman,75g,SKU-00022,2500,3500,164
Aqua 2,Snack,600ml,SKU-00023,2500,4000,171
Teh Botol Sosro 2,Sembako,450ml,SKU-00024,3500,5000,178
Kopi Kapal Api 2,Susu,65g,SKU-00025,7000,9500,185
Beras Premium 2,Kopi & Teh,5kg,SKU-00026,65000,75000,192
Gula Pasir 2,Bumbu Dapur,1kg,SKU-00027,14500,17000,199
Minyak Goreng 2,Makanan Kaleng,1L,SKU-00028,17000,20000,206
Susu UHT 2,Perawatan Diri,1L,SKU-00029,18000,22000,213
Sabun Mandi 2,Kebersihan,100g,SKU-00030,3500,5000,220
Shampoo 2,Mie Instan,170ml,SKU-00031,18000,23000,227
Pasta Gigi 2,Minuman,120g,SKU-00032,11000,15000,234
Biskuit 2,Snack,120g,SKU-00033,6500,9000,241
Keripik Kentang 2,Sembako,68g,SKU-00034,9000,12000,248
Sarden Kaleng 2,Susu,155g,SKU-00035,12000,16000,255
Kecap Manis 2,Kopi & Teh,600ml,SKU-00036,14000,18000,262
Saus Sambal 2,Bumbu Dapur,335ml,SKU-00037,10000,14000,269
Tepung Terigu 2,Makanan Kaleng,1kg,SKU-00038,12000,15000,276
Telur Ayam 2,Perawatan Diri,1kg,SKU-00039,27000,32000,283
Tisu Wajah 2,Kebersihan,200 sheets,SKU-00040,9000,13000,290
Indomie Goreng 3,Mie Instan,85g,SKU-00041,2500,3500,297
Indomie Soto 3,Minuman,75g,SKU-00042,2500,3500,304
Aqua 3,Snack,600ml,SKU-00043,2500,4000,311
Teh Botol Sosro 3,Sembako,450ml,SKU-00044,3500,5000,318
Kopi Kapal Api 3,Susu,65g,SKU-00045,7000,9500,325
Beras Premium 3,Kopi & Teh,5kg,SKU-00046,65000,75000,332
Gula Pasir 3,Bumbu Dapur,1kg,SKU-00047,14500,17000,339
Minyak Goreng 3,Makanan Kaleng,1L,SKU-00048,17000,20000,346
Susu UHT 3,Perawatan Diri,1L,SKU-00049,18000,22000,353
Sabun Mandi 3,Kebersihan,100g,SKU-00050,3500,5000,360
Shampoo 3,Mie Instan,170ml,SKU-00051,18000,23000,367
Pasta Gigi 3,Minuman,120g,SKU-00052,11000,15000,374
Biskuit 3,Snack,120g,SKU-00053,6500,9000,381
Keripik Kentang 3,Sembako,68g,SKU-00054,9000,12000,388
Sarden Kaleng 3,Susu,155g,SKU-00055,12000,16000,395
Kecap Manis 3,Kopi & Teh,600ml,SKU-00056,14000,18000,402
Saus Sambal 3,Bumbu Dapur,335ml,SKU-00057,10000,14000,409
Tepung Terigu 3,Makanan Kaleng,1kg,SKU-00058,12000,15000,416
Telur Ayam 3,Perawatan Diri,1kg,SKU-00059,27000,32000,423
Tisu Wajah 3,Kebersihan,200 sheets,SKU-00060,9000,13000,430
Indomie Goreng 4,Mie Instan,85g,SKU-00061,2500,3500,437
Indomie Soto 4,Minuman,75g,SKU-00062,2500,3500,444
Aqua 4,Snack,600ml,SKU-00063,2500,4000,451
Teh Botol Sosro 4,Sembako,450ml,SKU-00064,3500,5000,458
Kopi Kapal Api 4,Susu,65g,SKU-00065,7000,9500,465
Beras Premium 4,Kopi & Teh,5kg,SKU-00066,65000,75000,472
Gula Pasir 4,Bumbu Dapur,1kg,SKU-00067,14500,17000,479
Minyak Goreng 4,Makanan Kaleng,1L,SKU-00068,17000,20000,486
Susu UHT 4,Perawatan Diri,1L,SKU-00069,18000,22000,493
Sabun Mandi 4,Kebersihan,100g,SKU-00070,3500,5000,500
Shampoo 4,Mie Instan,170ml,SKU-00071,18000,23000,507
Pasta Gigi 4,Minuman,120g,SKU-00072,11000,15000,514
Biskuit 4,Snack,120g,SKU-00073,6500,9000,521
Keripik Kentang 4,Sembako,68g,SKU-00074,9000,12000,528
Sarden Kaleng 4,Susu,155g,SKU-00075,12000,16000,535
Kecap Manis 4,Kopi & Teh,600ml,SKU-00076,14000,18000,542
Saus Sambal 4,Bumbu Dapur,335ml,SKU-00077,10000,14000,549
Tepung Terigu 4,Makanan Kaleng,1kg,SKU-00078,12000,15000,556
Telur Ayam 4,Perawatan Diri,1kg,SKU-00079,27000,32000,563
Tisu Wajah 4,Kebersihan,200 sheets,SKU-00080,9000,13000,570
Indomie Goreng 5,Mie Instan,85g,SKU-00081,2500,3500,577
Indomie Soto 5,Minuman,75g,SKU-00082,2500,3500,584
Aqua 5,Snack,600ml,SKU-00083,2500,4000,591
Teh Botol Sosro 5,Sembako,450ml,SKU-00084,3500,5000,598
Kopi Kapal Api 5,Susu,65g,SKU-00085,7000,9500,605
Beras Premium 5,Kopi & Teh,5kg,SKU-00086,65000,75000,612
Gula Pasir 5,Bumbu Dapur,1kg,SKU-00087,14500,17000,619
Minyak Goreng 5,Makanan Kaleng,1L,SKU-00088,17000,20000,626
Susu UHT 5,Perawatan Diri,1L,SKU-00089,18000,22000,633
Sabun Mandi 5,Kebersihan,100g,SKU-00090,3500,5000,640
Shampoo 5,Mie Instan,170ml,SKU-00091,18000,23000,647
Pasta Gigi 5,Minuman,120g,SKU-00092,11000,15000,654
Biskuit 5,Snack,120g,SKU-00093,6500,9000,661
Keripik Kentang 5,Sembako,68g,SKU-00094,9000,12000,668
Sarden Kaleng 5,Susu,155g,SKU-00095,12000,16000,675
Kecap Manis 5,Kopi & Teh,600ml,SKU-00096,14000,18000,682
Saus Sambal 5,Bumbu Dapur,335ml,SKU-00097,10000,14000,689
Tepung Terigu 5,Makanan Kaleng,1kg,SKU-00098,12000,15000,696
Telur Ayam 5,Perawatan Diri,1kg,SKU-00099,27000,32000,703
Tisu Wajah 5,Kebersihan,200 sheets,SKU-00100,9000,13000,710
Indomie Goreng 6,Mie Instan,85g,SKU-00101,2500,3500,717
Indomie Soto 6,Minuman,75g,SKU-00102,2500,3500,724
Aqua 6,Snack,600ml,SKU-00103,2500,4000,731
Teh Botol Sosro 6,Sembako,450ml,SKU-00104,3500,5000,738
Kopi Kapal Api 6,Susu,65g,SKU-00105,7000,9500,745
Beras Premium 6,Kopi & Teh,5kg,SKU-00106,65000,75000,752
Gula Pasir 6,Bumbu Dapur,1kg,SKU-00107,14500,17000,759
Minyak Goreng 6,Makanan Kaleng,1L,SKU-00108,17000,20000,766
Susu UHT 6,Perawatan Diri,1L,SKU-00109,18000,22000,773
Sabun Mandi 6,Kebersihan,100g,SKU-00110,3500,5000,780
Shampoo 6,Mie Instan,170ml,SKU-00111,18000,23000,787
Pasta Gigi 6,Minuman,120g,SKU-00112,11000,15000,794
Biskuit 6,Snack,120g,SKU-00113,6500,9000,801
Keripik Kentang 6,Sembako,68g,SKU-00114,9000,12000,808
Sarden Kaleng 6,Susu,155g,SKU-00115,12000,16000,815
Kecap Manis 6,Kopi & Teh,600ml,SKU-00116,14000,18000,822
Saus Sambal 6,Bumbu Dapur,335ml,SKU-00117,10000,14000,829
Tepung Terigu 6,Makanan Kaleng,1kg,SKU-00118,12000,15000,836
Telur Ayam 6,Perawatan Diri,1kg,SKU-00119,27000,32000,843
Tisu Wajah 6,Kebersihan,200 sheets,SKU-00120,9000,13000,850
Indomie Goreng 7,Mie Instan,85g,SKU-00121,2500,3500,857
Indomie Soto 7,Minuman,75g,SKU-00122,2500,3500,864
Aqua 7,Snack,600ml,SKU-00123,2500,4000,871
Teh Botol Sosro 7,Sembako,450ml,SKU-00124,3500,5000,878
Kopi Kapal Api 7,Susu,65g,SKU-00125,7000,9500,885
Beras Premium 7,Kopi & Teh,5kg,SKU-00126,65000,75000,892
Gula Pasir 7,Bumbu Dapur,1kg,SKU-00127,14500,17000,899
Minyak Goreng 7,Makanan Kaleng,1L,SKU-00128,17000,20000,906
Susu UHT 7,Perawatan Diri,1L,SKU-00129,18000,22000,913
Sabun Mandi 7,Kebersihan,100g,SKU-00130,3500,5000,920
Shampoo 7,Mie Instan,170ml,SKU-00131,18000,23000,927
Pasta Gigi 7,Minuman,120g,SKU-00132,11000,15000,934
Biskuit 7,Snack,120g,SKU-00133,6500,9000,941
Keripik Kentang 7,Sembako,68g,SKU-00134,9000,12000,948
Sarden Kaleng 7,Susu,155g,SKU-00135,12000,16000,955
Kecap Manis 7,Kopi & Teh,600ml,SKU-00136,14000,18000,962
Saus Sambal 7,Bumbu Dapur,335ml,SKU-00137,10000,14000,969
Tepung Terigu 7,Makanan Kaleng,1kg,SKU-00138,12000,15000,976
Telur Ayam 7,Perawatan Diri,1kg,SKU-00139,27000,32000,983
Tisu Wajah 7,Kebersihan,200 sheets,SKU-00140,9000,13000,990
Indomie Goreng 8,Mie Instan,85g,SKU-00141,2500,3500,997
Indomie Soto 8,Minuman,75g,SKU-00142,2500,3500,1004
Aqua 8,Snack,600ml,SKU-00143,2500,4000,1011
Teh Botol Sosro 8,Sembako,450ml,SKU-00144,3500,5000,1018
Kopi Kapal Api 8,Susu,65g,SKU-00145,7000,9500,1025
Beras Premium 8,Kopi & Teh,5kg,SKU-00146,65000,75000,1032
Gula Pasir 8,Bumbu Dapur,1kg,SKU-00147,14500,17000,1039
Minyak Goreng 8,Makanan Kaleng,1L,SKU-00148,17000,20000,1046
Susu UHT 8,Perawatan Diri,1L,SKU-00149,18000,22000,1053
Sabun Mandi 8,Kebersihan,100g,SKU-00150,3500,5000,1060
Shampoo 8,Mie Instan,170ml,SKU-00151,18000,23000,1067
Pasta Gigi 8,Minuman,120g,SKU-00152,11000,15000,1074
Biskuit 8,Snack,120g,SKU-00153,6500,9000,1081
Keripik Kentang 8,Sembako,68g,SKU-00154,9000,12000,1088
Sarden Kaleng 8,Susu,155g,SKU-00155,12000,16000,1095
Kecap Manis 8,Kopi & Teh,600ml,SKU-00156,14000,18000,1102
Saus Sambal 8,Bumbu Dapur,335ml,SKU-00157,10000,14000,1109
Tepung Terigu 8,Makanan Kaleng,1kg,SKU-00158,12000,15000,1116
Telur Ayam 8,Perawatan Diri,1kg,SKU-00159,27000,32000,1123
Tisu Wajah 8,Kebersihan,200 sheets,SKU-00160,9000,13000,1130
Indomie Goreng 9,Mie Instan,85g,SKU-00161,2500,3500,1137
Indomie Soto 9,Minuman,75g,SKU-00162,2500,3500,1144
Aqua 9,Snack,600ml,SKU-00163,2500,4000,1151
Teh Botol Sosro 9,Sembako,450ml,SKU-00164,3500,5000,1158
Kopi Kapal Api 9,Susu,65g,SKU-00165,7000,9500,1165
Beras Premium 9,Kopi & Teh,5kg,SKU-00166,65000,75000,1172
Gula Pasir 9,Bumbu Dapur,1kg,SKU-00167,14500,17000,1179
Minyak Goreng 9,Makanan Kaleng,1L,SKU-00168,17000,20000,1186
Susu UHT 9,Perawatan Diri,1L,SKU-00169,18000,22000,1193
Sabun Mandi 9,Kebersihan,100g,SKU-00170,3500,5000,1200
Shampoo 9,Mie Instan,170ml,SKU-00171,18000,23000,1207
Pasta Gigi 9,Minuman,120g,SKU-00172,11000,15000,1214
Biskuit 9,Snack,120g,SKU-00173,6500,9000,1221
Keripik Kentang 9,Sembako,68g,SKU-00174,9000,12000,1228
Sarden Kaleng 9,Susu,155g,SKU-00175,12000,16000,1235
Kecap Manis 9,Kopi & Teh,600ml,SKU-00176,14000,18000,1242
Saus Sambal 9,Bumbu Dapur,335ml,SKU-00177,10000,14000,1249
Tepung Terigu 9,Makanan Kaleng,1kg,SKU-00178,12000,15000,1256
Telur Ayam 9,Perawatan Diri,1kg,SKU-00179,27000,32000,1263
Tisu Wajah 9,Kebersihan,200 sheets,SKU-00180,9000,13000,1270
Indomie Goreng 10,Mie Instan,85g,SKU-00181,2500,3500,1277
Indomie Soto 10,Minuman,75g,SKU-00182,2500,3500,1284
Aqua 10,Snack,600ml,SKU-00183,2500,4000,1291
Teh Botol Sosro 10,Sembako,450ml,SKU-00184,3500,5000,1298
Kopi Kapal Api 10,Susu,65g,SKU-00185,7000,9500,1305
Beras Premium 10,Kopi & Teh,5kg,SKU-00186,65000,75000,1312
Gula Pasir 10,Bumbu Dapur,1kg,SKU-00187,14500,17000,1319
Minyak Goreng 10,Makanan Kaleng,1L,SKU-00188,17000,20000,1326
Susu UHT 10,Perawatan Diri,1L,SKU-00189,18000,22000,1333
Sabun Mandi 10,Kebersihan,100g,SKU-00190,3500,5000,1340
Shampoo 10,Mie Instan,170ml,SKU-00191,18000,23000,1347
Pasta Gigi 10,Minuman,120g,SKU-00192,11000,15000,1354
Biskuit 10,Snack,120g,SKU-00193,6500,9000,1361
Keripik Kentang 10,Sembako,68g,SKU-00194,9000,12000,1368
Sarden Kaleng 10,Susu,155g,SKU-00195,12000,16000,1375
Kecap Manis 10,Kopi & Teh,600ml,SKU-00196,14000,18000,1382
Saus Sambal 10,Bumbu Dapur,335ml,SKU-00197,10000,14000,1389
Tepung Terigu 10,Makanan Kaleng,1kg,SKU-00198,12000,15000,1396
Telur Ayam 10,Perawatan Diri,1kg,SKU-00199,27000,32000,1403
Tisu Wajah 10,Kebersihan,200 sheets,SKU-00200,9000,13000,1410
Indomie Goreng 11,Mie Instan,85g,SKU-00201,2500,3500,1417
Indomie Soto 11,Minuman,75g,SKU-00202,2500,3500,1424
Aqua 11,Snack,600ml,SKU-00203,2500,4000,1431
Teh Botol Sosro 11,Sembako,450ml,SKU-00204,3500,5000,1438
Kopi Kapal Api 11,Susu,65g,SKU-00205,7000,9500,1445
Beras Premium 11,Kopi & Teh,5kg,SKU-00206,65000,75000,1452
Gula Pasir 11,Bumbu Dapur,1kg,SKU-00207,14500,17000,1459
Minyak Goreng 11,Makanan Kaleng,1L,SKU-00208,17000,20000,1466
Susu UHT 11,Perawatan Diri,1L,SKU-00209,18000,22000,1473
Sabun Mandi 11,Kebersihan,100g,SKU-00210,3500,5000,1480
Shampoo 11,Mie Instan,170ml,SKU-00211,18000,23000,1487
Pasta Gigi 11,Minuman,120g,SKU-00212,11000,15000,1494
Biskuit 11,Snack,120g,SKU-00213,6500,9000,1501
Keripik Kentang 11,Sembako,68g,SKU-00214,9000,12000,1508
Sarden Kaleng 11,Susu,155g,SKU-00215,12000,16000,1515
Kecap Manis 11,Kopi & Teh,600ml,SKU-00216,14000,18000,1522
Saus Sambal 11,Bumbu Dapur,335ml,SKU-00217,10000,14000,1529
Tepung Terigu 11,Makanan Kaleng,1kg,SKU-00218,12000,15000,1536
Telur Ayam 11,Perawatan Diri,1kg,SKU-00219,27000,32000,1543
Tisu Wajah 11,Kebersihan,200 sheets,SKU-00220,9000,13000,1550
Indomie Goreng 12,Mie Instan,85g,SKU-00221,2500,3500,1557
Indomie Soto 12,Minuman,75g,SKU-00222,2500,3500,1564
Aqua 12,Snack,600ml,SKU-00223,2500,4000,1571
Teh Botol Sosro 12,Sembako,450ml,SKU-00224,3500,5000,1578
Kopi Kapal Api 12,Susu,65g,SKU-00225,7000,9500,1585
Beras Premium 12,Kopi & Teh,5kg,SKU-00226,65000,75000,1592
Gula Pasir 12,Bumbu Dapur,1kg,SKU-00227,14500,17000,1599
Minyak Goreng 12,Makanan Kaleng,1L,SKU-00228,17000,20000,1606
Susu UHT 12,Perawatan Diri,1L,SKU-00229,18000,22000,1613
Sabun Mandi 12,Kebersihan,100g,SKU-00230,3500,5000,1620
Shampoo 12,Mie Instan,170ml,SKU-00231,18000,23000,1627
Pasta Gigi 12,Minuman,120g,SKU-00232,11000,15000,1634
Biskuit 12,Snack,120g,SKU-00233,6500,9000,1641
Keripik Kentang 12,Sembako,68g,SKU-00234,9000,12000,1648
Sarden Kaleng 12,Susu,155g,SKU-00235,12000,16000,1655
Kecap Manis 12,Kopi & Teh,600ml,SKU-00236,14000,18000,1662
Saus Sambal 12,Bumbu Dapur,335ml,SKU-00237,10000,14000,1669
Tepung Terigu 12,Makanan Kaleng,1kg,SKU-00238,12000,15000,1676
Telur Ayam 12,Perawatan Diri,1kg,SKU-00239,27000,32000,1683
Tisu Wajah 12,Kebersihan,200 sheets,SKU-00240,9000,13000,1690
Indomie Goreng 13,Mie Instan,85g,SKU-00241,2500,3500,1697
Indomie Soto 13,Minuman,75g,SKU-00242,2500,3500,1704
Aqua 13,Snack,600ml,SKU-00243,2500,4000,1711
Teh Botol Sosro 13,Sembako,450ml,SKU-00244,3500,5000,1718
Kopi Kapal Api 13,Susu,65g,SKU-00245,7000,9500,1725
Beras Premium 13,Kopi & Teh,5kg,SKU-00246,65000,75000,1732
Gula Pasir 13,Bumbu Dapur,1kg,SKU-00247,14500,17000,1739
Minyak Goreng 13,Makanan Kaleng,1L,SKU-00248,17000,20000,1746
Susu UHT 13,Perawatan Diri,1L,SKU-00249,18000,22000,1753
Sabun Mandi 13,Kebersihan,100g,SKU-00250,3500,5000,1760
Shampoo 13,Mie Instan,170ml,SKU-00251,18000,23000,1767
Pasta Gigi 13,Minuman,120g,SKU-00252,11000,15000,1774
Biskuit 13,Snack,120g,SKU-00253,6500,9000,1781
Keripik Kentang 13,Sembako,68g,SKU-00254,9000,12000,1788
Sarden Kaleng 13,Susu,155g,SKU-00255,12000,16000,1795
Kecap Manis 13,Kopi & Teh,600ml,SKU-00256,14000,18000,1802
Saus Sambal 13,Bumbu Dapur,335ml,SKU-00257,10000,14000,1809
Tepung Terigu 13,Makanan Kaleng,1kg,SKU-00258,12000,15000,1816
Telur Ayam 13,Perawatan Diri,1kg,SKU-00259,27000,32000,1823
Tisu Wajah 13,Kebersihan,200 sheets,SKU-00260,9000,13000,1830
Indomie Goreng 14,Mie Instan,85g,SKU-00261,2500,3500,1837
Indomie Soto 14,Minuman,75g,SKU-00262,2500,3500,1844
Aqua 14,Snack,600ml,SKU-00263,2500,4000,1851
Teh Botol Sosro 14,Sembako,450ml,SKU-00264,3500,5000,1858
Kopi Kapal Api 14,Susu,65g,SKU-00265,7000,9500,1865
Beras Premium 14,Kopi & Teh,5kg,SKU-00266,65000,75000,1872
Gula Pasir 14,Bumbu Dapur,1kg,SKU-00267,14500,17000,1879
Minyak Goreng 14,Makanan Kaleng,1L,SKU-00268,17000,20000,1886
Susu UHT 14,Perawatan Diri,1L,SKU-00269,18000,22000,1893
Sabun Mandi 14,Kebersihan,100g,SKU-00270,3500,5000,1900
Shampoo 14,Mie Instan,170ml,SKU-00271,18000,23000,1907
Pasta Gigi 14,Minuman,120g,SKU-00272,11000,15000,1914
Biskuit 14,Snack,120g,SKU-00273,6500,9000,1921
Keripik Kentang 14,Sembako,68g,SKU-00274,9000,12000,1928
Sarden Kaleng 14,Susu,155g,SKU-00275,12000,16000,1935
Kecap Manis 14,Kopi & Teh,600ml,SKU-00276,14000,18000,1942
Saus Sambal 14,Bumbu Dapur,335ml,SKU-00277,10000,14000,1949
Tepung Terigu 14,Makanan Kaleng,1kg,SKU-00278,12000,15000,1956
Telur Ayam 14,Perawatan Diri,1kg,SKU-00279,27000,32000,1963
Tisu Wajah 14,Kebersihan,200 sheets,SKU-00280,9000,13000,1970
Indomie Goreng 15,Mie Instan,85g,SKU-00281,2500,3500,1977
Indomie Soto 15,Minuman,75g,SKU-00282,2500,3500,1984
Aqua 15,Snack,600ml,SKU-00283,2500,4000,1991
Teh Botol Sosro 15,Sembako,450ml,SKU-00284,3500,5000,1998
Kopi Kapal Api 15,Susu,65g,SKU-00285,7000,9500,2005
Beras Premium 15,Kopi & Teh,5kg,SKU-00286,65000,75000,2012
Gula Pasir 15,Bumbu Dapur,1kg,SKU-00287,14500,17000,2019
Minyak Goreng 15,Makanan Kaleng,1L,SKU-00288,17000,20000,2026
Susu UHT 15,Perawatan Diri,1L,SKU-00289,18000,22000,2033
Sabun Mandi 15,Kebersihan,100g,SKU-00290,3500,5000,2040
Shampoo 15,Mie Instan,170ml,SKU-00291,18000,23000,2047
Pasta Gigi 15,Minuman,120g,SKU-00292,11000,15000,2054
Biskuit 15,Snack,120g,SKU-00293,6500,9000,2061
Keripik Kentang 15,Sembako,68g,SKU-00294,9000,12000,2068
Sarden Kaleng 15,Susu,155g,SKU-00295,12000,16000,2075
Kecap Manis 15,Kopi & Teh,600ml,SKU-00296,14000,18000,2082
Saus Sambal 15,Bumbu Dapur,335ml,SKU-00297,10000,14000,2089
Tepung Terigu 15,Makanan Kaleng,1kg,SKU-00298,12000,15000,2096
Telur Ayam 15,Perawatan Diri,1kg,SKU-00299,27000,32000,2103
Tisu Wajah 15,Kebersihan,200 sheets,SKU-00300,9000,13000,2110
Indomie Goreng 16,Mie Instan,85g,SKU-00301,2500,3500,2117
Indomie Soto 16,Minuman,75g,SKU-00302,2500,3500,2124
Aqua 16,Snack,600ml,SKU-00303,2500,4000,2131
Teh Botol Sosro 16,Sembako,450ml,SKU-00304,3500,5000,2138
Kopi Kapal Api 16,Susu,65g,SKU-00305,7000,9500,2145
Beras Premium 16,Kopi & Teh,5kg,SKU-00306,65000,75000,2152
Gula Pasir 16,Bumbu Dapur,1kg,SKU-00307,14500,17000,2159
Minyak Goreng 16,Makanan Kaleng,1L,SKU-00308,17000,20000,2166
Susu UHT 16,Perawatan Diri,1L,SKU-00309,18000,22000,2173
Sabun Mandi 16,Kebersihan,100g,SKU-00310,3500,5000,2180
Shampoo 16,Mie Instan,170ml,SKU-00311,18000,23000,2187
Pasta Gigi 16,Minuman,120g,SKU-00312,11000,15000,2194
Biskuit 16,Snack,120g,SKU-00313,6500,9000,2201
Keripik Kentang 16,Sembako,68g,SKU-00314,9000,12000,2208
Sarden Kaleng 16,Susu,155g,SKU-00315,12000,16000,2215
Kecap Manis 16,Kopi & Teh,600ml,SKU-00316,14000,18000,2222
Saus Sambal 16,Bumbu Dapur,335ml,SKU-00317,10000,14000,2229
Tepung Terigu 16,Makanan Kaleng,1kg,SKU-00318,12000,15000,2236
Telur Ayam 16,Perawatan Diri,1kg,SKU-00319,27000,32000,2243
Tisu Wajah 16,Kebersihan,200 sheets,SKU-00320,9000,13000,2250
Indomie Goreng 17,Mie Instan,85g,SKU-00321,2500,3500,2257
Indomie Soto 17,Minuman,75g,SKU-00322,2500,3500,2264
Aqua 17,Snack,600ml,SKU-00323,2500,4000,2271
Teh Botol Sosro 17,Sembako,450ml,SKU-00324,3500,5000,2278
Kopi Kapal Api 17,Susu,65g,SKU-00325,7000,9500,2285
Beras Premium 17,Kopi & Teh,5kg,SKU-00326,65000,75000,2292
Gula Pasir 17,Bumbu Dapur,1kg,SKU-00327,14500,17000,2299
Minyak Goreng 17,Makanan Kaleng,1L,SKU-00328,17000,20000,2306
Susu UHT 17,Perawatan Diri,1L,SKU-00329,18000,22000,2313
Sabun Mandi 17,Kebersihan,100g,SKU-00330,3500,5000,2320
Shampoo 17,Mie Instan,170ml,SKU-00331,18000,23000,2327
Pasta Gigi 17,Minuman,120g,SKU-00332,11000,15000,2334
Biskuit 17,Snack,120g,SKU-00333,6500,9000,2341
Keripik Kentang 17,Sembako,68g,SKU-00334,9000,12000,2348
Sarden Kaleng 17,Susu,155g,SKU-00335,12000,16000,2355
Kecap Manis 17,Kopi & Teh,600ml,SKU-00336,14000,18000,2362
Saus Sambal 17,Bumbu Dapur,335ml,SKU-00337,10000,14000,2369
Tepung Terigu 17,Makanan Kaleng,1kg,SKU-00338,12000,15000,2376
Telur Ayam 17,Perawatan Diri,1kg,SKU-00339,27000,32000,2383
Tisu Wajah 17,Kebersihan,200 sheets,SKU-00340,9000,13000,2390
Indomie Goreng 18,Mie Instan,85g,SKU-00341,2500,3500,2397
Indomie Soto 18,Minuman,75g,SKU-00342,2500,3500,2404
Aqua 18,Snack,600ml,SKU-00343,2500,4000,2411
Teh Botol Sosro 18,Sembako,450ml,SKU-00344,3500,5000,2418
Kopi Kapal Api 18,Susu,65g,SKU-00345,7000,9500,2425
Beras Premium 18,Kopi & Teh,5kg,SKU-00346,65000,75000,2432
Gula Pasir 18,Bumbu Dapur,1kg,SKU-00347,14500,17000,2439
Minyak Goreng 18,Makanan Kaleng,1L,SKU-00348,17000,20000,2446
Susu UHT 18,Perawatan Diri,1L,SKU-00349,18000,22000,2453
Sabun Mandi 18,Kebersihan,100g,SKU-00350,3500,5000,2460
Shampoo 18,Mie Instan,170ml,SKU-00351,18000,23000,2467
Pasta Gigi 18,Minuman,120g,SKU-00352,11000,15000,2474
Biskuit 18,Snack,120g,SKU-00353,6500,9000,2481
Keripik Kentang 18,Sembako,68g,SKU-00354,9000,12000,2488
Sarden Kaleng 18,Susu,155g,SKU-00355,12000,16000,2495
Kecap Manis 18,Kopi & Teh,600ml,SKU-00356,14000,18000,2502
Saus Sambal 18,Bumbu Dapur,335ml,SKU-00357,10000,14000,2509
Tepung Terigu 18,Makanan Kaleng,1kg,SKU-00358,12000,15000,2516
Telur Ayam 18,Perawatan Diri,1kg,SKU-00359,27000,32000,2523
Tisu Wajah 18,Kebersihan,200 sheets,SKU-00360,9000,13000,2530
Indomie Goreng 19,Mie Instan,85g,SKU-00361,2500,3500,2537
Indomie Soto 19,Minuman,75g,SKU-00362,2500,3500,2544
Aqua 19,Snack,600ml,SKU-00363,2500,4000,2551
Teh Botol Sosro 19,Sembako,450ml,SKU-00364,3500,5000,2558
Kopi Kapal Api 19,Susu,65g,SKU-00365,7000,9500,2565
Beras Premium 19,Kopi & Teh,5kg,SKU-00366,65000,75000,2572
Gula Pasir 19,Bumbu Dapur,1kg,SKU-00367,14500,17000,2579
Minyak Goreng 19,Makanan Kaleng,1L,SKU-00368,17000,20000,2586
Susu UHT 19,Perawatan Diri,1L,SKU-00369,18000,22000,2593
Sabun Mandi 19,Kebersihan,100g,SKU-00370,3500,5000,2600
Shampoo 19,Mie Instan,170ml,SKU-00371,18000,23000,2607
Pasta Gigi 19,Minuman,120g,SKU-00372,11000,15000,2614
Biskuit 19,Snack,120g,SKU-00373,6500,9000,2621
Keripik Kentang 19,Sembako,68g,SKU-00374,9000,12000,2628
Sarden Kaleng 19,Susu,155g,SKU-00375,12000,16000,2635
Kecap Manis 19,Kopi & Teh,600ml,SKU-00376,14000,18000,2642
Saus Sambal 19,Bumbu Dapur,335ml,SKU-00377,10000,14000,2649
Tepung Terigu 19,Makanan Kaleng,1kg,SKU-00378,12000,15000,2656
Telur Ayam 19,Perawatan Diri,1kg,SKU-00379,27000,32000,2663
Tisu Wajah 19,Kebersihan,200 sheets,SKU-00380,9000,13000,2670
Indomie Goreng 20,Mie Instan,85g,SKU-00381,2500,3500,2677
Indomie Soto 20,Minuman,75g,SKU-00382,2500,3500,2684
Aqua 20,Snack,600ml,SKU-00383,2500,4000,2691
Teh Botol Sosro 20,Sembako,450ml,SKU-00384,3500,5000,2698
Kopi Kapal Api 20,Susu,65g,SKU-00385,7000,9500,2705
Beras Premium 20,Kopi & Teh,5kg,SKU-00386,65000,75000,2712
Gula Pasir 20,Bumbu Dapur,1kg,SKU-00387,14500,17000,2719
Minyak Goreng 20,Makanan Kaleng,1L,SKU-00388,17000,20000,2726
Susu UHT 20,Perawatan Diri,1L,SKU-00389,18000,22000,2733
Sabun Mandi 20,Kebersihan,100g,SKU-00390,3500,5000,2740
Shampoo 20,Mie Instan,170ml,SKU-00391,18000,23000,2747
Pasta Gigi 20,Minuman,120g,SKU-00392,11000,15000,2754
Biskuit 20,Snack,120g,SKU-00393,6500,9000,2761
Keripik Kentang 20,Sembako,68g,SKU-00394,9000,12000,2768
Sarden Kaleng 20,Susu,155g,SKU-00395,12000,16000,2775
Kecap Manis 20,Kopi & Teh,600ml,SKU-00396,14000,18000,2782
Saus Sambal 20,Bumbu Dapur,335ml,SKU-00397,10000,14000,2789
Tepung Terigu 20,Makanan Kaleng,1kg,SKU-00398,12000,15000,2796
Telur Ayam 20,Perawatan Diri,1kg,SKU-00399,27000,32000,2803
Tisu Wajah 20,Kebersihan,200 sheets,SKU-00400,9000,13000,2810
Indomie Goreng 21,Mie Instan,85g,SKU-00401,2500,3500,2817
Indomie Soto 21,Minuman,75g,SKU-00402,2500,3500,2824
Aqua 21,Snack,600ml,SKU-00403,2500,4000,2831
Teh Botol Sosro 21,Sembako,450ml,SKU-00404,3500,5000,2838
Kopi Kapal Api 21,Susu,65g,SKU-00405,7000,9500,2845
Beras Premium 21,Kopi & Teh,5kg,SKU-00406,65000,75000,2852
Gula Pasir 21,Bumbu Dapur,1kg,SKU-00407,14500,17000,2859
Minyak Goreng 21,Makanan Kaleng,1L,SKU-00408,17000,20000,2866
Susu UHT 21,Perawatan Diri,1L,SKU-00409,18000,22000,2873
Sabun Mandi 21,Kebersihan,100g,SKU-00410,3500,5000,2880
Shampoo 21,Mie Instan,170ml,SKU-00411,18000,23000,2887
Pasta Gigi 21,Minuman,120g,SKU-00412,11000,15000,2894
Biskuit 21,Snack,120g,SKU-00413,6500,9000,2901
Keripik Kentang 21,Sembako,68g,SKU-00414,9000,12000,2908
Sarden Kaleng 21,Susu,155g,SKU-00415,12000,16000,2915
Kecap Manis 21,Kopi & Teh,600ml,SKU-00416,14000,18000,2922
Saus Sambal 21,Bumbu Dapur,335ml,SKU-00417,10000,14000,2929
Tepung Terigu 21,Makanan Kaleng,1kg,SKU-00418,12000,15000,2936
Telur Ayam 21,Perawatan Diri,1kg,SKU-00419,27000,32000,2943
Tisu Wajah 21,Kebersihan,200 sheets,SKU-00420,9000,13000,2950
Indomie Goreng 22,Mie Instan,85g,SKU-00421,2500,3500,2957
Indomie Soto 22,Minuman,75g,SKU-00422,2500,3500,2964
Aqua 22,Snack,600ml,SKU-00423,2500,4000,2971
Teh Botol Sosro 22,Sembako,450ml,SKU-00424,3500,5000,2978
Kopi Kapal Api 22,Susu,65g,SKU-00425,7000,9500,2985
Beras Premium 22,Kopi & Teh,5kg,SKU-00426,65000,75000,2992
Gula Pasir 22,Bumbu Dapur,1kg,SKU-00427,14500,17000,2999
Minyak Goreng 22,Makanan Kaleng,1L,SKU-00428,17000,20000,3006
Susu UHT 22,Perawatan Diri,1L,SKU-00429,18000,22000,3013
Sabun Mandi 22,Kebersihan,100g,SKU-00430,3500,5000,3020
Shampoo 22,Mie Instan,170ml,SKU-00431,18000,23000,3027
Pasta Gigi 22,Minuman,120g,SKU-00432,11000,15000,3034
Biskuit 22,Snack,120g,SKU-00433,6500,9000,3041
Keripik Kentang 22,Sembako,68g,SKU-00434,9000,12000,3048
Sarden Kaleng 22,Susu,155g,SKU-00435,12000,16000,3055
Kecap Manis 22,Kopi & Teh,600ml,SKU-00436,14000,18000,3062
Saus Sambal 22,Bumbu Dapur,335ml,SKU-00437,10000,14000,3069
Tepung Terigu 22,Makanan Kaleng,1kg,SKU-00438,12000,15000,3076
Telur Ayam 22,Perawatan Diri,1kg,SKU-00439,27000,32000,3083
Tisu Wajah 22,Kebersihan,200 sheets,SKU-00440,9000,13000,3090
Indomie Goreng 23,Mie Instan,85g,SKU-00441,2500,3500,3097
Indomie Soto 23,Minuman,75g,SKU-00442,2500,3500,3104
Aqua 23,Snack,600ml,SKU-00443,2500,4000,3111
Teh Botol Sosro 23,Sembako,450ml,SKU-00444,3500,5000,3118
Kopi Kapal Api 23,Susu,65g,SKU-00445,7000,9500,3125
Beras Premium 23,Kopi & Teh,5kg,SKU-00446,65000,75000,3132
Gula Pasir 23,Bumbu Dapur,1kg,SKU-00447,14500,17000,3139
Minyak Goreng 23,Makanan Kaleng,1L,SKU-00448,17000,20000,3146
Susu UHT 23,Perawatan Diri,1L,SKU-00449,18000,22000,3153
Sabun Mandi 23,Kebersihan,100g,SKU-00450,3500,5000,3160
Shampoo 23,Mie Instan,170ml,SKU-00451,18000,23000,3167
Pasta Gigi 23,Minuman,120g,SKU-00452,11000,15000,3174
Biskuit 23,Snack,120g,SKU-00453,6500,9000,3181
Keripik Kentang 23,Sembako,68g,SKU-00454,9000,12000,3188
Sarden Kaleng 23,Susu,155g,SKU-00455,12000,16000,3195
Kecap Manis 23,Kopi & Teh,600ml,SKU-00456,14000,18000,3202
Saus Sambal 23,Bumbu Dapur,335ml,SKU-00457,10000,14000,3209
Tepung Terigu 23,Makanan Kaleng,1kg,SKU-00458,12000,15000,3216
Telur Ayam 23,Perawatan Diri,1kg,SKU-00459,27000,32000,3223
Tisu Wajah 23,Kebersihan,200 sheets,SKU-00460,9000,13000,3230
Indomie Goreng 24,Mie Instan,85g,SKU-00461,2500,3500,3237
Indomie Soto 24,Minuman,75g,SKU-00462,2500,3500,3244
Aqua 24,Snack,600ml,SKU-00463,2500,4000,3251
Teh Botol Sosro 24,Sembako,450ml,SKU-00464,3500,5000,3258
Kopi Kapal Api 24,Susu,65g,SKU-00465,7000,9500,3265
Beras Premium 24,Kopi & Teh,5kg,SKU-00466,65000,75000,3272
Gula Pasir 24,Bumbu Dapur,1kg,SKU-00467,14500,17000,3279
Minyak Goreng 24,Makanan Kaleng,1L,SKU-00468,17000,20000,3286
Susu UHT 24,Perawatan Diri,1L,SKU-00469,18000,22000,3293
Sabun Mandi 24,Kebersihan,100g,SKU-00470,3500,5000,3300
Shampoo 24,Mie Instan,170ml,SKU-00471,18000,23000,3307
Pasta Gigi 24,Minuman,120g,SKU-00472,11000,15000,3314
Biskuit 24,Snack,120g,SKU-00473,6500,9000,3321
Keripik Kentang 24,Sembako,68g,SKU-00474,9000,12000,3328
Sarden Kaleng 24,Susu,155g,SKU-00475,12000,16000,3335
Kecap Manis 24,Kopi & Teh,600ml,SKU-00476,14000,18000,3342
Saus Sambal 24,Bumbu Dapur,335ml,SKU-00477,10000,14000,3349
Tepung Terigu 24,Makanan Kaleng,1kg,SKU-00478,12000,15000,3356
Telur Ayam 24,Perawatan Diri,1kg,SKU-00479,27000,32000,3363
Tisu Wajah 24,Kebersihan,200 sheets,SKU-00480,9000,13000,3370
Indomie Goreng 25,Mie Instan,85g,SKU-00481,2500,3500,3377
Indomie Soto 25,Minuman,75g,SKU-00482,2500,3500,3384
Aqua 25,Snack,600ml,SKU-00483,2500,4000,3391
Teh Botol Sosro 25,Sembako,450ml,SKU-00484,3500,5000,3398
Kopi Kapal Api 25,Susu,65g,SKU-00485,7000,9500,3405
Beras Premium 25,Kopi & Teh,5kg,SKU-00486,65000,75000,3412
Gula Pasir 25,Bumbu Dapur,1kg,SKU-00487,14500,17000,3419
Minyak Goreng 25,Makanan Kaleng,1L,SKU-00488,17000,20000,3426
Susu UHT 25,Perawatan Diri,1L,SKU-00489,18000,22000,3433
Sabun Mandi 25,Kebersihan,100g,SKU-00490,3500,5000,3440
Shampoo 25,Mie Instan,170ml,SKU-00491,18000,23000,3447
Pasta Gigi 25,Minuman,120g,SKU-00492,11000,15000,3454
Biskuit 25,Snack,120g,SKU-00493,6500,9000,3461
Keripik Kentang 25,Sembako,68g,SKU-00494,9000,12000,3468
Sarden Kaleng 25,Susu,155g,SKU-00495,12000,16000,3475
Kecap Manis 25,Kopi & Teh,600ml,SKU-00496,14000,18000,3482
Saus Sambal 25,Bumbu Dapur,335ml,SKU-00497,10000,14000,3489
Tepung Terigu 25,Makanan Kaleng,1kg,SKU-00498,12000,15000,3496
Telur Ayam 25,Perawatan Diri,1kg,SKU-00499,27000,32000,3503
Tisu Wajah 25,Kebersihan,200 sheets,SKU-00500,9000,13000,3510
Indomie Goreng 26,Mie Instan,85g,SKU-00501,2500,3500,3517
Indomie Soto 26,Minuman,75g,SKU-00502,2500,3500,3524
Aqua 26,Snack,600ml,SKU-00503,2500,4000,3531
Teh Botol Sosro 26,Sembako,450ml,SKU-00504,3500,5000,3538
Kopi Kapal Api 26,Susu,65g,SKU-00505,7000,9500,3545
Beras Premium 26,Kopi & Teh,5kg,SKU-00506,65000,75000,3552
Gula Pasir 26,Bumbu Dapur,1kg,SKU-00507,14500,17000,3559
Minyak Goreng 26,Makanan Kaleng,1L,SKU-00508,17000,20000,3566
Susu UHT 26,Perawatan Diri,1L,SKU-00509,18000,22000,3573
Sabun Mandi 26,Kebersihan,100g,SKU-00510,3500,5000,3580
Shampoo 26,Mie Instan,170ml,SKU-00511,18000,23000,3587
Pasta Gigi 26,Minuman,120g,SKU-00512,11000,15000,3594
Biskuit 26,Snack,120g,SKU-00513,6500,9000,3601
Keripik Kentang 26,Sembako,68g,SKU-00514,9000,12000,3608
Sarden Kaleng 26,Susu,155g,SKU-00515,12000,16000,3615
Kecap Manis 26,Kopi & Teh,600ml,SKU-00516,14000,18000,3622
Saus Sambal 26,Bumbu Dapur,335ml,SKU-00517,10000,14000,3629
Tepung Terigu 26,Makanan Kaleng,1kg,SKU-00518,12000,15000,3636
Telur Ayam 26,Perawatan Diri,1kg,SKU-00519,27000,32000,3643
Tisu Wajah 26,Kebersihan,200 sheets,SKU-00520,9000,13000,3650
Indomie Goreng 27,Mie Instan,85g,SKU-00521,2500,3500,3657
Indomie Soto 27,Minuman,75g,SKU-00522,2500,3500,3664
Aqua 27,Snack,600ml,SKU-00523,2500,4000,3671
Teh Botol Sosro 27,Sembako,450ml,SKU-00524,3500,5000,3678
Kopi Kapal Api 27,Susu,65g,SKU-00525,7000,9500,3685
Beras Premium 27,Kopi & Teh,5kg,SKU-00526,65000,75000,3692
Gula Pasir 27,Bumbu Dapur,1kg,SKU-00527,14500,17000,3699
Minyak Goreng 27,Makanan Kaleng,1L,SKU-00528,17000,20000,3706
Susu UHT 27,Perawatan Diri,1L,SKU-00529,18000,22000,3713
Sabun Mandi 27,Kebersihan,100g,SKU-00530,3500,5000,3720
Shampoo 27,Mie Instan,170ml,SKU-00531,18000,23000,3727
Pasta Gigi 27,Minuman,120g,SKU-00532,11000,15000,3734
Biskuit 27,Snack,120g,SKU-00533,6500,9000,3741
Keripik Kentang 27,Sembako,68g,SKU-00534,9000,12000,3748
Sarden Kaleng 27,Susu,155g,SKU-00535,12000,16000,3755
Kecap Manis 27,Kopi & Teh,600ml,SKU-00536,14000,18000,3762
Saus Sambal 27,Bumbu Dapur,335ml,SKU-00537,10000,14000,3769
Tepung Terigu 27,Makanan Kaleng,1kg,SKU-00538,12000,15000,3776
Telur Ayam 27,Perawatan Diri,1kg,SKU-00539,27000,32000,3783
Tisu Wajah 27,Kebersihan,200 sheets,SKU-00540,9000,13000,3790
Indomie Goreng 28,Mie Instan,85g,SKU-00541,2500,3500,3797
Indomie Soto 28,Minuman,75g,SKU-00542,2500,3500,3804
Aqua 28,Snack,600ml,SKU-00543,2500,4000,3811
Teh Botol Sosro 28,Sembako,450ml,SKU-00544,3500,5000,3818
Kopi Kapal Api 28,Susu,65g,SKU-00545,7000,9500,3825
Beras Premium 28,Kopi & Teh,5kg,SKU-00546,65000,75000,3832
Gula Pasir 28,Bumbu Dapur,1kg,SKU-00547,14500,17000,3839
Minyak Goreng 28,Makanan Kaleng,1L,SKU-00548,17000,20000,3846
Susu UHT 28,Perawatan Diri,1L,SKU-00549,18000,22000,3853
Sabun Mandi 28,Kebersihan,100g,SKU-00550,3500,5000,3860
Shampoo 28,Mie Instan,170ml,SKU-00551,18000,23000,3867
Pasta Gigi 28,Minuman,120g,SKU-00552,11000,15000,3874
Biskuit 28,Snack,120g,SKU-00553,6500,9000,3881
Keripik Kentang 28,Sembako,68g,SKU-00554,9000,12000,3888
Sarden Kaleng 28,Susu,155g,SKU-00555,12000,16000,3895
Kecap Manis 28,Kopi & Teh,600ml,SKU-00556,14000,18000,3902
Saus Sambal 28,Bumbu Dapur,335ml,SKU-00557,10000,14000,3909
Tepung Terigu 28,Makanan Kaleng,1kg,SKU-00558,12000,15000,3916
Telur Ayam 28,Perawatan Diri,1kg,SKU-00559,27000,32000,3923
Tisu Wajah 28,Kebersihan,200 sheets,SKU-00560,9000,13000,3930
Indomie Goreng 29,Mie Instan,85g,SKU-00561,2500,3500,3937
Indomie Soto 29,Minuman,75g,SKU-00562,2500,3500,3944
Aqua 29,Snack,600ml,SKU-00563,2500,4000,3951
Teh Botol Sosro 29,Sembako,450ml,SKU-00564,3500,5000,3958
Kopi Kapal Api 29,Susu,65g,SKU-00565,7000,9500,3965
Beras Premium 29,Kopi & Teh,5kg,SKU-00566,65000,75000,3972
Gula Pasir 29,Bumbu Dapur,1kg,SKU-00567,14500,17000,3979
Minyak Goreng 29,Makanan Kaleng,1L,SKU-00568,17000,20000,3986
Susu UHT 29,Perawatan Diri,1L,SKU-00569,18000,22000,3993
Sabun Mandi 29,Kebersihan,100g,SKU-00570,3500,5000,4000
Shampoo 29,Mie Instan,170ml,SKU-00571,18000,23000,4007
Pasta Gigi 29,Minuman,120g,SKU-00572,11000,15000,4014
Biskuit 29,Snack,120g,SKU-00573,6500,9000,4021
Keripik Kentang 29,Sembako,68g,SKU-00574,9000,12000,4028
Sarden Kaleng 29,Susu,155g,SKU-00575,12000,16000,4035
Kecap Manis 29,Kopi & Teh,600ml,SKU-00576,14000,18000,4042
Saus Sambal 29,Bumbu Dapur,335ml,SKU-00577,10000,14000,4049
Tepung Terigu 29,Makanan Kaleng,1kg,SKU-00578,12000,15000,4056
Telur Ayam 29,Perawatan Diri,1kg,SKU-00579,27000,32000,4063
Tisu Wajah 29,Kebersihan,200 sheets,SKU-00580,9000,13000,4070
Indomie Goreng 30,Mie Instan,85g,SKU-00581,2500,3500,4077
Indomie Soto 30,Minuman,75g,SKU-00582,2500,3500,4084
Aqua 30,Snack,600ml,SKU-00583,2500,4000,4091
Teh Botol Sosro 30,Sembako,450ml,SKU-00584,3500,5000,4098
Kopi Kapal Api 30,Susu,65g,SKU-00585,7000,9500,4105
Beras Premium 30,Kopi & Teh,5kg,SKU-00586,65000,75000,4112
Gula Pasir 30,Bumbu Dapur,1kg,SKU-00587,14500,17000,4119
Minyak Goreng 30,Makanan Kaleng,1L,SKU-00588,17000,20000,4126
Susu UHT 30,Perawatan Diri,1L,SKU-00589,18000,22000,4133
Sabun Mandi 30,Kebersihan,100g,SKU-00590,3500,5000,4140
Shampoo 30,Mie Instan,170ml,SKU-00591,18000,23000,4147
Pasta Gigi 30,Minuman,120g,SKU-00592,11000,15000,4154
Biskuit 30,Snack,120g,SKU-00593,6500,9000,4161
Keripik Kentang 30,Sembako,68g,SKU-00594,9000,12000,4168
Sarden Kaleng 30,Susu,155g,SKU-00595,12000,16000,4175
Kecap Manis 30,Kopi & Teh,600ml,SKU-00596,14000,18000,4182
Saus Sambal 30,Bumbu Dapur,335ml,SKU-00597,10000,14000,4189
Tepung Terigu 30,Makanan Kaleng,1kg,SKU-00598,12000,15000,4196
Telur Ayam 30,Perawatan Diri,1kg,SKU-00599,27000,32000,4203
Tisu Wajah 30,Kebersihan,200 sheets,SKU-00600,9000,13000,4210
Indomie Goreng 31,Mie Instan,85g,SKU-00601,2500,3500,4217
Indomie Soto 31,Minuman,75g,SKU-00602,2500,3500,4224
Aqua 31,Snack,600ml,SKU-00603,2500,4000,4231
Teh Botol Sosro 31,Sembako,450ml,SKU-00604,3500,5000,4238
Kopi Kapal Api 31,Susu,65g,SKU-00605,7000,9500,4245
Beras Premium 31,Kopi & Teh,5kg,SKU-00606,65000,75000,4252
Gula Pasir 31,Bumbu Dapur,1kg,SKU-00607,14500,17000,4259
Minyak Goreng 31,Makanan Kaleng,1L,SKU-00608,17000,20000,4266
Susu UHT 31,Perawatan Diri,1L,SKU-00609,18000,22000,4273
Sabun Mandi 31,Kebersihan,100g,SKU-00610,3500,5000,4280
Shampoo 31,Mie Instan,170ml,SKU-00611,18000,23000,4287
Pasta Gigi 31,Minuman,120g,SKU-00612,11000,15000,4294
Biskuit 31,Snack,120g,SKU-00613,6500,9000,4301
Keripik Kentang 31,Sembako,68g,SKU-00614,9000,12000,4308
Sarden Kaleng 31,Susu,155g,SKU-00615,12000,16000,4315
Kecap Manis 31,Kopi & Teh,600ml,SKU-00616,14000,18000,4322
Saus Sambal 31,Bumbu Dapur,335ml,SKU-00617,10000,14000,4329
Tepung Terigu 31,Makanan Kaleng,1kg,SKU-00618,12000,15000,4336
Telur Ayam 31,Perawatan Diri,1kg,SKU-00619,27000,32000,4343
Tisu Wajah 31,Kebersihan,200 sheets,SKU-00620,9000,13000,4350
Indomie Goreng 32,Mie Instan,85g,SKU-00621,2500,3500,4357
Indomie Soto 32,Minuman,75g,SKU-00622,2500,3500,4364
Aqua 32,Snack,600ml,SKU-00623,2500,4000,4371
Teh Botol Sosro 32,Sembako,450ml,SKU-00624,3500,5000,4378
Kopi Kapal Api 32,Susu,65g,SKU-00625,7000,9500,4385
Beras Premium 32,Kopi & Teh,5kg,SKU-00626,65000,75000,4392
Gula Pasir 32,Bumbu Dapur,1kg,SKU-00627,14500,17000,4399
Minyak Goreng 32,Makanan Kaleng,1L,SKU-00628,17000,20000,4406
Susu UHT 32,Perawatan Diri,1L,SKU-00629,18000,22000,4413
Sabun Mandi 32,Kebersihan,100g,SKU-00630,3500,5000,4420
Shampoo 32,Mie Instan,170ml,SKU-00631,18000,23000,4427
Pasta Gigi 32,Minuman,120g,SKU-00632,11000,15000,4434
Biskuit 32,Snack,120g,SKU-00633,6500,9000,4441
Keripik Kentang 32,Sembako,68g,SKU-00634,9000,12000,4448
Sarden Kaleng 32,Susu,155g,SKU-00635,12000,16000,4455
Kecap Manis 32,Kopi & Teh,600ml,SKU-00636,14000,18000,4462
Saus Sambal 32,Bumbu Dapur,335ml,SKU-00637,10000,14000,4469
Tepung Terigu 32,Makanan Kaleng,1kg,SKU-00638,12000,15000,4476
Telur Ayam 32,Perawatan Diri,1kg,SKU-00639,27000,32000,4483
Tisu Wajah 32,Kebersihan,200 sheets,SKU-00640,9000,13000,4490
Indomie Goreng 33,Mie Instan,85g,SKU-00641,2500,3500,4497
Indomie Soto 33,Minuman,75g,SKU-00642,2500,3500,4504
Aqua 33,Snack,600ml,SKU-00643,2500,4000,4511
Teh Botol Sosro 33,Sembako,450ml,SKU-00644,3500,5000,4518
Kopi Kapal Api 33,Susu,65g,SKU-00645,7000,9500,4525
Beras Premium 33,Kopi & Teh,5kg,SKU-00646,65000,75000,4532
Gula Pasir 33,Bumbu Dapur,1kg,SKU-00647,14500,17000,4539
Minyak Goreng 33,Makanan Kaleng,1L,SKU-00648,17000,20000,4546
Susu UHT 33,Perawatan Diri,1L,SKU-00649,18000,22000,4553
Sabun Mandi 33,Kebersihan,100g,SKU-00650,3500,5000,4560
Shampoo 33,Mie Instan,170ml,SKU-00651,18000,23000,4567
Pasta Gigi 33,Minuman,120g,SKU-00652,11000,15000,4574
Biskuit 33,Snack,120g,SKU-00653,6500,9000,4581
Keripik Kentang 33,Sembako,68g,SKU-00654,9000,12000,4588
Sarden Kaleng 33,Susu,155g,SKU-00655,12000,16000,4595
Kecap Manis 33,Kopi & Teh,600ml,SKU-00656,14000,18000,4602
Saus Sambal 33,Bumbu Dapur,335ml,SKU-00657,10000,14000,4609
Tepung Terigu 33,Makanan Kaleng,1kg,SKU-00658,12000,15000,4616
Telur Ayam 33,Perawatan Diri,1kg,SKU-00659,27000,32000,4623
Tisu Wajah 33,Kebersihan,200 sheets,SKU-00660,9000,13000,4630
Indomie Goreng 34,Mie Instan,85g,SKU-00661,2500,3500,4637
Indomie Soto 34,Minuman,75g,SKU-00662,2500,3500,4644
Aqua 34,Snack,600ml,SKU-00663,2500,4000,4651
Teh Botol Sosro 34,Sembako,450ml,SKU-00664,3500,5000,4658
Kopi Kapal Api 34,Susu,65g,SKU-00665,7000,9500,4665
Beras Premium 34,Kopi & Teh,5kg,SKU-00666,65000,75000,4672
Gula Pasir 34,Bumbu Dapur,1kg,SKU-00667,14500,17000,4679
Minyak Goreng 34,Makanan Kaleng,1L,SKU-00668,17000,20000,4686
Susu UHT 34,Perawatan Diri,1L,SKU-00669,18000,22000,4693
Sabun Mandi 34,Kebersihan,100g,SKU-00670,3500,5000,4700
Shampoo 34,Mie Instan,170ml,SKU-00671,18000,23000,4707
Pasta Gigi 34,Minuman,120g,SKU-00672,11000,15000,4714
Biskuit 34,Snack,120g,SKU-00673,6500,9000,4721
Keripik Kentang 34,Sembako,68g,SKU-00674,9000,12000,4728
Sarden Kaleng 34,Susu,155g,SKU-00675,12000,16000,4735
Kecap Manis 34,Kopi & Teh,600ml,SKU-00676,14000,18000,4742
Saus Sambal 34,Bumbu Dapur,335ml,SKU-00677,10000,14000,4749
Tepung Terigu 34,Makanan Kaleng,1kg,SKU-00678,12000,15000,4756
Telur Ayam 34,Perawatan Diri,1kg,SKU-00679,27000,32000,4763
Tisu Wajah 34,Kebersihan,200 sheets,SKU-00680,9000,13000,4770
Indomie Goreng 35,Mie Instan,85g,SKU-00681,2500,3500,4777
Indomie Soto 35,Minuman,75g,SKU-00682,2500,3500,4784
Aqua 35,Snack,600ml,SKU-00683,2500,4000,4791
Teh Botol Sosro 35,Sembako,450ml,SKU-00684,3500,5000,4798
Kopi Kapal Api 35,Susu,65g,SKU-00685,7000,9500,4805
Beras Premium 35,Kopi & Teh,5kg,SKU-00686,65000,75000,4812
Gula Pasir 35,Bumbu Dapur,1kg,SKU-00687,14500,17000,4819
Minyak Goreng 35,Makanan Kaleng,1L,SKU-00688,17000,20000,4826
Susu UHT 35,Perawatan Diri,1L,SKU-00689,18000,22000,4833
Sabun Mandi 35,Kebersihan,100g,SKU-00690,3500,5000,4840
Shampoo 35,Mie Instan,170ml,SKU-00691,18000,23000,4847
Pasta Gigi 35,Minuman,120g,SKU-00692,11000,15000,4854
Biskuit 35,Snack,120g,SKU-00693,6500,9000,4861
Keripik Kentang 35,Sembako,68g,SKU-00694,9000,12000,4868
Sarden Kaleng 35,Susu,155g,SKU-00695,12000,16000,4875
Kecap Manis 35,Kopi & Teh,600ml,SKU-00696,14000,18000,4882
Saus Sambal 35,Bumbu Dapur,335ml,SKU-00697,10000,14000,4889
Tepung Terigu 35,Makanan Kaleng,1kg,SKU-00698,12000,15000,4896
Telur Ayam 35,Perawatan Diri,1kg,SKU-00699,27000,32000,4903
Tisu Wajah 35,Kebersihan,200 sheets,SKU-00700,9000,13000,4910
Indomie Goreng 36,Mie Instan,85g,SKU-00701,2500,3500,4917
Indomie Soto 36,Minuman,75g,SKU-00702,2500,3500,4924
Aqua 36,Snack,600ml,SKU-00703,2500,4000,4931
Teh Botol Sosro 36,Sembako,450ml,SKU-00704,3500,5000,4938
Kopi Kapal Api 36,Susu,65g,SKU-00705,7000,9500,4945
Beras Premium 36,Kopi & Teh,5kg,SKU-00706,65000,75000,4952
Gula Pasir 36,Bumbu Dapur,1kg,SKU-00707,14500,17000,4959
Minyak Goreng 36,Makanan Kaleng,1L,SKU-00708,17000,20000,4966
Susu UHT 36,Perawatan Diri,1L,SKU-00709,18000,22000,4973
Sabun Mandi 36,Kebersihan,100g,SKU-00710,3500,5000,4980
Shampoo 36,Mie Instan,170ml,SKU-00711,18000,23000,4987
Pasta Gigi 36,Minuman,120g,SKU-00712,11000,15000,4994
Biskuit 36,Snack,120g,SKU-00713,6500,9000,5001
Keripik Kentang 36,Sembako,68g,SKU-00714,9000,12000,5008
Sarden Kaleng 36,Susu,155g,SKU-00715,12000,16000,5015
Kecap Manis 36,Kopi & Teh,600ml,SKU-00716,14000,18000,5022
Saus Sambal 36,Bumbu Dapur,335ml,SKU-00717,10000,14000,5029
Tepung Terigu 36,Makanan Kaleng,1kg,SKU-00718,12000,15000,5036
Telur Ayam 36,Perawatan Diri,1kg,SKU-00719,27000,32000,5043
Tisu Wajah 36,Kebersihan,200 sheets,SKU-00720,9000,13000,5050
Indomie Goreng 37,Mie Instan,85g,SKU-00721,2500,3500,5057
Indomie Soto 37,Minuman,75g,SKU-00722,2500,3500,5064
Aqua 37,Snack,600ml,SKU-00723,2500,4000,5071
Teh Botol Sosro 37,Sembako,450ml,SKU-00724,3500,5000,5078
Kopi Kapal Api 37,Susu,65g,SKU-00725,7000,9500,5085
Beras Premium 37,Kopi & Teh,5kg,SKU-00726,65000,75000,5092
Gula Pasir 37,Bumbu Dapur,1kg,SKU-00727,14500,17000,5099
Minyak Goreng 37,Makanan Kaleng,1L,SKU-00728,17000,20000,5106
Susu UHT 37,Perawatan Diri,1L,SKU-00729,18000,22000,5113
Sabun Mandi 37,Kebersihan,100g,SKU-00730,3500,5000,5120
Shampoo 37,Mie Instan,170ml,SKU-00731,18000,23000,5127
Pasta Gigi 37,Minuman,120g,SKU-00732,11000,15000,5134
Biskuit 37,Snack,120g,SKU-00733,6500,9000,5141
Keripik Kentang 37,Sembako,68g,SKU-00734,9000,12000,5148
Sarden Kaleng 37,Susu,155g,SKU-00735,12000,16000,5155
Kecap Manis 37,Kopi & Teh,600ml,SKU-00736,14000,18000,5162
Saus Sambal 37,Bumbu Dapur,335ml,SKU-00737,10000,14000,5169
Tepung Terigu 37,Makanan Kaleng,1kg,SKU-00738,12000,15000,5176
Telur Ayam 37,Perawatan Diri,1kg,SKU-00739,27000,32000,5183
Tisu Wajah 37,Kebersihan,200 sheets,SKU-00740,9000,13000,5190
Indomie Goreng 38,Mie Instan,85g,SKU-00741,2500,3500,5197
Indomie Soto 38,Minuman,75g,SKU-00742,2500,3500,5204
Aqua 38,Snack,600ml,SKU-00743,2500,4000,5211
Teh Botol Sosro 38,Sembako,450ml,SKU-00744,3500,5000,5218
Kopi Kapal Api 38,Susu,65g,SKU-00745,7000,9500,5225
Beras Premium 38,Kopi & Teh,5kg,SKU-00746,65000,75000,5232
Gula Pasir 38,Bumbu Dapur,1kg,SKU-00747,14500,17000,5239
Minyak Goreng 38,Makanan Kaleng,1L,SKU-00748,17000,20000,5246
Susu UHT 38,Perawatan Diri,1L,SKU-00749,18000,22000,5253
Sabun Mandi 38,Kebersihan,100g,SKU-00750,3500,5000,5260
Shampoo 38,Mie Instan,170ml,SKU-00751,18000,23000,5267
Pasta Gigi 38,Minuman,120g,SKU-00752,11000,15000,5274
Biskuit 38,Snack,120g,SKU-00753,6500,9000,5281
Keripik Kentang 38,Sembako,68g,SKU-00754,9000,12000,5288
Sarden Kaleng 38,Susu,155g,SKU-00755,12000,16000,5295
Kecap Manis 38,Kopi & Teh,600ml,SKU-00756,14000,18000,5302
Saus Sambal 38,Bumbu Dapur,335ml,SKU-00757,10000,14000,5309
Tepung Terigu 38,Makanan Kaleng,1kg,SKU-00758,12000,15000,5316
Telur Ayam 38,Perawatan Diri,1kg,SKU-00759,27000,32000,5323
Tisu Wajah 38,Kebersihan,200 sheets,SKU-00760,9000,13000,5330
Indomie Goreng 39,Mie Instan,85g,SKU-00761,2500,3500,5337
Indomie Soto 39,Minuman,75g,SKU-00762,2500,3500,5344
Aqua 39,Snack,600ml,SKU-00763,2500,4000,5351
Teh Botol Sosro 39,Sembako,450ml,SKU-00764,3500,5000,5358
Kopi Kapal Api 39,Susu,65g,SKU-00765,7000,9500,5365
Beras Premium 39,Kopi & Teh,5kg,SKU-00766,65000,75000,5372
Gula Pasir 39,Bumbu Dapur,1kg,SKU-00767,14500,17000,5379
Minyak Goreng 39,Makanan Kaleng,1L,SKU-00768,17000,20000,5386
Susu UHT 39,Perawatan Diri,1L,SKU-00769,18000,22000,5393
Sabun Mandi 39,Kebersihan,100g,SKU-00770,3500,5000,5400
Shampoo 39,Mie Instan,170ml,SKU-00771,18000,23000,5407
Pasta Gigi 39,Minuman,120g,SKU-00772,11000,15000,5414
Biskuit 39,Snack,120g,SKU-00773,6500,9000,5421
Keripik Kentang 39,Sembako,68g,SKU-00774,9000,12000,5428
Sarden Kaleng 39,Susu,155g,SKU-00775,12000,16000,5435
Kecap Manis 39,Kopi & Teh,600ml,SKU-00776,14000,18000,5442
Saus Sambal 39,Bumbu Dapur,335ml,SKU-00777,10000,14000,5449
Tepung Terigu 39,Makanan Kaleng,1kg,SKU-00778,12000,15000,5456
Telur Ayam 39,Perawatan Diri,1kg,SKU-00779,27000,32000,5463
Tisu Wajah 39,Kebersihan,200 sheets,SKU-00780,9000,13000,5470
Indomie Goreng 40,Mie Instan,85g,SKU-00781,2500,3500,5477
Indomie Soto 40,Minuman,75g,SKU-00782,2500,3500,5484
Aqua 40,Snack,600ml,SKU-00783,2500,4000,5491
Teh Botol Sosro 40,Sembako,450ml,SKU-00784,3500,5000,5498
Kopi Kapal Api 40,Susu,65g,SKU-00785,7000,9500,5505
Beras Premium 40,Kopi & Teh,5kg,SKU-00786,65000,75000,5512
Gula Pasir 40,Bumbu Dapur,1kg,SKU-00787,14500,17000,5519
Minyak Goreng 40,Makanan Kaleng,1L,SKU-00788,17000,20000,5526
Susu UHT 40,Perawatan Diri,1L,SKU-00789,18000,22000,5533
Sabun Mandi 40,Kebersihan,100g,SKU-00790,3500,5000,5540
Shampoo 40,Mie Instan,170ml,SKU-00791,18000,23000,5547
Pasta Gigi 40,Minuman,120g,SKU-00792,11000,15000,5554
Biskuit 40,Snack,120g,SKU-00793,6500,9000,5561
Keripik Kentang 40,Sembako,68g,SKU-00794,9000,12000,5568
Sarden Kaleng 40,Susu,155g,SKU-00795,12000,16000,5575
Kecap Manis 40,Kopi & Teh,600ml,SKU-00796,14000,18000,5582
Saus Sambal 40,Bumbu Dapur,335ml,SKU-00797,10000,14000,5589
Tepung Terigu 40,Makanan Kaleng,1kg,SKU-00798,12000,15000,5596
Telur Ayam 40,Perawatan Diri,1kg,SKU-00799,27000,32000,5603
Tisu Wajah 40,Kebersihan,200 sheets,SKU-00800,9000,13000,5610
Indomie Goreng 41,Mie Instan,85g,SKU-00801,2500,3500,5617
Indomie Soto 41,Minuman,75g,SKU-00802,2500,3500,5624
Aqua 41,Snack,600ml,SKU-00803,2500,4000,5631
Teh Botol Sosro 41,Sembako,450ml,SKU-00804,3500,5000,5638
Kopi Kapal Api 41,Susu,65g,SKU-00805,7000,9500,5645
Beras Premium 41,Kopi & Teh,5kg,SKU-00806,65000,75000,5652
Gula Pasir 41,Bumbu Dapur,1kg,SKU-00807,14500,17000,5659
Minyak Goreng 41,Makanan Kaleng,1L,SKU-00808,17000,20000,5666
Susu UHT 41,Perawatan Diri,1L,SKU-00809,18000,22000,5673
Sabun Mandi 41,Kebersihan,100g,SKU-00810,3500,5000,5680
Shampoo 41,Mie Instan,170ml,SKU-00811,18000,23000,5687
Pasta Gigi 41,Minuman,120g,SKU-00812,11000,15000,5694
Biskuit 41,Snack,120g,SKU-00813,6500,9000,5701
Keripik Kentang 41,Sembako,68g,SKU-00814,9000,12000,5708
Sarden Kaleng 41,Susu,155g,SKU-00815,12000,16000,5715
Kecap Manis 41,Kopi & Teh,600ml,SKU-00816,14000,18000,5722
Saus Sambal 41,Bumbu Dapur,335ml,SKU-00817,10000,14000,5729
Tepung Terigu 41,Makanan Kaleng,1kg,SKU-00818,12000,15000,5736
Telur Ayam 41,Perawatan Diri,1kg,SKU-00819,27000,32000,5743
Tisu Wajah 41,Kebersihan,200 sheets,SKU-00820,9000,13000,5750
Indomie Goreng 42,Mie Instan,85g,SKU-00821,2500,3500,5757
Indomie Soto 42,Minuman,75g,SKU-00822,2500,3500,5764
Aqua 42,Snack,600ml,SKU-00823,2500,4000,5771
Teh Botol Sosro 42,Sembako,450ml,SKU-00824,3500,5000,5778
Kopi Kapal Api 42,Susu,65g,SKU-00825,7000,9500,5785
Beras Premium 42,Kopi & Teh,5kg,SKU-00826,65000,75000,5792
Gula Pasir 42,Bumbu Dapur,1kg,SKU-00827,14500,17000,5799
Minyak Goreng 42,Makanan Kaleng,1L,SKU-00828,17000,20000,5806
Susu UHT 42,Perawatan Diri,1L,SKU-00829,18000,22000,5813
Sabun Mandi 42,Kebersihan,100g,SKU-00830,3500,5000,5820
Shampoo 42,Mie Instan,170ml,SKU-00831,18000,23000,5827
Pasta Gigi 42,Minuman,120g,SKU-00832,11000,15000,5834
Biskuit 42,Snack,120g,SKU-00833,6500,9000,5841
Keripik Kentang 42,Sembako,68g,SKU-00834,9000,12000,5848
Sarden Kaleng 42,Susu,155g,SKU-00835,12000,16000,5855
Kecap Manis 42,Kopi & Teh,600ml,SKU-00836,14000,18000,5862
Saus Sambal 42,Bumbu Dapur,335ml,SKU-00837,10000,14000,5869
Tepung Terigu 42,Makanan Kaleng,1kg,SKU-00838,12000,15000,5876
Telur Ayam 42,Perawatan Diri,1kg,SKU-00839,27000,32000,5883
Tisu Wajah 42,Kebersihan,200 sheets,SKU-00840,9000,13000,5890
Indomie Goreng 43,Mie Instan,85g,SKU-00841,2500,3500,5897
Indomie Soto 43,Minuman,75g,SKU-00842,2500,3500,5904
Aqua 43,Snack,600ml,SKU-00843,2500,4000,5911
Teh Botol Sosro 43,Sembako,450ml,SKU-00844,3500,5000,5918
Kopi Kapal Api 43,Susu,65g,SKU-00845,7000,9500,5925
Beras Premium 43,Kopi & Teh,5kg,SKU-00846,65000,75000,5932
Gula Pasir 43,Bumbu Dapur,1kg,SKU-00847,14500,17000,5939
Minyak Goreng 43,Makanan Kaleng,1L,SKU-00848,17000,20000,5946
Susu UHT 43,Perawatan Diri,1L,SKU-00849,18000,22000,5953
Sabun Mandi 43,Kebersihan,100g,SKU-00850,3500,5000,5960
Shampoo 43,Mie Instan,170ml,SKU-00851,18000,23000,5967
Pasta Gigi 43,Minuman,120g,SKU-00852,11000,15000,5974
Biskuit 43,Snack,120g,SKU-00853,6500,9000,5981
Keripik Kentang 43,Sembako,68g,SKU-00854,9000,12000,5988
Sarden Kaleng 43,Susu,155g,SKU-00855,12000,16000,5995
Kecap Manis 43,Kopi & Teh,600ml,SKU-00856,14000,18000,6002
Saus Sambal 43,Bumbu Dapur,335ml,SKU-00857,10000,14000,6009
Tepung Terigu 43,Makanan Kaleng,1kg,SKU-00858,12000,15000,6016
Telur Ayam 43,Perawatan Diri,1kg,SKU-00859,27000,32000,6023
Tisu Wajah 43,Kebersihan,200 sheets,SKU-00860,9000,13000,6030
Indomie Goreng 44,Mie Instan,85g,SKU-00861,2500,3500,6037
Indomie Soto 44,Minuman,75g,SKU-00862,2500,3500,6044
Aqua 44,Snack,600ml,SKU-00863,2500,4000,6051
Teh Botol Sosro 44,Sembako,450ml,SKU-00864,3500,5000,6058
Kopi Kapal Api 44,Susu,65g,SKU-00865,7000,9500,6065
Beras Premium 44,Kopi & Teh,5kg,SKU-00866,65000,75000,6072
Gula Pasir 44,Bumbu Dapur,1kg,SKU-00867,14500,17000,6079
Minyak Goreng 44,Makanan Kaleng,1L,SKU-00868,17000,20000,6086
Susu UHT 44,Perawatan Diri,1L,SKU-00869,18000,22000,6093
Sabun Mandi 44,Kebersihan,100g,SKU-00870,3500,5000,6100
Shampoo 44,Mie Instan,170ml,SKU-00871,18000,23000,6107
Pasta Gigi 44,Minuman,120g,SKU-00872,11000,15000,6114
Biskuit 44,Snack,120g,SKU-00873,6500,9000,6121
Keripik Kentang 44,Sembako,68g,SKU-00874,9000,12000,6128
Sarden Kaleng 44,Susu,155g,SKU-00875,12000,16000,6135
Kecap Manis 44,Kopi & Teh,600ml,SKU-00876,14000,18000,6142
Saus Sambal 44,Bumbu Dapur,335ml,SKU-00877,10000,14000,6149
Tepung Terigu 44,Makanan Kaleng,1kg,SKU-00878,12000,15000,6156
Telur Ayam 44,Perawatan Diri,1kg,SKU-00879,27000,32000,6163
Tisu Wajah 44,Kebersihan,200 sheets,SKU-00880,9000,13000,6170
Indomie Goreng 45,Mie Instan,85g,SKU-00881,2500,3500,6177
Indomie Soto 45,Minuman,75g,SKU-00882,2500,3500,6184
Aqua 45,Snack,600ml,SKU-00883,2500,4000,6191
Teh Botol Sosro 45,Sembako,450ml,SKU-00884,3500,5000,6198
Kopi Kapal Api 45,Susu,65g,SKU-00885,7000,9500,6205
Beras Premium 45,Kopi & Teh,5kg,SKU-00886,65000,75000,6212
Gula Pasir 45,Bumbu Dapur,1kg,SKU-00887,14500,17000,6219
Minyak Goreng 45,Makanan Kaleng,1L,SKU-00888,17000,20000,6226
Susu UHT 45,Perawatan Diri,1L,SKU-00889,18000,22000,6233
Sabun Mandi 45,Kebersihan,100g,SKU-00890,3500,5000,6240
Shampoo 45,Mie Instan,170ml,SKU-00891,18000,23000,6247
Pasta Gigi 45,Minuman,120g,SKU-00892,11000,15000,6254
Biskuit 45,Snack,120g,SKU-00893,6500,9000,6261
Keripik Kentang 45,Sembako,68g,SKU-00894,9000,12000,6268
Sarden Kaleng 45,Susu,155g,SKU-00895,12000,16000,6275
Kecap Manis 45,Kopi & Teh,600ml,SKU-00896,14000,18000,6282
Saus Sambal 45,Bumbu Dapur,335ml,SKU-00897,10000,14000,6289
Tepung Terigu 45,Makanan Kaleng,1kg,SKU-00898,12000,15000,6296
Telur Ayam 45,Perawatan Diri,1kg,SKU-00899,27000,32000,6303
Tisu Wajah 45,Kebersihan,200 sheets,SKU-00900,9000,13000,6310
Indomie Goreng 46,Mie Instan,85g,SKU-00901,2500,3500,6317
Indomie Soto 46,Minuman,75g,SKU-00902,2500,3500,6324
Aqua 46,Snack,600ml,SKU-00903,2500,4000,6331
Teh Botol Sosro 46,Sembako,450ml,SKU-00904,3500,5000,6338
Kopi Kapal Api 46,Susu,65g,SKU-00905,7000,9500,6345
Beras Premium 46,Kopi & Teh,5kg,SKU-00906,65000,75000,6352
Gula Pasir 46,Bumbu Dapur,1kg,SKU-00907,14500,17000,6359
Minyak Goreng 46,Makanan Kaleng,1L,SKU-00908,17000,20000,6366
Susu UHT 46,Perawatan Diri,1L,SKU-00909,18000,22000,6373
Sabun Mandi 46,Kebersihan,100g,SKU-00910,3500,5000,6380
Shampoo 46,Mie Instan,170ml,SKU-00911,18000,23000,6387
Pasta Gigi 46,Minuman,120g,SKU-00912,11000,15000,6394
Biskuit 46,Snack,120g,SKU-00913,6500,9000,6401
Keripik Kentang 46,Sembako,68g,SKU-00914,9000,12000,6408
Sarden Kaleng 46,Susu,155g,SKU-00915,12000,16000,6415
Kecap Manis 46,Kopi & Teh,600ml,SKU-00916,14000,18000,6422
Saus Sambal 46,Bumbu Dapur,335ml,SKU-00917,10000,14000,6429
Tepung Terigu 46,Makanan Kaleng,1kg,SKU-00918,12000,15000,6436
Telur Ayam 46,Perawatan Diri,1kg,SKU-00919,27000,32000,6443
Tisu Wajah 46,Kebersihan,200 sheets,SKU-00920,9000,13000,6450
Indomie Goreng 47,Mie Instan,85g,SKU-00921,2500,3500,6457
Indomie Soto 47,Minuman,75g,SKU-00922,2500,3500,6464
Aqua 47,Snack,600ml,SKU-00923,2500,4000,6471
Teh Botol Sosro 47,Sembako,450ml,SKU-00924,3500,5000,6478
Kopi Kapal Api 47,Susu,65g,SKU-00925,7000,9500,6485
Beras Premium 47,Kopi & Teh,5kg,SKU-00926,65000,75000,6492
Gula Pasir 47,Bumbu Dapur,1kg,SKU-00927,14500,17000,6499
Minyak Goreng 47,Makanan Kaleng,1L,SKU-00928,17000,20000,6506
Susu UHT 47,Perawatan Diri,1L,SKU-00929,18000,22000,6513
Sabun Mandi 47,Kebersihan,100g,SKU-00930,3500,5000,6520
Shampoo 47,Mie Instan,170ml,SKU-00931,18000,23000,6527
Pasta Gigi 47,Minuman,120g,SKU-00932,11000,15000,6534
Biskuit 47,Snack,120g,SKU-00933,6500,9000,6541
Keripik Kentang 47,Sembako,68g,SKU-00934,9000,12000,6548
Sarden Kaleng 47,Susu,155g,SKU-00935,12000,16000,6555
Kecap Manis 47,Kopi & Teh,600ml,SKU-00936,14000,18000,6562
Saus Sambal 47,Bumbu Dapur,335ml,SKU-00937,10000,14000,6569
Tepung Terigu 47,Makanan Kaleng,1kg,SKU-00938,12000,15000,6576
Telur Ayam 47,Perawatan Diri,1kg,SKU-00939,27000,32000,6583
Tisu Wajah 47,Kebersihan,200 sheets,SKU-00940,9000,13000,6590
Indomie Goreng 48,Mie Instan,85g,SKU-00941,2500,3500,6597
Indomie Soto 48,Minuman,75g,SKU-00942,2500,3500,6604
Aqua 48,Snack,600ml,SKU-00943,2500,4000,6611
Teh Botol Sosro 48,Sembako,450ml,SKU-00944,3500,5000,6618
Kopi Kapal Api 48,Susu,65g,SKU-00945,7000,9500,6625
Beras Premium 48,Kopi & Teh,5kg,SKU-00946,65000,75000,6632
Gula Pasir 48,Bumbu Dapur,1kg,SKU-00947,14500,17000,6639
Minyak Goreng 48,Makanan Kaleng,1L,SKU-00948,17000,20000,6646
Susu UHT 48,Perawatan Diri,1L,SKU-00949,18000,22000,6653
Sabun Mandi 48,Kebersihan,100g,SKU-00950,3500,5000,6660
Shampoo 48,Mie Instan,170ml,SKU-00951,18000,23000,6667
Pasta Gigi 48,Minuman,120g,SKU-00952,11000,15000,6674
Biskuit 48,Snack,120g,SKU-00953,6500,9000,6681
Keripik Kentang 48,Sembako,68g,SKU-00954,9000,12000,6688
Sarden Kaleng 48,Susu,155g,SKU-00955,12000,16000,6695
Kecap Manis 48,Kopi & Teh,600ml,SKU-00956,14000,18000,6702
Saus Sambal 48,Bumbu Dapur,335ml,SKU-00957,10000,14000,6709
Tepung Terigu 48,Makanan Kaleng,1kg,SKU-00958,12000,15000,6716
Telur Ayam 48,Perawatan Diri,1kg,SKU-00959,27000,32000,6723
Tisu Wajah 48,Kebersihan,200 sheets,SKU-00960,9000,13000,6730
Indomie Goreng 49,Mie Instan,85g,SKU-00961,2500,3500,6737
Indomie Soto 49,Minuman,75g,SKU-00962,2500,3500,6744
Aqua 49,Snack,600ml,SKU-00963,2500,4000,6751
Teh Botol Sosro 49,Sembako,450ml,SKU-00964,3500,5000,6758
Kopi Kapal Api 49,Susu,65g,SKU-00965,7000,9500,6765
Beras Premium 49,Kopi & Teh,5kg,SKU-00966,65000,75000,6772
Gula Pasir 49,Bumbu Dapur,1kg,SKU-00967,14500,17000,6779
Minyak Goreng 49,Makanan Kaleng,1L,SKU-00968,17000,20000,6786
Susu UHT 49,Perawatan Diri,1L,SKU-00969,18000,22000,6793
Sabun Mandi 49,Kebersihan,100g,SKU-00970,3500,5000,6800
Shampoo 49,Mie Instan,170ml,SKU-00971,18000,23000,6807
Pasta Gigi 49,Minuman,120g,SKU-00972,11000,15000,6814
Biskuit 49,Snack,120g,SKU-00973,6500,9000,6821
Keripik Kentang 49,Sembako,68g,SKU-00974,9000,12000,6828
Sarden Kaleng 49,Susu,155g,SKU-00975,12000,16000,6835
Kecap Manis 49,Kopi & Teh,600ml,SKU-00976,14000,18000,6842
Saus Sambal 49,Bumbu Dapur,335ml,SKU-00977,10000,14000,6849
Tepung Terigu 49,Makanan Kaleng,1kg,SKU-00978,12000,15000,6856
Telur Ayam 49,Perawatan Diri,1kg,SKU-00979,27000,32000,6863
Tisu Wajah 49,Kebersihan,200 sheets,SKU-00980,9000,13000,6870
Indomie Goreng 50,Mie Instan,85g,SKU-00981,2500,3500,6877
Indomie Soto 50,Minuman,75g,SKU-00982,2500,3500,6884
Aqua 50,Snack,600ml,SKU-00983,2500,4000,6891
Teh Botol Sosro 50,Sembako,450ml,SKU-00984,3500,5000,6898
Kopi Kapal Api 50,Susu,65g,SKU-00985,7000,9500,6905
Beras Premium 50,Kopi & Teh,5kg,SKU-00986,65000,75000,6912
Gula Pasir 50,Bumbu Dapur,1kg,SKU-00987,14500,17000,6919
Minyak Goreng 50,Makanan Kaleng,1L,SKU-00988,17000,20000,6926
Susu UHT 50,Perawatan Diri,1L,SKU-00989,18000,22000,6933
Sabun Mandi 50,Kebersihan,100g,SKU-00990,3500,5000,6940
Shampoo 50,Mie Instan,170ml,SKU-00991,18000,23000,6947
Pasta Gigi 50,Minuman,120g,SKU-00992,11000,15000,6954
Biskuit 50,Snack,120g,SKU-00993,6500,9000,6961
Keripik Kentang 50,Sembako,68g,SKU-00994,9000,12000,6968
Sarden Kaleng 50,Susu,155g,SKU-00995,12000,16000,6975
Kecap Manis 50,Kopi & Teh,600ml,SKU-00996,14000,18000,6982
Saus Sambal 50,Bumbu Dapur,335ml,SKU-00997,10000,14000,6989
Tepung Terigu 50,Makanan Kaleng,1kg,SKU-00998,12000,15000,6996
Telur Ayam 50,Perawatan Diri,1kg,SKU-00999,27000,32000,7003
Tisu Wajah 50,Kebersihan,200 sheets,SKU-01000,9000,13000,7010
Indomie Goreng 51,Mie Instan,85g,SKU-01001,2500,3500,7017
Indomie Soto 51,Minuman,75g,SKU-01002,2500,3500,7024
Aqua 51,Snack,600ml,SKU-01003,2500,4000,7031
Teh Botol Sosro 51,Sembako,450ml,SKU-01004,3500,5000,7038
Kopi Kapal Api 51,Susu,65g,SKU-01005,7000,9500,7045
Beras Premium 51,Kopi & Teh,5kg,SKU-01006,65000,75000,7052
Gula Pasir 51,Bumbu Dapur,1kg,SKU-01007,14500,17000,7059
Minyak Goreng 51,Makanan Kaleng,1L,SKU-01008,17000,20000,7066
Susu UHT 51,Perawatan Diri,1L,SKU-01009,18000,22000,7073
Sabun Mandi 51,Kebersihan,100g,SKU-01010,3500,5000,7080
Shampoo 51,Mie Instan,170ml,SKU-01011,18000,23000,7087
Pasta Gigi 51,Minuman,120g,SKU-01012,11000,15000,7094
Biskuit 51,Snack,120g,SKU-01013,6500,9000,7101
Keripik Kentang 51,Sembako,68g,SKU-01014,9000,12000,7108
Sarden Kaleng 51,Susu,155g,SKU-01015,12000,16000,7115
Kecap Manis 51,Kopi & Teh,600ml,SKU-01016,14000,18000,7122
Saus Sambal 51,Bumbu Dapur,335ml,SKU-01017,10000,14000,7129
Tepung Terigu 51,Makanan Kaleng,1kg,SKU-01018,12000,15000,7136
Telur Ayam 51,Perawatan Diri,1kg,SKU-01019,27000,32000,7143
Tisu Wajah 51,Kebersihan,200 sheets,SKU-01020,9000,13000,7150
Indomie Goreng 52,Mie Instan,85g,SKU-01021,2500,3500,7157
Indomie Soto 52,Minuman,75g,SKU-01022,2500,3500,7164
Aqua 52,Snack,600ml,SKU-01023,2500,4000,7171
Teh Botol Sosro 52,Sembako,450ml,SKU-01024,3500,5000,7178
Kopi Kapal Api 52,Susu,65g,SKU-01025,7000,9500,7185
Beras Premium 52,Kopi & Teh,5kg,SKU-01026,65000,75000,7192
Gula Pasir 52,Bumbu Dapur,1kg,SKU-01027,14500,17000,7199
Minyak Goreng 52,Makanan Kaleng,1L,SKU-01028,17000,20000,7206
Susu UHT 52,Perawatan Diri,1L,SKU-01029,18000,22000,7213
Sabun Mandi 52,Kebersihan,100g,SKU-01030,3500,5000,7220
Shampoo 52,Mie Instan,170ml,SKU-01031,18000,23000,7227
Pasta Gigi 52,Minuman,120g,SKU-01032,11000,15000,7234
Biskuit 52,Snack,120g,SKU-01033,6500,9000,7241
Keripik Kentang 52,Sembako,68g,SKU-01034,9000,12000,7248
Sarden Kaleng 52,Susu,155g,SKU-01035,12000,16000,7255
Kecap Manis 52,Kopi & Teh,600ml,SKU-01036,14000,18000,7262
Saus Sambal 52,Bumbu Dapur,335ml,SKU-01037,10000,14000,7269
Tepung Terigu 52,Makanan Kaleng,1kg,SKU-01038,12000,15000,7276
Telur Ayam 52,Perawatan Diri,1kg,SKU-01039,27000,32000,7283
Tisu Wajah 52,Kebersihan,200 sheets,SKU-01040,9000,13000,7290
Indomie Goreng 53,Mie Instan,85g,SKU-01041,2500,3500,7297
Indomie Soto 53,Minuman,75g,SKU-01042,2500,3500,7304
Aqua 53,Snack,600ml,SKU-01043,2500,4000,7311
Teh Botol Sosro 53,Sembako,450ml,SKU-01044,3500,5000,7318
Kopi Kapal Api 53,Susu,65g,SKU-01045,7000,9500,7325
Beras Premium 53,Kopi & Teh,5kg,SKU-01046,65000,75000,7332
Gula Pasir 53,Bumbu Dapur,1kg,SKU-01047,14500,17000,7339
Minyak Goreng 53,Makanan Kaleng,1L,SKU-01048,17000,20000,7346
Susu UHT 53,Perawatan Diri,1L,SKU-01049,18000,22000,7353
Sabun Mandi 53,Kebersihan,100g,SKU-01050,3500,5000,7360
Shampoo 53,Mie Instan,170ml,SKU-01051,18000,23000,7367
Pasta Gigi 53,Minuman,120g,SKU-01052,11000,15000,7374
Biskuit 53,Snack,120g,SKU-01053,6500,9000,7381
Keripik Kentang 53,Sembako,68g,SKU-01054,9000,12000,7388
Sarden Kaleng 53,Susu,155g,SKU-01055,12000,16000,7395
Kecap Manis 53,Kopi & Teh,600ml,SKU-01056,14000,18000,7402
Saus Sambal 53,Bumbu Dapur,335ml,SKU-01057,10000,14000,7409
Tepung Terigu 53,Makanan Kaleng,1kg,SKU-01058,12000,15000,7416
Telur Ayam 53,Perawatan Diri,1kg,SKU-01059,27000,32000,7423
Tisu Wajah 53,Kebersihan,200 sheets,SKU-01060,9000,13000,7430
Indomie Goreng 54,Mie Instan,85g,SKU-01061,2500,3500,7437
Indomie Soto 54,Minuman,75g,SKU-01062,2500,3500,7444
Aqua 54,Snack,600ml,SKU-01063,2500,4000,7451
Teh Botol Sosro 54,Sembako,450ml,SKU-01064,3500,5000,7458
Kopi Kapal Api 54,Susu,65g,SKU-01065,7000,9500,7465
Beras Premium 54,Kopi & Teh,5kg,SKU-01066,65000,75000,7472
Gula Pasir 54,Bumbu Dapur,1kg,SKU-01067,14500,17000,7479
Minyak Goreng 54,Makanan Kaleng,1L,SKU-01068,17000,20000,7486
Susu UHT 54,Perawatan Diri,1L,SKU-01069,18000,22000,7493
Sabun Mandi 54,Kebersihan,100g,SKU-01070,3500,5000,7500
Shampoo 54,Mie Instan,170ml,SKU-01071,18000,23000,7507
Pasta Gigi 54,Minuman,120g,SKU-01072,11000,15000,7514
Biskuit 54,Snack,120g,SKU-01073,6500,9000,7521
Keripik Kentang 54,Sembako,68g,SKU-01074,9000,12000,7528
Sarden Kaleng 54,Susu,155g,SKU-01075,12000,16000,7535
Kecap Manis 54,Kopi & Teh,600ml,SKU-01076,14000,18000,7542
Saus Sambal 54,Bumbu Dapur,335ml,SKU-01077,10000,14000,7549
Tepung Terigu 54,Makanan Kaleng,1kg,SKU-01078,12000,15000,7556
Telur Ayam 54,Perawatan Diri,1kg,SKU-01079,27000,32000,7563
Tisu Wajah 54,Kebersihan,200 sheets,SKU-01080,9000,13000,7570
Indomie Goreng 55,Mie Instan,85g,SKU-01081,2500,3500,7577
Indomie Soto 55,Minuman,75g,SKU-01082,2500,3500,7584
Aqua 55,Snack,600ml,SKU-01083,2500,4000,7591
Teh Botol Sosro 55,Sembako,450ml,SKU-01084,3500,5000,7598
Kopi Kapal Api 55,Susu,65g,SKU-01085,7000,9500,7605
Beras Premium 55,Kopi & Teh,5kg,SKU-01086,65000,75000,7612
Gula Pasir 55,Bumbu Dapur,1kg,SKU-01087,14500,17000,7619
Minyak Goreng 55,Makanan Kaleng,1L,SKU-01088,17000,20000,7626
Susu UHT 55,Perawatan Diri,1L,SKU-01089,18000,22000,7633
Sabun Mandi 55,Kebersihan,100g,SKU-01090,3500,5000,7640
Shampoo 55,Mie Instan,170ml,SKU-01091,18000,23000,7647
Pasta Gigi 55,Minuman,120g,SKU-01092,11000,15000,7654
Biskuit 55,Snack,120g,SKU-01093,6500,9000,7661
Keripik Kentang 55,Sembako,68g,SKU-01094,9000,12000,7668
Sarden Kaleng 55,Susu,155g,SKU-01095,12000,16000,7675
Kecap Manis 55,Kopi & Teh,600ml,SKU-01096,14000,18000,7682
Saus Sambal 55,Bumbu Dapur,335ml,SKU-01097,10000,14000,7689
Tepung Terigu 55,Makanan Kaleng,1kg,SKU-01098,12000,15000,7696
Telur Ayam 55,Perawatan Diri,1kg,SKU-01099,27000,32000,7703
Tisu Wajah 55,Kebersihan,200 sheets,SKU-01100,9000,13000,7710
Indomie Goreng 56,Mie Instan,85g,SKU-01101,2500,3500,7717
Indomie Soto 56,Minuman,75g,SKU-01102,2500,3500,7724
Aqua 56,Snack,600ml,SKU-01103,2500,4000,7731
Teh Botol Sosro 56,Sembako,450ml,SKU-01104,3500,5000,7738
Kopi Kapal Api 56,Susu,65g,SKU-01105,7000,9500,7745
Beras Premium 56,Kopi & Teh,5kg,SKU-01106,65000,75000,7752
Gula Pasir 56,Bumbu Dapur,1kg,SKU-01107,14500,17000,7759
Minyak Goreng 56,Makanan Kaleng,1L,SKU-01108,17000,20000,7766
Susu UHT 56,Perawatan Diri,1L,SKU-01109,18000,22000,7773
Sabun Mandi 56,Kebersihan,100g,SKU-01110,3500,5000,7780
Shampoo 56,Mie Instan,170ml,SKU-01111,18000,23000,7787
Pasta Gigi 56,Minuman,120g,SKU-01112,11000,15000,7794
Biskuit 56,Snack,120g,SKU-01113,6500,9000,7801
Keripik Kentang 56,Sembako,68g,SKU-01114,9000,12000,7808
Sarden Kaleng 56,Susu,155g,SKU-01115,12000,16000,7815
Kecap Manis 56,Kopi & Teh,600ml,SKU-01116,14000,18000,7822
Saus Sambal 56,Bumbu Dapur,335ml,SKU-01117,10000,14000,7829
Tepung Terigu 56,Makanan Kaleng,1kg,SKU-01118,12000,15000,7836
Telur Ayam 56,Perawatan Diri,1kg,SKU-01119,27000,32000,7843
Tisu Wajah 56,Kebersihan,200 sheets,SKU-01120,9000,13000,7850
Indomie Goreng 57,Mie Instan,85g,SKU-01121,2500,3500,7857
Indomie Soto 57,Minuman,75g,SKU-01122,2500,3500,7864
Aqua 57,Snack,600ml,SKU-01123,2500,4000,7871
Teh Botol Sosro 57,Sembako,450ml,SKU-01124,3500,5000,7878
Kopi Kapal Api 57,Susu,65g,SKU-01125,7000,9500,7885
Beras Premium 57,Kopi & Teh,5kg,SKU-01126,65000,75000,7892
Gula Pasir 57,Bumbu Dapur,1kg,SKU-01127,14500,17000,7899
Minyak Goreng 57,Makanan Kaleng,1L,SKU-01128,17000,20000,7906
Susu UHT 57,Perawatan Diri,1L,SKU-01129,18000,22000,7913
Sabun Mandi 57,Kebersihan,100g,SKU-01130,3500,5000,7920
Shampoo 57,Mie Instan,170ml,SKU-01131,18000,23000,7927
Pasta Gigi 57,Minuman,120g,SKU-01132,11000,15000,7934
Biskuit 57,Snack,120g,SKU-01133,6500,9000,7941
Keripik Kentang 57,Sembako,68g,SKU-01134,9000,12000,7948
Sarden Kaleng 57,Susu,155g,SKU-01135,12000,16000,7955
Kecap Manis 57,Kopi & Teh,600ml,SKU-01136,14000,18000,7962
Saus Sambal 57,Bumbu Dapur,335ml,SKU-01137,10000,14000,7969
Tepung Terigu 57,Makanan Kaleng,1kg,SKU-01138,12000,15000,7976
Telur Ayam 57,Perawatan Diri,1kg,SKU-01139,27000,32000,7983
Tisu Wajah 57,Kebersihan,200 sheets,SKU-01140,9000,13000,7990
Indomie Goreng 58,Mie Instan,85g,SKU-01141,2500,3500,7997
Indomie Soto 58,Minuman,75g,SKU-01142,2500,3500,8004
Aqua 58,Snack,600ml,SKU-01143,2500,4000,8011
Teh Botol Sosro 58,Sembako,450ml,SKU-01144,3500,5000,8018
Kopi Kapal Api 58,Susu,65g,SKU-01145,7000,9500,8025
Beras Premium 58,Kopi & Teh,5kg,SKU-01146,65000,75000,8032
Gula Pasir 58,Bumbu Dapur,1kg,SKU-01147,14500,17000,8039
Minyak Goreng 58,Makanan Kaleng,1L,SKU-01148,17000,20000,8046
Susu UHT 58,Perawatan Diri,1L,SKU-01149,18000,22000,8053
Sabun Mandi 58,Kebersihan,100g,SKU-01150,3500,5000,8060
Shampoo 58,Mie Instan,170ml,SKU-01151,18000,23000,8067
Pasta Gigi 58,Minuman,120g,SKU-01152,11000,15000,8074
Biskuit 58,Snack,120g,SKU-01153,6500,9000,8081
Keripik Kentang 58,Sembako,68g,SKU-01154,9000,12000,8088
Sarden Kaleng 58,Susu,155g,SKU-01155,12000,16000,8095
Kecap Manis 58,Kopi & Teh,600ml,SKU-01156,14000,18000,8102
Saus Sambal 58,Bumbu Dapur,335ml,SKU-01157,10000,14000,8109
Tepung Terigu 58,Makanan Kaleng,1kg,SKU-01158,12000,15000,8116
Telur Ayam 58,Perawatan Diri,1kg,SKU-01159,27000,32000,8123
Tisu Wajah 58,Kebersihan,200 sheets,SKU-01160,9000,13000,8130
Indomie Goreng 59,Mie Instan,85g,SKU-01161,2500,3500,8137
Indomie Soto 59,Minuman,75g,SKU-01162,2500,3500,8144
Aqua 59,Snack,600ml,SKU-01163,2500,4000,8151
Teh Botol Sosro 59,Sembako,450ml,SKU-01164,3500,5000,8158
Kopi Kapal Api 59,Susu,65g,SKU-01165,7000,9500,8165
Beras Premium 59,Kopi & Teh,5kg,SKU-01166,65000,75000,8172
Gula Pasir 59,Bumbu Dapur,1kg,SKU-01167,14500,17000,8179
Minyak Goreng 59,Makanan Kaleng,1L,SKU-01168,17000,20000,8186
Susu UHT 59,Perawatan Diri,1L,SKU-01169,18000,22000,8193
Sabun Mandi 59,Kebersihan,100g,SKU-01170,3500,5000,8200
Shampoo 59,Mie Instan,170ml,SKU-01171,18000,23000,8207
Pasta Gigi 59,Minuman,120g,SKU-01172,11000,15000,8214
Biskuit 59,Snack,120g,SKU-01173,6500,9000,8221
Keripik Kentang 59,Sembako,68g,SKU-01174,9000,12000,8228
Sarden Kaleng 59,Susu,155g,SKU-01175,12000,16000,8235
Kecap Manis 59,Kopi & Teh,600ml,SKU-01176,14000,18000,8242
Saus Sambal 59,Bumbu Dapur,335ml,SKU-01177,10000,14000,8249
Tepung Terigu 59,Makanan Kaleng,1kg,SKU-01178,12000,15000,8256
Telur Ayam 59,Perawatan Diri,1kg,SKU-01179,27000,32000,8263
Tisu Wajah 59,Kebersihan,200 sheets,SKU-01180,9000,13000,8270
Indomie Goreng 60,Mie Instan,85g,SKU-01181,2500,3500,8277
Indomie Soto 60,Minuman,75g,SKU-01182,2500,3500,8284
Aqua 60,Snack,600ml,SKU-01183,2500,4000,8291
Teh Botol Sosro 60,Sembako,450ml,SKU-01184,3500,5000,8298
Kopi Kapal Api 60,Susu,65g,SKU-01185,7000,9500,8305
Beras Premium 60,Kopi & Teh,5kg,SKU-01186,65000,75000,8312
Gula Pasir 60,Bumbu Dapur,1kg,SKU-01187,14500,17000,8319
Minyak Goreng 60,Makanan Kaleng,1L,SKU-01188,17000,20000,8326
Susu UHT 60,Perawatan Diri,1L,SKU-01189,18000,22000,8333
Sabun Mandi 60,Kebersihan,100g,SKU-01190,3500,5000,8340
Shampoo 60,Mie Instan,170ml,SKU-01191,18000,23000,8347
Pasta Gigi 60,Minuman,120g,SKU-01192,11000,15000,8354
Biskuit 60,Snack,120g,SKU-01193,6500,9000,8361
Keripik Kentang 60,Sembako,68g,SKU-01194,9000,12000,8368
Sarden Kaleng 60,Susu,155g,SKU-01195,12000,16000,8375
Kecap Manis 60,Kopi & Teh,600ml,SKU-01196,14000,18000,8382
Saus Sambal 60,Bumbu Dapur,335ml,SKU-01197,10000,14000,8389
Tepung Terigu 60,Makanan Kaleng,1kg,SKU-01198,12000,15000,8396
Telur Ayam 60,Perawatan Diri,1kg,SKU-01199,27000,32000,8403
Tisu Wajah 60,Kebersihan,200 sheets,SKU-01200,9000,13000,8410
Indomie Goreng 61,Mie Instan,85g,SKU-01201,2500,3500,8417
Indomie Soto 61,Minuman,75g,SKU-01202,2500,3500,8424
Aqua 61,Snack,600ml,SKU-01203,2500,4000,8431
Teh Botol Sosro 61,Sembako,450ml,SKU-01204,3500,5000,8438
Kopi Kapal Api 61,Susu,65g,SKU-01205,7000,9500,8445
Beras Premium 61,Kopi & Teh,5kg,SKU-01206,65000,75000,8452
Gula Pasir 61,Bumbu Dapur,1kg,SKU-01207,14500,17000,8459
Minyak Goreng 61,Makanan Kaleng,1L,SKU-01208,17000,20000,8466
Susu UHT 61,Perawatan Diri,1L,SKU-01209,18000,22000,8473
Sabun Mandi 61,Kebersihan,100g,SKU-01210,3500,5000,8480
Shampoo 61,Mie Instan,170ml,SKU-01211,18000,23000,8487
Pasta Gigi 61,Minuman,120g,SKU-01212,11000,15000,8494
Biskuit 61,Snack,120g,SKU-01213,6500,9000,8501
Keripik Kentang 61,Sembako,68g,SKU-01214,9000,12000,8508
Sarden Kaleng 61,Susu,155g,SKU-01215,12000,16000,8515
Kecap Manis 61,Kopi & Teh,600ml,SKU-01216,14000,18000,8522
Saus Sambal 61,Bumbu Dapur,335ml,SKU-01217,10000,14000,8529
Tepung Terigu 61,Makanan Kaleng,1kg,SKU-01218,12000,15000,8536
Telur Ayam 61,Perawatan Diri,1kg,SKU-01219,27000,32000,8543
Tisu Wajah 61,Kebersihan,200 sheets,SKU-01220,9000,13000,8550
Indomie Goreng 62,Mie Instan,85g,SKU-01221,2500,3500,8557
Indomie Soto 62,Minuman,75g,SKU-01222,2500,3500,8564
Aqua 62,Snack,600ml,SKU-01223,2500,4000,8571
Teh Botol Sosro 62,Sembako,450ml,SKU-01224,3500,5000,8578
Kopi Kapal Api 62,Susu,65g,SKU-01225,7000,9500,8585
Beras Premium 62,Kopi & Teh,5kg,SKU-01226,65000,75000,8592
Gula Pasir 62,Bumbu Dapur,1kg,SKU-01227,14500,17000,8599
Minyak Goreng 62,Makanan Kaleng,1L,SKU-01228,17000,20000,8606
Susu UHT 62,Perawatan Diri,1L,SKU-01229,18000,22000,8613
Sabun Mandi 62,Kebersihan,100g,SKU-01230,3500,5000,8620
Shampoo 62,Mie Instan,170ml,SKU-01231,18000,23000,8627
Pasta Gigi 62,Minuman,120g,SKU-01232,11000,15000,8634
Biskuit 62,Snack,120g,SKU-01233,6500,9000,8641
Keripik Kentang 62,Sembako,68g,SKU-01234,9000,12000,8648
Sarden Kaleng 62,Susu,155g,SKU-01235,12000,16000,8655
Kecap Manis 62,Kopi & Teh,600ml,SKU-01236,14000,18000,8662
Saus Sambal 62,Bumbu Dapur,335ml,SKU-01237,10000,14000,8669
Tepung Terigu 62,Makanan Kaleng,1kg,SKU-01238,12000,15000,8676
Telur Ayam 62,Perawatan Diri,1kg,SKU-01239,27000,32000,8683
Tisu Wajah 62,Kebersihan,200 sheets,SKU-01240,9000,13000,8690
Indomie Goreng 63,Mie Instan,85g,SKU-01241,2500,3500,8697
Indomie Soto 63,Minuman,75g,SKU-01242,2500,3500,8704
Aqua 63,Snack,600ml,SKU-01243,2500,4000,8711
Teh Botol Sosro 63,Sembako,450ml,SKU-01244,3500,5000,8718
Kopi Kapal Api 63,Susu,65g,SKU-01245,7000,9500,8725
Beras Premium 63,Kopi & Teh,5kg,SKU-01246,65000,75000,8732
Gula Pasir 63,Bumbu Dapur,1kg,SKU-01247,14500,17000,8739
Minyak Goreng 63,Makanan Kaleng,1L,SKU-01248,17000,20000,8746
Susu UHT 63,Perawatan Diri,1L,SKU-01249,18000,22000,8753
Sabun Mandi 63,Kebersihan,100g,SKU-01250,3500,5000,8760
Shampoo 63,Mie Instan,170ml,SKU-01251,18000,23000,8767
Pasta Gigi 63,Minuman,120g,SKU-01252,11000,15000,8774
Biskuit 63,Snack,120g,SKU-01253,6500,9000,8781
Keripik Kentang 63,Sembako,68g,SKU-01254,9000,12000,8788
Sarden Kaleng 63,Susu,155g,SKU-01255,12000,16000,8795
Kecap Manis 63,Kopi & Teh,600ml,SKU-01256,14000,18000,8802
Saus Sambal 63,Bumbu Dapur,335ml,SKU-01257,10000,14000,8809
Tepung Terigu 63,Makanan Kaleng,1kg,SKU-01258,12000,15000,8816
Telur Ayam 63,Perawatan Diri,1kg,SKU-01259,27000,32000,8823
Tisu Wajah 63,Kebersihan,200 sheets,SKU-01260,9000,13000,8830
Indomie Goreng 64,Mie Instan,85g,SKU-01261,2500,3500,8837
Indomie Soto 64,Minuman,75g,SKU-01262,2500,3500,8844
Aqua 64,Snack,600ml,SKU-01263,2500,4000,8851
Teh Botol Sosro 64,Sembako,450ml,SKU-01264,3500,5000,8858
Kopi Kapal Api 64,Susu,65g,SKU-01265,7000,9500,8865
Beras Premium 64,Kopi & Teh,5kg,SKU-01266,65000,75000,8872
Gula Pasir 64,Bumbu Dapur,1kg,SKU-01267,14500,17000,8879
Minyak Goreng 64,Makanan Kaleng,1L,SKU-01268,17000,20000,8886
Susu UHT 64,Perawatan Diri,1L,SKU-01269,18000,22000,8893
Sabun Mandi 64,Kebersihan,100g,SKU-01270,3500,5000,8900
Shampoo 64,Mie Instan,170ml,SKU-01271,18000,23000,8907
Pasta Gigi 64,Minuman,120g,SKU-01272,11000,15000,8914
Biskuit 64,Snack,120g,SKU-01273,6500,9000,8921
Keripik Kentang 64,Sembako,68g,SKU-01274,9000,12000,8928
Sarden Kaleng 64,Susu,155g,SKU-01275,12000,16000,8935
Kecap Manis 64,Kopi & Teh,600ml,SKU-01276,14000,18000,8942
Saus Sambal 64,Bumbu Dapur,335ml,SKU-01277,10000,14000,8949
Tepung Terigu 64,Makanan Kaleng,1kg,SKU-01278,12000,15000,8956
Telur Ayam 64,Perawatan Diri,1kg,SKU-01279,27000,32000,8963
Tisu Wajah 64,Kebersihan,200 sheets,SKU-01280,9000,13000,8970
Indomie Goreng 65,Mie Instan,85g,SKU-01281,2500,3500,8977
Indomie Soto 65,Minuman,75g,SKU-01282,2500,3500,8984
Aqua 65,Snack,600ml,SKU-01283,2500,4000,8991
Teh Botol Sosro 65,Sembako,450ml,SKU-01284,3500,5000,8998
Kopi Kapal Api 65,Susu,65g,SKU-01285,7000,9500,9005
Beras Premium 65,Kopi & Teh,5kg,SKU-01286,65000,75000,9012
Gula Pasir 65,Bumbu Dapur,1kg,SKU-01287,14500,17000,9019
Minyak Goreng 65,Makanan Kaleng,1L,SKU-01288,17000,20000,9026
Susu UHT 65,Perawatan Diri,1L,SKU-01289,18000,22000,9033
Sabun Mandi 65,Kebersihan,100g,SKU-01290,3500,5000,9040
Shampoo 65,Mie Instan,170ml,SKU-01291,18000,23000,9047
Pasta Gigi 65,Minuman,120g,SKU-01292,11000,15000,9054
Biskuit 65,Snack,120g,SKU-01293,6500,9000,9061
Keripik Kentang 65,Sembako,68g,SKU-01294,9000,12000,9068
Sarden Kaleng 65,Susu,155g,SKU-01295,12000,16000,9075
Kecap Manis 65,Kopi & Teh,600ml,SKU-01296,14000,18000,9082
Saus Sambal 65,Bumbu Dapur,335ml,SKU-01297,10000,14000,9089
Tepung Terigu 65,Makanan Kaleng,1kg,SKU-01298,12000,15000,9096
Telur Ayam 65,Perawatan Diri,1kg,SKU-01299,27000,32000,9103
Tisu Wajah 65,Kebersihan,200 sheets,SKU-01300,9000,13000,9110
Indomie Goreng 66,Mie Instan,85g,SKU-01301,2500,3500,9117
Indomie Soto 66,Minuman,75g,SKU-01302,2500,3500,9124
Aqua 66,Snack,600ml,SKU-01303,2500,4000,9131
Teh Botol Sosro 66,Sembako,450ml,SKU-01304,3500,5000,9138
Kopi Kapal Api 66,Susu,65g,SKU-01305,7000,9500,9145
Beras Premium 66,Kopi & Teh,5kg,SKU-01306,65000,75000,9152
Gula Pasir 66,Bumbu Dapur,1kg,SKU-01307,14500,17000,9159
Minyak Goreng 66,Makanan Kaleng,1L,SKU-01308,17000,20000,9166
Susu UHT 66,Perawatan Diri,1L,SKU-01309,18000,22000,9173
Sabun Mandi 66,Kebersihan,100g,SKU-01310,3500,5000,9180
Shampoo 66,Mie Instan,170ml,SKU-01311,18000,23000,9187
Pasta Gigi 66,Minuman,120g,SKU-01312,11000,15000,9194
Biskuit 66,Snack,120g,SKU-01313,6500,9000,9201
Keripik Kentang 66,Sembako,68g,SKU-01314,9000,12000,9208
Sarden Kaleng 66,Susu,155g,SKU-01315,12000,16000,9215
Kecap Manis 66,Kopi & Teh,600ml,SKU-01316,14000,18000,9222
Saus Sambal 66,Bumbu Dapur,335ml,SKU-01317,10000,14000,9229
Tepung Terigu 66,Makanan Kaleng,1kg,SKU-01318,12000,15000,9236
Telur Ayam 66,Perawatan Diri,1kg,SKU-01319,27000,32000,9243
Tisu Wajah 66,Kebersihan,200 sheets,SKU-01320,9000,13000,9250
Indomie Goreng 67,Mie Instan,85g,SKU-01321,2500,3500,9257
Indomie Soto 67,Minuman,75g,SKU-01322,2500,3500,9264
Aqua 67,Snack,600ml,SKU-01323,2500,4000,9271
Teh Botol Sosro 67,Sembako,450ml,SKU-01324,3500,5000,9278
Kopi Kapal Api 67,Susu,65g,SKU-01325,7000,9500,9285
Beras Premium 67,Kopi & Teh,5kg,SKU-01326,65000,75000,9292
Gula Pasir 67,Bumbu Dapur,1kg,SKU-01327,14500,17000,9299
Minyak Goreng 67,Makanan Kaleng,1L,SKU-01328,17000,20000,9306
Susu UHT 67,Perawatan Diri,1L,SKU-01329,18000,22000,9313
Sabun Mandi 67,Kebersihan,100g,SKU-01330,3500,5000,9320
Shampoo 67,Mie Instan,170ml,SKU-01331,18000,23000,9327
Pasta Gigi 67,Minuman,120g,SKU-01332,11000,15000,9334
Biskuit 67,Snack,120g,SKU-01333,6500,9000,9341
Keripik Kentang 67,Sembako,68g,SKU-01334,9000,12000,9348
Sarden Kaleng 67,Susu,155g,SKU-01335,12000,16000,9355
Kecap Manis 67,Kopi & Teh,600ml,SKU-01336,14000,18000,9362
Saus Sambal 67,Bumbu Dapur,335ml,SKU-01337,10000,14000,9369
Tepung Terigu 67,Makanan Kaleng,1kg,SKU-01338,12000,15000,9376
Telur Ayam 67,Perawatan Diri,1kg,SKU-01339,27000,32000,9383
Tisu Wajah 67,Kebersihan,200 sheets,SKU-01340,9000,13000,9390
Indomie Goreng 68,Mie Instan,85g,SKU-01341,2500,3500,9397
Indomie Soto 68,Minuman,75g,SKU-01342,2500,3500,9404
Aqua 68,Snack,600ml,SKU-01343,2500,4000,9411
Teh Botol Sosro 68,Sembako,450ml,SKU-01344,3500,5000,9418
Kopi Kapal Api 68,Susu,65g,SKU-01345,7000,9500,9425
Beras Premium 68,Kopi & Teh,5kg,SKU-01346,65000,75000,9432
Gula Pasir 68,Bumbu Dapur,1kg,SKU-01347,14500,17000,9439
Minyak Goreng 68,Makanan Kaleng,1L,SKU-01348,17000,20000,9446
Susu UHT 68,Perawatan Diri,1L,SKU-01349,18000,22000,9453
Sabun Mandi 68,Kebersihan,100g,SKU-01350,3500,5000,9460
Shampoo 68,Mie Instan,170ml,SKU-01351,18000,23000,9467
Pasta Gigi 68,Minuman,120g,SKU-01352,11000,15000,9474
Biskuit 68,Snack,120g,SKU-01353,6500,9000,9481
Keripik Kentang 68,Sembako,68g,SKU-01354,9000,12000,9488
Sarden Kaleng 68,Susu,155g,SKU-01355,12000,16000,9495
Kecap Manis 68,Kopi & Teh,600ml,SKU-01356,14000,18000,9502
Saus Sambal 68,Bumbu Dapur,335ml,SKU-01357,10000,14000,9509
Tepung Terigu 68,Makanan Kaleng,1kg,SKU-01358,12000,15000,9516
Telur Ayam 68,Perawatan Diri,1kg,SKU-01359,27000,32000,9523
Tisu Wajah 68,Kebersihan,200 sheets,SKU-01360,9000,13000,9530
Indomie Goreng 69,Mie Instan,85g,SKU-01361,2500,3500,9537
Indomie Soto 69,Minuman,75g,SKU-01362,2500,3500,9544
Aqua 69,Snack,600ml,SKU-01363,2500,4000,9551
Teh Botol Sosro 69,Sembako,450ml,SKU-01364,3500,5000,9558
Kopi Kapal Api 69,Susu,65g,SKU-01365,7000,9500,9565
Beras Premium 69,Kopi & Teh,5kg,SKU-01366,65000,75000,9572
Gula Pasir 69,Bumbu Dapur,1kg,SKU-01367,14500,17000,9579
Minyak Goreng 69,Makanan Kaleng,1L,SKU-01368,17000,20000,9586
Susu UHT 69,Perawatan Diri,1L,SKU-01369,18000,22000,9593
Sabun Mandi 69,Kebersihan,100g,SKU-01370,3500,5000,9600
Shampoo 69,Mie Instan,170ml,SKU-01371,18000,23000,9607
Pasta Gigi 69,Minuman,120g,SKU-01372,11000,15000,9614
Biskuit 69,Snack,120g,SKU-01373,6500,9000,9621
Keripik Kentang 69,Sembako,68g,SKU-01374,9000,12000,9628
Sarden Kaleng 69,Susu,155g,SKU-01375,12000,16000,9635
Kecap Manis 69,Kopi & Teh,600ml,SKU-01376,14000,18000,9642
Saus Sambal 69,Bumbu Dapur,335ml,SKU-01377,10000,14000,9649
Tepung Terigu 69,Makanan Kaleng,1kg,SKU-01378,12000,15000,9656
Telur Ayam 69,Perawatan Diri,1kg,SKU-01379,27000,32000,9663
Tisu Wajah 69,Kebersihan,200 sheets,SKU-01380,9000,13000,9670
Indomie Goreng 70,Mie Instan,85g,SKU-01381,2500,3500,9677
Indomie Soto 70,Minuman,75g,SKU-01382,2500,3500,9684
Aqua 70,Snack,600ml,SKU-01383,2500,4000,9691
Teh Botol Sosro 70,Sembako,450ml,SKU-01384,3500,5000,9698
Kopi Kapal Api 70,Susu,65g,SKU-01385,7000,9500,9705
Beras Premium 70,Kopi & Teh,5kg,SKU-01386,65000,75000,9712
Gula Pasir 70,Bumbu Dapur,1kg,SKU-01387,14500,17000,9719
Minyak Goreng 70,Makanan Kaleng,1L,SKU-01388,17000,20000,9726
Susu UHT 70,Perawatan Diri,1L,SKU-01389,18000,22000,9733
Sabun Mandi 70,Kebersihan,100g,SKU-01390,3500,5000,9740
Shampoo 70,Mie Instan,170ml,SKU-01391,18000,23000,9747
Pasta Gigi 70,Minuman,120g,SKU-01392,11000,15000,9754
Biskuit 70,Snack,120g,SKU-01393,6500,9000,9761
Keripik Kentang 70,Sembako,68g,SKU-01394,9000,12000,9768
Sarden Kaleng 70,Susu,155g,SKU-01395,12000,16000,9775
Kecap Manis 70,Kopi & Teh,600ml,SKU-01396,14000,18000,9782
Saus Sambal 70,Bumbu Dapur,335ml,SKU-01397,10000,14000,9789
Tepung Terigu 70,Makanan Kaleng,1kg,SKU-01398,12000,15000,9796
Telur Ayam 70,Perawatan Diri,1kg,SKU-01399,27000,32000,9803
Tisu Wajah 70,Kebersihan,200 sheets,SKU-01400,9000,13000,9810
Indomie Goreng 71,Mie Instan,85g,SKU-01401,2500,3500,9817
Indomie Soto 71,Minuman,75g,SKU-01402,2500,3500,9824
Aqua 71,Snack,600ml,SKU-01403,2500,4000,9831
Teh Botol Sosro 71,Sembako,450ml,SKU-01404,3500,5000,9838
Kopi Kapal Api 71,Susu,65g,SKU-01405,7000,9500,9845
Beras Premium 71,Kopi & Teh,5kg,SKU-01406,65000,75000,9852
Gula Pasir 71,Bumbu Dapur,1kg,SKU-01407,14500,17000,9859
Minyak Goreng 71,Makanan Kaleng,1L,SKU-01408,17000,20000,9866
Susu UHT 71,Perawatan Diri,1L,SKU-01409,18000,22000,9873
Sabun Mandi 71,Kebersihan,100g,SKU-01410,3500,5000,9880
Shampoo 71,Mie Instan,170ml,SKU-01411,18000,23000,9887
Pasta Gigi 71,Minuman,120g,SKU-01412,11000,15000,9894
Biskuit 71,Snack,120g,SKU-01413,6500,9000,9901
Keripik Kentang 71,Sembako,68g,SKU-01414,9000,12000,9908
Sarden Kaleng 71,Susu,155g,SKU-01415,12000,16000,9915
Kecap Manis 71,Kopi & Teh,600ml,SKU-01416,14000,18000,9922
Saus Sambal 71,Bumbu Dapur,335ml,SKU-01417,10000,14000,9929
Tepung Terigu 71,Makanan Kaleng,1kg,SKU-01418,12000,15000,9936
Telur Ayam 71,Perawatan Diri,1kg,SKU-01419,27000,32000,9943
Tisu Wajah 71,Kebersihan,200 sheets,SKU-01420,9000,13000,9950
Indomie Goreng 72,Mie Instan,85g,SKU-01421,2500,3500,9957
Indomie Soto 72,Minuman,75g,SKU-01422,2500,3500,9964
Aqua 72,Snack,600ml,SKU-01423,2500,4000,9971
Teh Botol Sosro 72,Sembako,450ml,SKU-01424,3500,5000,9978
Kopi Kapal Api 72,Susu,65g,SKU-01425,7000,9500,9985
Beras Premium 72,Kopi & Teh,5kg,SKU-01426,65000,75000,9992
Gula Pasir 72,Bumbu Dapur,1kg,SKU-01427,14500,17000,9999
Minyak Goreng 72,Makanan Kaleng,1L,SKU-01428,17000,20000,10006
Susu UHT 72,Perawatan Diri,1L,SKU-01429,18000,22000,10013
Sabun Mandi 72,Kebersihan,100g,SKU-01430,3500,5000,10020
Shampoo 72,Mie Instan,170ml,SKU-01431,18000,23000,10027
Pasta Gigi 72,Minuman,120g,SKU-01432,11000,15000,10034
Biskuit 72,Snack,120g,SKU-01433,6500,9000,10041
Keripik Kentang 72,Sembako,68g,SKU-01434,9000,12000,10048
Sarden Kaleng 72,Susu,155g,SKU-01435,12000,16000,10055
Kecap Manis 72,Kopi & Teh,600ml,SKU-01436,14000,18000,10062
Saus Sambal 72,Bumbu Dapur,335ml,SKU-01437,10000,14000,10069
Tepung Terigu 72,Makanan Kaleng,1kg,SKU-01438,12000,15000,10076
Telur Ayam 72,Perawatan Diri,1kg,SKU-01439,27000,32000,10083
Tisu Wajah 72,Kebersihan,200 sheets,SKU-01440,9000,13000,10090
Indomie Goreng 73,Mie Instan,85g,SKU-01441,2500,3500,10097
Indomie Soto 73,Minuman,75g,SKU-01442,2500,3500,10104
Aqua 73,Snack,600ml,SKU-01443,2500,4000,10111
Teh Botol Sosro 73,Sembako,450ml,SKU-01444,3500,5000,10118
Kopi Kapal Api 73,Susu,65g,SKU-01445,7000,9500,10125
Beras Premium 73,Kopi & Teh,5kg,SKU-01446,65000,75000,10132
Gula Pasir 73,Bumbu Dapur,1kg,SKU-01447,14500,17000,10139
Minyak Goreng 73,Makanan Kaleng,1L,SKU-01448,17000,20000,10146
Susu UHT 73,Perawatan Diri,1L,SKU-01449,18000,22000,10153
Sabun Mandi 73,Kebersihan,100g,SKU-01450,3500,5000,10160
Shampoo 73,Mie Instan,170ml,SKU-01451,18000,23000,10167
Pasta Gigi 73,Minuman,120g,SKU-01452,11000,15000,10174
Biskuit 73,Snack,120g,SKU-01453,6500,9000,10181
Keripik Kentang 73,Sembako,68g,SKU-01454,9000,12000,10188
Sarden Kaleng 73,Susu,155g,SKU-01455,12000,16000,10195
Kecap Manis 73,Kopi & Teh,600ml,SKU-01456,14000,18000,10202
Saus Sambal 73,Bumbu Dapur,335ml,SKU-01457,10000,14000,10209
Tepung Terigu 73,Makanan Kaleng,1kg,SKU-01458,12000,15000,10216
Telur Ayam 73,Perawatan Diri,1kg,SKU-01459,27000,32000,10223
Tisu Wajah 73,Kebersihan,200 sheets,SKU-01460,9000,13000,10230
Indomie Goreng 74,Mie Instan,85g,SKU-01461,2500,3500,10237
Indomie Soto 74,Minuman,75g,SKU-01462,2500,3500,10244
Aqua 74,Snack,600ml,SKU-01463,2500,4000,10251
Teh Botol Sosro 74,Sembako,450ml,SKU-01464,3500,5000,10258
Kopi Kapal Api 74,Susu,65g,SKU-01465,7000,9500,10265
Beras Premium 74,Kopi & Teh,5kg,SKU-01466,65000,75000,10272
Gula Pasir 74,Bumbu Dapur,1kg,SKU-01467,14500,17000,10279
Minyak Goreng 74,Makanan Kaleng,1L,SKU-01468,17000,20000,10286
Susu UHT 74,Perawatan Diri,1L,SKU-01469,18000,22000,10293
Sabun Mandi 74,Kebersihan,100g,SKU-01470,3500,5000,10300
Shampoo 74,Mie Instan,170ml,SKU-01471,18000,23000,10307
Pasta Gigi 74,Minuman,120g,SKU-01472,11000,15000,10314
Biskuit 74,Snack,120g,SKU-01473,6500,9000,10321
Keripik Kentang 74,Sembako,68g,SKU-01474,9000,12000,10328
Sarden Kaleng 74,Susu,155g,SKU-01475,12000,16000,10335
Kecap Manis 74,Kopi & Teh,600ml,SKU-01476,14000,18000,10342
Saus Sambal 74,Bumbu Dapur,335ml,SKU-01477,10000,14000,10349
Tepung Terigu 74,Makanan Kaleng,1kg,SKU-01478,12000,15000,10356
Telur Ayam 74,Perawatan Diri,1kg,SKU-01479,27000,32000,10363
Tisu Wajah 74,Kebersihan,200 sheets,SKU-01480,9000,13000,10370
Indomie Goreng 75,Mie Instan,85g,SKU-01481,2500,3500,10377
Indomie Soto 75,Minuman,75g,SKU-01482,2500,3500,10384
Aqua 75,Snack,600ml,SKU-01483,2500,4000,10391
Teh Botol Sosro 75,Sembako,450ml,SKU-01484,3500,5000,10398
Kopi Kapal Api 75,Susu,65g,SKU-01485,7000,9500,10405
Beras Premium 75,Kopi & Teh,5kg,SKU-01486,65000,75000,10412
Gula Pasir 75,Bumbu Dapur,1kg,SKU-01487,14500,17000,10419
Minyak Goreng 75,Makanan Kaleng,1L,SKU-01488,17000,20000,10426
Susu UHT 75,Perawatan Diri,1L,SKU-01489,18000,22000,10433
Sabun Mandi 75,Kebersihan,100g,SKU-01490,3500,5000,10440
Shampoo 75,Mie Instan,170ml,SKU-01491,18000,23000,10447
Pasta Gigi 75,Minuman,120g,SKU-01492,11000,15000,10454
Biskuit 75,Snack,120g,SKU-01493,6500,9000,10461
Keripik Kentang 75,Sembako,68g,SKU-01494,9000,12000,10468
Sarden Kaleng 75,Susu,155g,SKU-01495,12000,16000,10475
Kecap Manis 75,Kopi & Teh,600ml,SKU-01496,14000,18000,10482
Saus Sambal 75,Bumbu Dapur,335ml,SKU-01497,10000,14000,10489
Tepung Terigu 75,Makanan Kaleng,1kg,SKU-01498,12000,15000,10496
Telur Ayam 75,Perawatan Diri,1kg,SKU-01499,27000,32000,10503
Tisu Wajah 75,Kebersihan,200 sheets,SKU-01500,9000,13000,10510
Indomie Goreng 76,Mie Instan,85g,SKU-01501,2500,3500,10517
Indomie Soto 76,Minuman,75g,SKU-01502,2500,3500,10524
Aqua 76,Snack,600ml,SKU-01503,2500,4000,10531
Teh Botol Sosro 76,Sembako,450ml,SKU-01504,3500,5000,10538
Kopi Kapal Api 76,Susu,65g,SKU-01505,7000,9500,10545
Beras Premium 76,Kopi & Teh,5kg,SKU-01506,65000,75000,10552
Gula Pasir 76,Bumbu Dapur,1kg,SKU-01507,14500,17000,10559
Minyak Goreng 76,Makanan Kaleng,1L,SKU-01508,17000,20000,10566
Susu UHT 76,Perawatan Diri,1L,SKU-01509,18000,22000,10573
Sabun Mandi 76,Kebersihan,100g,SKU-01510,3500,5000,10580
Shampoo 76,Mie Instan,170ml,SKU-01511,18000,23000,10587
Pasta Gigi 76,Minuman,120g,SKU-01512,11000,15000,10594
Biskuit 76,Snack,120g,SKU-01513,6500,9000,10601
Keripik Kentang 76,Sembako,68g,SKU-01514,9000,12000,10608
Sarden Kaleng 76,Susu,155g,SKU-01515,12000,16000,10615
Kecap Manis 76,Kopi & Teh,600ml,SKU-01516,14000,18000,10622
Saus Sambal 76,Bumbu Dapur,335ml,SKU-01517,10000,14000,10629
Tepung Terigu 76,Makanan Kaleng,1kg,SKU-01518,12000,15000,10636
Telur Ayam 76,Perawatan Diri,1kg,SKU-01519,27000,32000,10643
Tisu Wajah 76,Kebersihan,200 sheets,SKU-01520,9000,13000,10650
Indomie Goreng 77,Mie Instan,85g,SKU-01521,2500,3500,10657
Indomie Soto 77,Minuman,75g,SKU-01522,2500,3500,10664
Aqua 77,Snack,600ml,SKU-01523,2500,4000,10671
Teh Botol Sosro 77,Sembako,450ml,SKU-01524,3500,5000,10678
Kopi Kapal Api 77,Susu,65g,SKU-01525,7000,9500,10685
Beras Premium 77,Kopi & Teh,5kg,SKU-01526,65000,75000,10692
Gula Pasir 77,Bumbu Dapur,1kg,SKU-01527,14500,17000,10699
Minyak Goreng 77,Makanan Kaleng,1L,SKU-01528,17000,20000,10706
Susu UHT 77,Perawatan Diri,1L,SKU-01529,18000,22000,10713
Sabun Mandi 77,Kebersihan,100g,SKU-01530,3500,5000,10720
Shampoo 77,Mie Instan,170ml,SKU-01531,18000,23000,10727
Pasta Gigi 77,Minuman,120g,SKU-01532,11000,15000,10734
Biskuit 77,Snack,120g,SKU-01533,6500,9000,10741
Keripik Kentang 77,Sembako,68g,SKU-01534,9000,12000,10748
Sarden Kaleng 77,Susu,155g,SKU-01535,12000,16000,10755
Kecap Manis 77,Kopi & Teh,600ml,SKU-01536,14000,18000,10762
Saus Sambal 77,Bumbu Dapur,335ml,SKU-01537,10000,14000,10769
Tepung Terigu 77,Makanan Kaleng,1kg,SKU-01538,12000,15000,10776
Telur Ayam 77,Perawatan Diri,1kg,SKU-01539,27000,32000,10783
Tisu Wajah 77,Kebersihan,200 sheets,SKU-01540,9000,13000,10790
Indomie Goreng 78,Mie Instan,85g,SKU-01541,2500,3500,10797
Indomie Soto 78,Minuman,75g,SKU-01542,2500,3500,10804
Aqua 78,Snack,600ml,SKU-01543,2500,4000,10811
Teh Botol Sosro 78,Sembako,450ml,SKU-01544,3500,5000,10818
Kopi Kapal Api 78,Susu,65g,SKU-01545,7000,9500,10825
Beras Premium 78,Kopi & Teh,5kg,SKU-01546,65000,75000,10832
Gula Pasir 78,Bumbu Dapur,1kg,SKU-01547,14500,17000,10839
Minyak Goreng 78,Makanan Kaleng,1L,SKU-01548,17000,20000,10846
Susu UHT 78,Perawatan Diri,1L,SKU-01549,18000,22000,10853
Sabun Mandi 78,Kebersihan,100g,SKU-01550,3500,5000,10860
Shampoo 78,Mie Instan,170ml,SKU-01551,18000,23000,10867
Pasta Gigi 78,Minuman,120g,SKU-01552,11000,15000,10874
Biskuit 78,Snack,120g,SKU-01553,6500,9000,10881
Keripik Kentang 78,Sembako,68g,SKU-01554,9000,12000,10888
Sarden Kaleng 78,Susu,155g,SKU-01555,12000,16000,10895
Kecap Manis 78,Kopi & Teh,600ml,SKU-01556,14000,18000,10902
Saus Sambal 78,Bumbu Dapur,335ml,SKU-01557,10000,14000,10909
Tepung Terigu 78,Makanan Kaleng,1kg,SKU-01558,12000,15000,10916
Telur Ayam 78,Perawatan Diri,1kg,SKU-01559,27000,32000,10923
Tisu Wajah 78,Kebersihan,200 sheets,SKU-01560,9000,13000,10930
Indomie Goreng 79,Mie Instan,85g,SKU-01561,2500,3500,10937
Indomie Soto 79,Minuman,75g,SKU-01562,2500,3500,10944
Aqua 79,Snack,600ml,SKU-01563,2500,4000,10951
Teh Botol Sosro 79,Sembako,450ml,SKU-01564,3500,5000,10958
Kopi Kapal Api 79,Susu,65g,SKU-01565,7000,9500,10965
Beras Premium 79,Kopi & Teh,5kg,SKU-01566,65000,75000,10972
Gula Pasir 79,Bumbu Dapur,1kg,SKU-01567,14500,17000,10979
Minyak Goreng 79,Makanan Kaleng,1L,SKU-01568,17000,20000,10986
Susu UHT 79,Perawatan Diri,1L,SKU-01569,18000,22000,10993
Sabun Mandi 79,Kebersihan,100g,SKU-01570,3500,5000,11000
Shampoo 79,Mie Instan,170ml,SKU-01571,18000,23000,11007
Pasta Gigi 79,Minuman,120g,SKU-01572,11000,15000,11014
Biskuit 79,Snack,120g,SKU-01573,6500,9000,11021
Keripik Kentang 79,Sembako,68g,SKU-01574,9000,12000,11028
Sarden Kaleng 79,Susu,155g,SKU-01575,12000,16000,11035
Kecap Manis 79,Kopi & Teh,600ml,SKU-01576,14000,18000,11042
Saus Sambal 79,Bumbu Dapur,335ml,SKU-01577,10000,14000,11049
Tepung Terigu 79,Makanan Kaleng,1kg,SKU-01578,12000,15000,11056
Telur Ayam 79,Perawatan Diri,1kg,SKU-01579,27000,32000,11063
Tisu Wajah 79,Kebersihan,200 sheets,SKU-01580,9000,13000,11070
Indomie Goreng 80,Mie Instan,85g,SKU-01581,2500,3500,11077
Indomie Soto 80,Minuman,75g,SKU-01582,2500,3500,11084
Aqua 80,Snack,600ml,SKU-01583,2500,4000,11091
Teh Botol Sosro 80,Sembako,450ml,SKU-01584,3500,5000,11098
Kopi Kapal Api 80,Susu,65g,SKU-01585,7000,9500,11105
Beras Premium 80,Kopi & Teh,5kg,SKU-01586,65000,75000,11112
Gula Pasir 80,Bumbu Dapur,1kg,SKU-01587,14500,17000,11119
Minyak Goreng 80,Makanan Kaleng,1L,SKU-01588,17000,20000,11126
Susu UHT 80,Perawatan Diri,1L,SKU-01589,18000,22000,11133
Sabun Mandi 80,Kebersihan,100g,SKU-01590,3500,5000,11140
Shampoo 80,Mie Instan,170ml,SKU-01591,18000,23000,11147
Pasta Gigi 80,Minuman,120g,SKU-01592,11000,15000,11154
Biskuit 80,Snack,120g,SKU-01593,6500,9000,11161
Keripik Kentang 80,Sembako,68g,SKU-01594,9000,12000,11168
Sarden Kaleng 80,Susu,155g,SKU-01595,12000,16000,11175
Kecap Manis 80,Kopi & Teh,600ml,SKU-01596,14000,18000,11182
Saus Sambal 80,Bumbu Dapur,335ml,SKU-01597,10000,14000,11189
Tepung Terigu 80,Makanan Kaleng,1kg,SKU-01598,12000,15000,11196
Telur Ayam 80,Perawatan Diri,1kg,SKU-01599,27000,32000,11203
Tisu Wajah 80,Kebersihan,200 sheets,SKU-01600,9000,13000,11210
Indomie Goreng 81,Mie Instan,85g,SKU-01601,2500,3500,11217
Indomie Soto 81,Minuman,75g,SKU-01602,2500,3500,11224
Aqua 81,Snack,600ml,SKU-01603,2500,4000,11231
Teh Botol Sosro 81,Sembako,450ml,SKU-01604,3500,5000,11238
Kopi Kapal Api 81,Susu,65g,SKU-01605,7000,9500,11245
Beras Premium 81,Kopi & Teh,5kg,SKU-01606,65000,75000,11252
Gula Pasir 81,Bumbu Dapur,1kg,SKU-01607,14500,17000,11259
Minyak Goreng 81,Makanan Kaleng,1L,SKU-01608,17000,20000,11266
Susu UHT 81,Perawatan Diri,1L,SKU-01609,18000,22000,11273
Sabun Mandi 81,Kebersihan,100g,SKU-01610,3500,5000,11280
Shampoo 81,Mie Instan,170ml,SKU-01611,18000,23000,11287
Pasta Gigi 81,Minuman,120g,SKU-01612,11000,15000,11294
Biskuit 81,Snack,120g,SKU-01613,6500,9000,11301
Keripik Kentang 81,Sembako,68g,SKU-01614,9000,12000,11308
Sarden Kaleng 81,Susu,155g,SKU-01615,12000,16000,11315
Kecap Manis 81,Kopi & Teh,600ml,SKU-01616,14000,18000,11322
Saus Sambal 81,Bumbu Dapur,335ml,SKU-01617,10000,14000,11329
Tepung Terigu 81,Makanan Kaleng,1kg,SKU-01618,12000,15000,11336
Telur Ayam 81,Perawatan Diri,1kg,SKU-01619,27000,32000,11343
Tisu Wajah 81,Kebersihan,200 sheets,SKU-01620,9000,13000,11350
Indomie Goreng 82,Mie Instan,85g,SKU-01621,2500,3500,11357
Indomie Soto 82,Minuman,75g,SKU-01622,2500,3500,11364
Aqua 82,Snack,600ml,SKU-01623,2500,4000,11371
Teh Botol Sosro 82,Sembako,450ml,SKU-01624,3500,5000,11378
Kopi Kapal Api 82,Susu,65g,SKU-01625,7000,9500,11385
Beras Premium 82,Kopi & Teh,5kg,SKU-01626,65000,75000,11392
Gula Pasir 82,Bumbu Dapur,1kg,SKU-01627,14500,17000,11399
Minyak Goreng 82,Makanan Kaleng,1L,SKU-01628,17000,20000,11406
Susu UHT 82,Perawatan Diri,1L,SKU-01629,18000,22000,11413
Sabun Mandi 82,Kebersihan,100g,SKU-01630,3500,5000,11420
Shampoo 82,Mie Instan,170ml,SKU-01631,18000,23000,11427
Pasta Gigi 82,Minuman,120g,SKU-01632,11000,15000,11434
Biskuit 82,Snack,120g,SKU-01633,6500,9000,11441
Keripik Kentang 82,Sembako,68g,SKU-01634,9000,12000,11448
Sarden Kaleng 82,Susu,155g,SKU-01635,12000,16000,11455
Kecap Manis 82,Kopi & Teh,600ml,SKU-01636,14000,18000,11462
Saus Sambal 82,Bumbu Dapur,335ml,SKU-01637,10000,14000,11469
Tepung Terigu 82,Makanan Kaleng,1kg,SKU-01638,12000,15000,11476
Telur Ayam 82,Perawatan Diri,1kg,SKU-01639,27000,32000,11483
Tisu Wajah 82,Kebersihan,200 sheets,SKU-01640,9000,13000,11490
Indomie Goreng 83,Mie Instan,85g,SKU-01641,2500,3500,11497
Indomie Soto 83,Minuman,75g,SKU-01642,2500,3500,11504
Aqua 83,Snack,600ml,SKU-01643,2500,4000,11511
Teh Botol Sosro 83,Sembako,450ml,SKU-01644,3500,5000,11518
Kopi Kapal Api 83,Susu,65g,SKU-01645,7000,9500,11525
Beras Premium 83,Kopi & Teh,5kg,SKU-01646,65000,75000,11532
Gula Pasir 83,Bumbu Dapur,1kg,SKU-01647,14500,17000,11539
Minyak Goreng 83,Makanan Kaleng,1L,SKU-01648,17000,20000,11546
Susu UHT 83,Perawatan Diri,1L,SKU-01649,18000,22000,11553
Sabun Mandi 83,Kebersihan,100g,SKU-01650,3500,5000,11560
Shampoo 83,Mie Instan,170ml,SKU-01651,18000,23000,11567
Pasta Gigi 83,Minuman,120g,SKU-01652,11000,15000,11574
Biskuit 83,Snack,120g,SKU-01653,6500,9000,11581
Keripik Kentang 83,Sembako,68g,SKU-01654,9000,12000,11588
Sarden Kaleng 83,Susu,155g,SKU-01655,12000,16000,11595
Kecap Manis 83,Kopi & Teh,600ml,SKU-01656,14000,18000,11602
Saus Sambal 83,Bumbu Dapur,335ml,SKU-01657,10000,14000,11609
Tepung Terigu 83,Makanan Kaleng,1kg,SKU-01658,12000,15000,11616
Telur Ayam 83,Perawatan Diri,1kg,SKU-01659,27000,32000,11623
Tisu Wajah 83,Kebersihan,200 sheets,SKU-01660,9000,13000,11630
Indomie Goreng 84,Mie Instan,85g,SKU-01661,2500,3500,11637
Indomie Soto 84,Minuman,75g,SKU-01662,2500,3500,11644
Aqua 84,Snack,600ml,SKU-01663,2500,4000,11651
Teh Botol Sosro 84,Sembako,450ml,SKU-01664,3500,5000,11658
Kopi Kapal Api 84,Susu,65g,SKU-01665,7000,9500,11665
Beras Premium 84,Kopi & Teh,5kg,SKU-01666,65000,75000,11672
Gula Pasir 84,Bumbu Dapur,1kg,SKU-01667,14500,17000,11679
Minyak Goreng 84,Makanan Kaleng,1L,SKU-01668,17000,20000,11686
Susu UHT 84,Perawatan Diri,1L,SKU-01669,18000,22000,11693
Sabun Mandi 84,Kebersihan,100g,SKU-01670,3500,5000,11700
Shampoo 84,Mie Instan,170ml,SKU-01671,18000,23000,11707
Pasta Gigi 84,Minuman,120g,SKU-01672,11000,15000,11714
Biskuit 84,Snack,120g,SKU-01673,6500,9000,11721
Keripik Kentang 84,Sembako,68g,SKU-01674,9000,12000,11728
Sarden Kaleng 84,Susu,155g,SKU-01675,12000,16000,11735
Kecap Manis 84,Kopi & Teh,600ml,SKU-01676,14000,18000,11742
Saus Sambal 84,Bumbu Dapur,335ml,SKU-01677,10000,14000,11749
Tepung Terigu 84,Makanan Kaleng,1kg,SKU-01678,12000,15000,11756
Telur Ayam 84,Perawatan Diri,1kg,SKU-01679,27000,32000,11763
Tisu Wajah 84,Kebersihan,200 sheets,SKU-01680,9000,13000,11770
Indomie Goreng 85,Mie Instan,85g,SKU-01681,2500,3500,11777
Indomie Soto 85,Minuman,75g,SKU-01682,2500,3500,11784
Aqua 85,Snack,600ml,SKU-01683,2500,4000,11791
Teh Botol Sosro 85,Sembako,450ml,SKU-01684,3500,5000,11798
Kopi Kapal Api 85,Susu,65g,SKU-01685,7000,9500,11805
Beras Premium 85,Kopi & Teh,5kg,SKU-01686,65000,75000,11812
Gula Pasir 85,Bumbu Dapur,1kg,SKU-01687,14500,17000,11819
Minyak Goreng 85,Makanan Kaleng,1L,SKU-01688,17000,20000,11826
Susu UHT 85,Perawatan Diri,1L,SKU-01689,18000,22000,11833
Sabun Mandi 85,Kebersihan,100g,SKU-01690,3500,5000,11840
Shampoo 85,Mie Instan,170ml,SKU-01691,18000,23000,11847
Pasta Gigi 85,Minuman,120g,SKU-01692,11000,15000,11854
Biskuit 85,Snack,120g,SKU-01693,6500,9000,11861
Keripik Kentang 85,Sembako,68g,SKU-01694,9000,12000,11868
Sarden Kaleng 85,Susu,155g,SKU-01695,12000,16000,11875
Kecap Manis 85,Kopi & Teh,600ml,SKU-01696,14000,18000,11882
Saus Sambal 85,Bumbu Dapur,335ml,SKU-01697,10000,14000,11889
Tepung Terigu 85,Makanan Kaleng,1kg,SKU-01698,12000,15000,11896
Telur Ayam 85,Perawatan Diri,1kg,SKU-01699,27000,32000,11903
Tisu Wajah 85,Kebersihan,200 sheets,SKU-01700,9000,13000,11910
Indomie Goreng 86,Mie Instan,85g,SKU-01701,2500,3500,11917
Indomie Soto 86,Minuman,75g,SKU-01702,2500,3500,11924
Aqua 86,Snack,600ml,SKU-01703,2500,4000,11931
Teh Botol Sosro 86,Sembako,450ml,SKU-01704,3500,5000,11938
Kopi Kapal Api 86,Susu,65g,SKU-01705,7000,9500,11945
Beras Premium 86,Kopi & Teh,5kg,SKU-01706,65000,75000,11952
Gula Pasir 86,Bumbu Dapur,1kg,SKU-01707,14500,17000,11959
Minyak Goreng 86,Makanan Kaleng,1L,SKU-01708,17000,20000,11966
Susu UHT 86,Perawatan Diri,1L,SKU-01709,18000,22000,11973
Sabun Mandi 86,Kebersihan,100g,SKU-01710,3500,5000,11980
Shampoo 86,Mie Instan,170ml,SKU-01711,18000,23000,11987
Pasta Gigi 86,Minuman,120g,SKU-01712,11000,15000,11994
Biskuit 86,Snack,120g,SKU-01713,6500,9000,12001
Keripik Kentang 86,Sembako,68g,SKU-01714,9000,12000,12008
Sarden Kaleng 86,Susu,155g,SKU-01715,12000,16000,12015
Kecap Manis 86,Kopi & Teh,600ml,SKU-01716,14000,18000,12022
Saus Sambal 86,Bumbu Dapur,335ml,SKU-01717,10000,14000,12029
Tepung Terigu 86,Makanan Kaleng,1kg,SKU-01718,12000,15000,12036
Telur Ayam 86,Perawatan Diri,1kg,SKU-01719,27000,32000,12043
Tisu Wajah 86,Kebersihan,200 sheets,SKU-01720,9000,13000,12050
Indomie Goreng 87,Mie Instan,85g,SKU-01721,2500,3500,12057
Indomie Soto 87,Minuman,75g,SKU-01722,2500,3500,12064
Aqua 87,Snack,600ml,SKU-01723,2500,4000,12071
Teh Botol Sosro 87,Sembako,450ml,SKU-01724,3500,5000,12078
Kopi Kapal Api 87,Susu,65g,SKU-01725,7000,9500,12085
Beras Premium 87,Kopi & Teh,5kg,SKU-01726,65000,75000,12092
Gula Pasir 87,Bumbu Dapur,1kg,SKU-01727,14500,17000,12099
Minyak Goreng 87,Makanan Kaleng,1L,SKU-01728,17000,20000,12106
Susu UHT 87,Perawatan Diri,1L,SKU-01729,18000,22000,12113
Sabun Mandi 87,Kebersihan,100g,SKU-01730,3500,5000,12120
Shampoo 87,Mie Instan,170ml,SKU-01731,18000,23000,12127
Pasta Gigi 87,Minuman,120g,SKU-01732,11000,15000,12134
Biskuit 87,Snack,120g,SKU-01733,6500,9000,12141
Keripik Kentang 87,Sembako,68g,SKU-01734,9000,12000,12148
Sarden Kaleng 87,Susu,155g,SKU-01735,12000,16000,12155
Kecap Manis 87,Kopi & Teh,600ml,SKU-01736,14000,18000,12162
Saus Sambal 87,Bumbu Dapur,335ml,SKU-01737,10000,14000,12169
Tepung Terigu 87,Makanan Kaleng,1kg,SKU-01738,12000,15000,12176
Telur Ayam 87,Perawatan Diri,1kg,SKU-01739,27000,32000,12183
Tisu Wajah 87,Kebersihan,200 sheets,SKU-01740,9000,13000,12190
Indomie Goreng 88,Mie Instan,85g,SKU-01741,2500,3500,12197
Indomie Soto 88,Minuman,75g,SKU-01742,2500,3500,12204
Aqua 88,Snack,600ml,SKU-01743,2500,4000,12211
Teh Botol Sosro 88,Sembako,450ml,SKU-01744,3500,5000,12218
Kopi Kapal Api 88,Susu,65g,SKU-01745,7000,9500,12225
Beras Premium 88,Kopi & Teh,5kg,SKU-01746,65000,75000,12232
Gula Pasir 88,Bumbu Dapur,1kg,SKU-01747,14500,17000,12239
Minyak Goreng 88,Makanan Kaleng,1L,SKU-01748,17000,20000,12246
Susu UHT 88,Perawatan Diri,1L,SKU-01749,18000,22000,12253
Sabun Mandi 88,Kebersihan,100g,SKU-01750,3500,5000,12260
Shampoo 88,Mie Instan,170ml,SKU-01751,18000,23000,12267
Pasta Gigi 88,Minuman,120g,SKU-01752,11000,15000,12274
Biskuit 88,Snack,120g,SKU-01753,6500,9000,12281
Keripik Kentang 88,Sembako,68g,SKU-01754,9000,12000,12288
Sarden Kaleng 88,Susu,155g,SKU-01755,12000,16000,12295
Kecap Manis 88,Kopi & Teh,600ml,SKU-01756,14000,18000,12302
Saus Sambal 88,Bumbu Dapur,335ml,SKU-01757,10000,14000,12309
Tepung Terigu 88,Makanan Kaleng,1kg,SKU-01758,12000,15000,12316
Telur Ayam 88,Perawatan Diri,1kg,SKU-01759,27000,32000,12323
Tisu Wajah 88,Kebersihan,200 sheets,SKU-01760,9000,13000,12330
Indomie Goreng 89,Mie Instan,85g,SKU-01761,2500,3500,12337
Indomie Soto 89,Minuman,75g,SKU-01762,2500,3500,12344
Aqua 89,Snack,600ml,SKU-01763,2500,4000,12351
Teh Botol Sosro 89,Sembako,450ml,SKU-01764,3500,5000,12358
Kopi Kapal Api 89,Susu,65g,SKU-01765,7000,9500,12365
Beras Premium 89,Kopi & Teh,5kg,SKU-01766,65000,75000,12372
Gula Pasir 89,Bumbu Dapur,1kg,SKU-01767,14500,17000,12379
Minyak Goreng 89,Makanan Kaleng,1L,SKU-01768,17000,20000,12386
Susu UHT 89,Perawatan Diri,1L,SKU-01769,18000,22000,12393
Sabun Mandi 89,Kebersihan,100g,SKU-01770,3500,5000,12400
Shampoo 89,Mie Instan,170ml,SKU-01771,18000,23000,12407
Pasta Gigi 89,Minuman,120g,SKU-01772,11000,15000,12414
Biskuit 89,Snack,120g,SKU-01773,6500,9000,12421
Keripik Kentang 89,Sembako,68g,SKU-01774,9000,12000,12428
Sarden Kaleng 89,Susu,155g,SKU-01775,12000,16000,12435
Kecap Manis 89,Kopi & Teh,600ml,SKU-01776,14000,18000,12442
Saus Sambal 89,Bumbu Dapur,335ml,SKU-01777,10000,14000,12449
Tepung Terigu 89,Makanan Kaleng,1kg,SKU-01778,12000,15000,12456
Telur Ayam 89,Perawatan Diri,1kg,SKU-01779,27000,32000,12463
Tisu Wajah 89,Kebersihan,200 sheets,SKU-01780,9000,13000,12470
Indomie Goreng 90,Mie Instan,85g,SKU-01781,2500,3500,12477
Indomie Soto 90,Minuman,75g,SKU-01782,2500,3500,12484
Aqua 90,Snack,600ml,SKU-01783,2500,4000,12491
Teh Botol Sosro 90,Sembako,450ml,SKU-01784,3500,5000,12498
Kopi Kapal Api 90,Susu,65g,SKU-01785,7000,9500,12505
Beras Premium 90,Kopi & Teh,5kg,SKU-01786,65000,75000,12512
Gula Pasir 90,Bumbu Dapur,1kg,SKU-01787,14500,17000,12519
Minyak Goreng 90,Makanan Kaleng,1L,SKU-01788,17000,20000,12526
Susu UHT 90,Perawatan Diri,1L,SKU-01789,18000,22000,12533
Sabun Mandi 90,Kebersihan,100g,SKU-01790,3500,5000,12540
Shampoo 90,Mie Instan,170ml,SKU-01791,18000,23000,12547
Pasta Gigi 90,Minuman,120g,SKU-01792,11000,15000,12554
Biskuit 90,Snack,120g,SKU-01793,6500,9000,12561
Keripik Kentang 90,Sembako,68g,SKU-01794,9000,12000,12568
Sarden Kaleng 90,Susu,155g,SKU-01795,12000,16000,12575
Kecap Manis 90,Kopi & Teh,600ml,SKU-01796,14000,18000,12582
Saus Sambal 90,Bumbu Dapur,335ml,SKU-01797,10000,14000,12589
Tepung Terigu 90,Makanan Kaleng,1kg,SKU-01798,12000,15000,12596
Telur Ayam 90,Perawatan Diri,1kg,SKU-01799,27000,32000,12603
Tisu Wajah 90,Kebersihan,200 sheets,SKU-01800,9000,13000,12610
Indomie Goreng 91,Mie Instan,85g,SKU-01801,2500,3500,12617
Indomie Soto 91,Minuman,75g,SKU-01802,2500,3500,12624
Aqua 91,Snack,600ml,SKU-01803,2500,4000,12631
Teh Botol Sosro 91,Sembako,450ml,SKU-01804,3500,5000,12638
Kopi Kapal Api 91,Susu,65g,SKU-01805,7000,9500,12645
Beras Premium 91,Kopi & Teh,5kg,SKU-01806,65000,75000,12652
Gula Pasir 91,Bumbu Dapur,1kg,SKU-01807,14500,17000,12659
Minyak Goreng 91,Makanan Kaleng,1L,SKU-01808,17000,20000,12666
Susu UHT 91,Perawatan Diri,1L,SKU-01809,18000,22000,12673
Sabun Mandi 91,Kebersihan,100g,SKU-01810,3500,5000,12680
Shampoo 91,Mie Instan,170ml,SKU-01811,18000,23000,12687
Pasta Gigi 91,Minuman,120g,SKU-01812,11000,15000,12694
Biskuit 91,Snack,120g,SKU-01813,6500,9000,12701
Keripik Kentang 91,Sembako,68g,SKU-01814,9000,12000,12708
Sarden Kaleng 91,Susu,155g,SKU-01815,12000,16000,12715
Kecap Manis 91,Kopi & Teh,600ml,SKU-01816,14000,18000,12722
Saus Sambal 91,Bumbu Dapur,335ml,SKU-01817,10000,14000,12729
Tepung Terigu 91,Makanan Kaleng,1kg,SKU-01818,12000,15000,12736
Telur Ayam 91,Perawatan Diri,1kg,SKU-01819,27000,32000,12743
Tisu Wajah 91,Kebersihan,200 sheets,SKU-01820,9000,13000,12750
Indomie Goreng 92,Mie Instan,85g,SKU-01821,2500,3500,12757
Indomie Soto 92,Minuman,75g,SKU-01822,2500,3500,12764
Aqua 92,Snack,600ml,SKU-01823,2500,4000,12771
Teh Botol Sosro 92,Sembako,450ml,SKU-01824,3500,5000,12778
Kopi Kapal Api 92,Susu,65g,SKU-01825,7000,9500,12785
Beras Premium 92,Kopi & Teh,5kg,SKU-01826,65000,75000,12792
Gula Pasir 92,Bumbu Dapur,1kg,SKU-01827,14500,17000,12799
Minyak Goreng 92,Makanan Kaleng,1L,SKU-01828,17000,20000,12806
Susu UHT 92,Perawatan Diri,1L,SKU-01829,18000,22000,12813
Sabun Mandi 92,Kebersihan,100g,SKU-01830,3500,5000,12820
Shampoo 92,Mie Instan,170ml,SKU-01831,18000,23000,12827
Pasta Gigi 92,Minuman,120g,SKU-01832,11000,15000,12834
Biskuit 92,Snack,120g,SKU-01833,6500,9000,12841
Keripik Kentang 92,Sembako,68g,SKU-01834,9000,12000,12848
Sarden Kaleng 92,Susu,155g,SKU-01835,12000,16000,12855
Kecap Manis 92,Kopi & Teh,600ml,SKU-01836,14000,18000,12862
Saus Sambal 92,Bumbu Dapur,335ml,SKU-01837,10000,14000,12869
Tepung Terigu 92,Makanan Kaleng,1kg,SKU-01838,12000,15000,12876
Telur Ayam 92,Perawatan Diri,1kg,SKU-01839,27000,32000,12883
Tisu Wajah 92,Kebersihan,200 sheets,SKU-01840,9000,13000,12890
Indomie Goreng 93,Mie Instan,85g,SKU-01841,2500,3500,12897
Indomie Soto 93,Minuman,75g,SKU-01842,2500,3500,12904
Aqua 93,Snack,600ml,SKU-01843,2500,4000,12911
Teh Botol Sosro 93,Sembako,450ml,SKU-01844,3500,5000,12918
Kopi Kapal Api 93,Susu,65g,SKU-01845,7000,9500,12925
Beras Premium 93,Kopi & Teh,5kg,SKU-01846,65000,75000,12932
Gula Pasir 93,Bumbu Dapur,1kg,SKU-01847,14500,17000,12939
Minyak Goreng 93,Makanan Kaleng,1L,SKU-01848,17000,20000,12946
Susu UHT 93,Perawatan Diri,1L,SKU-01849,18000,22000,12953
Sabun Mandi 93,Kebersihan,100g,SKU-01850,3500,5000,12960
Shampoo 93,Mie Instan,170ml,SKU-01851,18000,23000,12967
Pasta Gigi 93,Minuman,120g,SKU-01852,11000,15000,12974
Biskuit 93,Snack,120g,SKU-01853,6500,9000,12981
Keripik Kentang 93,Sembako,68g,SKU-01854,9000,12000,12988
Sarden Kaleng 93,Susu,155g,SKU-01855,12000,16000,12995
Kecap Manis 93,Kopi & Teh,600ml,SKU-01856,14000,18000,13002
Saus Sambal 93,Bumbu Dapur,335ml,SKU-01857,10000,14000,13009
Tepung Terigu 93,Makanan Kaleng,1kg,SKU-01858,12000,15000,13016
Telur Ayam 93,Perawatan Diri,1kg,SKU-01859,27000,32000,13023
Tisu Wajah 93,Kebersihan,200 sheets,SKU-01860,9000,13000,13030
Indomie Goreng 94,Mie Instan,85g,SKU-01861,2500,3500,13037
Indomie Soto 94,Minuman,75g,SKU-01862,2500,3500,13044
Aqua 94,Snack,600ml,SKU-01863,2500,4000,13051
Teh Botol Sosro 94,Sembako,450ml,SKU-01864,3500,5000,13058
Kopi Kapal Api 94,Susu,65g,SKU-01865,7000,9500,13065
Beras Premium 94,Kopi & Teh,5kg,SKU-01866,65000,75000,13072
Gula Pasir 94,Bumbu Dapur,1kg,SKU-01867,14500,17000,13079
Minyak Goreng 94,Makanan Kaleng,1L,SKU-01868,17000,20000,13086
Susu UHT 94,Perawatan Diri,1L,SKU-01869,18000,22000,13093
Sabun Mandi 94,Kebersihan,100g,SKU-01870,3500,5000,13100
Shampoo 94,Mie Instan,170ml,SKU-01871,18000,23000,13107
Pasta Gigi 94,Minuman,120g,SKU-01872,11000,15000,13114
Biskuit 94,Snack,120g,SKU-01873,6500,9000,13121
Keripik Kentang 94,Sembako,68g,SKU-01874,9000,12000,13128
Sarden Kaleng 94,Susu,155g,SKU-01875,12000,16000,13135
Kecap Manis 94,Kopi & Teh,600ml,SKU-01876,14000,18000,13142
Saus Sambal 94,Bumbu Dapur,335ml,SKU-01877,10000,14000,13149
Tepung Terigu 94,Makanan Kaleng,1kg,SKU-01878,12000,15000,13156
Telur Ayam 94,Perawatan Diri,1kg,SKU-01879,27000,32000,13163
Tisu Wajah 94,Kebersihan,200 sheets,SKU-01880,9000,13000,13170
Indomie Goreng 95,Mie Instan,85g,SKU-01881,2500,3500,13177
Indomie Soto 95,Minuman,75g,SKU-01882,2500,3500,13184
Aqua 95,Snack,600ml,SKU-01883,2500,4000,13191
Teh Botol Sosro 95,Sembako,450ml,SKU-01884,3500,5000,13198
Kopi Kapal Api 95,Susu,65g,SKU-01885,7000,9500,13205
Beras Premium 95,Kopi & Teh,5kg,SKU-01886,65000,75000,13212
Gula Pasir 95,Bumbu Dapur,1kg,SKU-01887,14500,17000,13219
Minyak Goreng 95,Makanan Kaleng,1L,SKU-01888,17000,20000,13226
Susu UHT 95,Perawatan Diri,1L,SKU-01889,18000,22000,13233
Sabun Mandi 95,Kebersihan,100g,SKU-01890,3500,5000,13240
Shampoo 95,Mie Instan,170ml,SKU-01891,18000,23000,13247
Pasta Gigi 95,Minuman,120g,SKU-01892,11000,15000,13254
Biskuit 95,Snack,120g,SKU-01893,6500,9000,13261
Keripik Kentang 95,Sembako,68g,SKU-01894,9000,12000,13268
Sarden Kaleng 95,Susu,155g,SKU-01895,12000,16000,13275
Kecap Manis 95,Kopi & Teh,600ml,SKU-01896,14000,18000,13282
Saus Sambal 95,Bumbu Dapur,335ml,SKU-01897,10000,14000,13289
Tepung Terigu 95,Makanan Kaleng,1kg,SKU-01898,12000,15000,13296
Telur Ayam 95,Perawatan Diri,1kg,SKU-01899,27000,32000,13303
Tisu Wajah 95,Kebersihan,200 sheets,SKU-01900,9000,13000,13310
Indomie Goreng 96,Mie Instan,85g,SKU-01901,2500,3500,13317
Indomie Soto 96,Minuman,75g,SKU-01902,2500,3500,13324
Aqua 96,Snack,600ml,SKU-01903,2500,4000,13331
Teh Botol Sosro 96,Sembako,450ml,SKU-01904,3500,5000,13338
Kopi Kapal Api 96,Susu,65g,SKU-01905,7000,9500,13345
Beras Premium 96,Kopi & Teh,5kg,SKU-01906,65000,75000,13352
Gula Pasir 96,Bumbu Dapur,1kg,SKU-01907,14500,17000,13359
Minyak Goreng 96,Makanan Kaleng,1L,SKU-01908,17000,20000,13366
Susu UHT 96,Perawatan Diri,1L,SKU-01909,18000,22000,13373
Sabun Mandi 96,Kebersihan,100g,SKU-01910,3500,5000,13380
Shampoo 96,Mie Instan,170ml,SKU-01911,18000,23000,13387
Pasta Gigi 96,Minuman,120g,SKU-01912,11000,15000,13394
Biskuit 96,Snack,120g,SKU-01913,6500,9000,13401
Keripik Kentang 96,Sembako,68g,SKU-01914,9000,12000,13408
Sarden Kaleng 96,Susu,155g,SKU-01915,12000,16000,13415
Kecap Manis 96,Kopi & Teh,600ml,SKU-01916,14000,18000,13422
Saus Sambal 96,Bumbu Dapur,335ml,SKU-01917,10000,14000,13429
Tepung Terigu 96,Makanan Kaleng,1kg,SKU-01918,12000,15000,13436
Telur Ayam 96,Perawatan Diri,1kg,SKU-01919,27000,32000,13443
Tisu Wajah 96,Kebersihan,200 sheets,SKU-01920,9000,13000,13450
Indomie Goreng 97,Mie Instan,85g,SKU-01921,2500,3500,13457
Indomie Soto 97,Minuman,75g,SKU-01922,2500,3500,13464
Aqua 97,Snack,600ml,SKU-01923,2500,4000,13471
Teh Botol Sosro 97,Sembako,450ml,SKU-01924,3500,5000,13478
Kopi Kapal Api 97,Susu,65g,SKU-01925,7000,9500,13485
Beras Premium 97,Kopi & Teh,5kg,SKU-01926,65000,75000,13492
Gula Pasir 97,Bumbu Dapur,1kg,SKU-01927,14500,17000,13499
Minyak Goreng 97,Makanan Kaleng,1L,SKU-01928,17000,20000,13506
Susu UHT 97,Perawatan Diri,1L,SKU-01929,18000,22000,13513
Sabun Mandi 97,Kebersihan,100g,SKU-01930,3500,5000,13520
Shampoo 97,Mie Instan,170ml,SKU-01931,18000,23000,13527
Pasta Gigi 97,Minuman,120g,SKU-01932,11000,15000,13534
Biskuit 97,Snack,120g,SKU-01933,6500,9000,13541
Keripik Kentang 97,Sembako,68g,SKU-01934,9000,12000,13548
Sarden Kaleng 97,Susu,155g,SKU-01935,12000,16000,13555
Kecap Manis 97,Kopi & Teh,600ml,SKU-01936,14000,18000,13562
Saus Sambal 97,Bumbu Dapur,335ml,SKU-01937,10000,14000,13569
Tepung Terigu 97,Makanan Kaleng,1kg,SKU-01938,12000,15000,13576
Telur Ayam 97,Perawatan Diri,1kg,SKU-01939,27000,32000,13583
Tisu Wajah 97,Kebersihan,200 sheets,SKU-01940,9000,13000,13590
Indomie Goreng 98,Mie Instan,85g,SKU-01941,2500,3500,13597
Indomie Soto 98,Minuman,75g,SKU-01942,2500,3500,13604
Aqua 98,Snack,600ml,SKU-01943,2500,4000,13611
Teh Botol Sosro 98,Sembako,450ml,SKU-01944,3500,5000,13618
Kopi Kapal Api 98,Susu,65g,SKU-01945,7000,9500,13625
Beras Premium 98,Kopi & Teh,5kg,SKU-01946,65000,75000,13632
Gula Pasir 98,Bumbu Dapur,1kg,SKU-01947,14500,17000,13639
Minyak Goreng 98,Makanan Kaleng,1L,SKU-01948,17000,20000,13646
Susu UHT 98,Perawatan Diri,1L,SKU-01949,18000,22000,13653
Sabun Mandi 98,Kebersihan,100g,SKU-01950,3500,5000,13660
Shampoo 98,Mie Instan,170ml,SKU-01951,18000,23000,13667
Pasta Gigi 98,Minuman,120g,SKU-01952,11000,15000,13674
Biskuit 98,Snack,120g,SKU-01953,6500,9000,13681
Keripik Kentang 98,Sembako,68g,SKU-01954,9000,12000,13688
Sarden Kaleng 98,Susu,155g,SKU-01955,12000,16000,13695
Kecap Manis 98,Kopi & Teh,600ml,SKU-01956,14000,18000,13702
Saus Sambal 98,Bumbu Dapur,335ml,SKU-01957,10000,14000,13709
Tepung Terigu 98,Makanan Kaleng,1kg,SKU-01958,12000,15000,13716
Telur Ayam 98,Perawatan Diri,1kg,SKU-01959,27000,32000,13723
Tisu Wajah 98,Kebersihan,200 sheets,SKU-01960,9000,13000,13730
Indomie Goreng 99,Mie Instan,85g,SKU-01961,2500,3500,13737
Indomie Soto 99,Minuman,75g,SKU-01962,2500,3500,13744
Aqua 99,Snack,600ml,SKU-01963,2500,4000,13751
Teh Botol Sosro 99,Sembako,450ml,SKU-01964,3500,5000,13758
Kopi Kapal Api 99,Susu,65g,SKU-01965,7000,9500,13765
Beras Premium 99,Kopi & Teh,5kg,SKU-01966,65000,75000,13772
Gula Pasir 99,Bumbu Dapur,1kg,SKU-01967,14500,17000,13779
Minyak Goreng 99,Makanan Kaleng,1L,SKU-01968,17000,20000,13786
Susu UHT 99,Perawatan Diri,1L,SKU-01969,18000,22000,13793
Sabun Mandi 99,Kebersihan,100g,SKU-01970,3500,5000,13800
Shampoo 99,Mie Instan,170ml,SKU-01971,18000,23000,13807
Pasta Gigi 99,Minuman,120g,SKU-01972,11000,15000,13814
Biskuit 99,Snack,120g,SKU-01973,6500,9000,13821
Keripik Kentang 99,Sembako,68g,SKU-01974,9000,12000,13828
Sarden Kaleng 99,Susu,155g,SKU-01975,12000,16000,13835
Kecap Manis 99,Kopi & Teh,600ml,SKU-01976,14000,18000,13842
Saus Sambal 99,Bumbu Dapur,335ml,SKU-01977,10000,14000,13849
Tepung Terigu 99,Makanan Kaleng,1kg,SKU-01978,12000,15000,13856
Telur Ayam 99,Perawatan Diri,1kg,SKU-01979,27000,32000,13863
Tisu Wajah 99,Kebersihan,200 sheets,SKU-01980,9000,13000,13870
Indomie Goreng 100,Mie Instan,85g,SKU-01981,2500,3500,13877
Indomie Soto 100,Minuman,75g,SKU-01982,2500,3500,13884
Aqua 100,Snack,600ml,SKU-01983,2500,4000,13891
Teh Botol Sosro 100,Sembako,450ml,SKU-01984,3500,5000,13898
Kopi Kapal Api 100,Susu,65g,SKU-01985,7000,9500,13905
Beras Premium 100,Kopi & Teh,5kg,SKU-01986,65000,75000,13912
Gula Pasir 100,Bumbu Dapur,1kg,SKU-01987,14500,17000,13919
Minyak Goreng 100,Makanan Kaleng,1L,SKU-01988,17000,20000,13926
Susu UHT 100,Perawatan Diri,1L,SKU-01989,18000,22000,13933
Sabun Mandi 100,Kebersihan,100g,SKU-01990,3500,5000,13940
Shampoo 100,Mie Instan,170ml,SKU-01991,18000,23000,13947
Pasta Gigi 100,Minuman,120g,SKU-01992,11000,15000,13954
Biskuit 100,Snack,120g,SKU-01993,6500,9000,13961
Keripik Kentang 100,Sembako,68g,SKU-01994,9000,12000,13968
Sarden Kaleng 100,Susu,155g,SKU-01995,12000,16000,13975
Kecap Manis 100,Kopi & Teh,600ml,SKU-01996,14000,18000,13982
Saus Sambal 100,Bumbu Dapur,335ml,SKU-01997,10000,14000,13989
Tepung Terigu 100,Makanan Kaleng,1kg,SKU-01998,12000,15000,13996
Telur Ayam 100,Perawatan Diri,1kg,SKU-01999,27000,32000,14003
Tisu Wajah 100,Kebersihan,200 sheets,SKU-02000,9000,13000,14010
